Event Index,UTC Timestamp,UTC Date and Time,Local Timestamp,Local Timezone,Local Date and Time,Experiment ID,Experiment Version,Tree Node Key,Repeat Key,Schedule ID,Participant Public ID,Participant Private ID,Participant Starting Group,Participant Status,Participant Completion Code,Participant External Session ID,Participant Device Type,Participant Device,Participant OS,Participant Browser,Participant Monitor Size,Participant Viewport Size,Checkpoint,Room ID,Room Order,Task Name,Task Version,counterbalance-gj4p,branch-67ii,Manipulation: Spreadsheet,Current Spreadsheet,Trial Number,Display,Screen,Screen ID,Screen Counter,Response Type,Response,Context,Onset Time,Clock Time,Reaction Time,Absolute Onset Time,Absolute Clock Time,Absolute Reaction Time,Correct,Response Duration,Proportion,Tag,Component Name,Object Name,Object Number,Object ID,Spreadsheet: display,Spreadsheet: word,Spreadsheet: stim,Spreadsheet: step,Spreadsheet: list,Spreadsheet: left,Spreadsheet: right,Spreadsheet: progress,Spreadsheet: randomized_trial,Spreadsheet: type,Spreadsheet: condition,Spreadsheet: VOT,Spreadsheet: center,Spreadsheet: block,Spreadsheet: label,Spreadsheet: session,Spreadsheet: stage,Spreadsheet: progress_bar,Spreadsheet: word_display,Spreadsheet: trial_type,Spreadsheet: list_LSQ_variant,Spreadsheet: blockID,Spreadsheet: mean,Spreadsheet: sd,Spreadsheet: option_setup,Spreadsheet: token_category,Store: target
1,1784152800757,15/07/2026 22:00:00,1784152800757,-7,15/07/2026 15:00:00,269901,13,task-pkec,repeat-7r7d#1,57237405,,16361732,,complete,,,computer,Desktop or Laptop,Mac OS 10.15,Firefox 150.0,1470x956,1470x810,,,0,Phonetic categorization,25,full_List_10,pass,$${overridespreadsheet},$${overridespreadsheet},,,,,,info,BEGIN,,,,,,,,0,,,,,,,,,,,,,,,,,,,,,,,,,,,,,,,,,,
2,1784152813349,15/07/2026 22:00:13,1784152813349,-7,15/07/2026 15:00:13,269901,13,task-pkec,repeat-7r7d#1,57237405,,16361732,,complete,,,computer,Desktop or Laptop,Mac OS 10.15,Firefox 150.0,1470x956,1470x810,,,0,Phonetic categorization,25,full_List_10,pass,$${overridespreadsheet},full_List_10,1,instructions,Screen 3,cxtnmn,1,continue,,,8696.16,8683.34,8696.16,8696.16,8683.34,8696.16,1,0,0,,Click To Continue,Continue Button,1,object-399,instructions,,,,,t,d,,,,,,,,,,,,,,,,,,,,
3,1784152813367,15/07/2026 22:00:13,1784152813367,-7,15/07/2026 15:00:13,269901,13,task-pkec,repeat-7r7d#1,57237405,,16361732,,complete,,,computer,Desktop or Laptop,Mac OS 10.15,Firefox 150.0,1470x956,1470x810,,,0,Phonetic categorization,25,full_List_10,pass,$${overridespreadsheet},full_List_10,1,instructions,Spanish,7fqomj,2,info,audio started,,16.68000000000029,0,16.68000000000029,16.68000000000029,0,16.68000000000029,1,0,0,,Audio Clip,Audio,3,object-391,instructions,,,,,t,d,,,,,,,,,,,,,,,,,,,,
4,1784152827473,15/07/2026 22:00:27,1784152827473,-7,15/07/2026 15:00:27,269901,13,task-pkec,repeat-7r7d#1,57237405,,16361732,,complete,,,computer,Desktop or Laptop,Mac OS 10.15,Firefox 150.0,1470x956,1470x810,,,0,Phonetic categorization,25,full_List_10,pass,$${overridespreadsheet},full_List_10,1,instructions,Spanish,7fqomj,2,info,audio finished,,14133.319999999992,14116.659999999996,14133.319999999992,14133.319999999992,14116.659999999996,14133.319999999992,1,0,0,,Audio Clip,Audio,3,object-391,instructions,,,,,t,d,,,,,,,,,,,,,,,,,,,,
5,1784152827476,15/07/2026 22:00:27,1784152827476,-7,15/07/2026 15:00:27,269901,13,task-pkec,repeat-7r7d#1,57237405,,16361732,,complete,,,computer,Desktop or Laptop,Mac OS 10.15,Firefox 150.0,1470x956,1470x810,,,0,Phonetic categorization,25,full_List_10,pass,$${overridespreadsheet},full_List_10,1,instructions,Spanish,7fqomj,2,continue,,,14133.319999999992,14116.659999999996,14133.319999999992,14133.319999999992,14116.659999999996,14133.319999999992,1,0,0,,Audio Clip,Audio,3,object-391,instructions,,,,,t,d,,,,,,,,,,,,,,,,,,,,
6,1784152828679,15/07/2026 22:00:28,1784152828679,-7,15/07/2026 15:00:28,269901,13,task-pkec,repeat-7r7d#1,57237405,,16361732,,complete,,,computer,Desktop or Laptop,Mac OS 10.15,Firefox 150.0,1470x956,1470x810,,,0,Phonetic categorization,25,full_List_10,pass,$${overridespreadsheet},full_List_10,1,instructions,Screen 5,wwofte,3,continue,,,1228.1600000000035,1216.6600000000035,1228.1600000000035,1228.1600000000035,1216.6600000000035,1228.1600000000035,1,0,0,,Click To Continue,Continue Button,1,object-464,instructions,,,,,t,d,,,,,,,,,,,,,,,,,,,,
7,1784152836496,15/07/2026 22:00:36,1784152836496,-7,15/07/2026 15:00:36,269901,13,task-pkec,repeat-7r7d#1,57237405,,16361732,,complete,,,computer,Desktop or Laptop,Mac OS 10.15,Firefox 150.0,1470x956,1470x810,,,0,Phonetic categorization,25,full_List_10,pass,$${overridespreadsheet},full_List_10,1,instructions,practice_instruction,aghw4m,4,continue,,,7816.6600000000035,7800,7816.6600000000035,7816.6600000000035,7800,7816.6600000000035,1,0,0,,Click To Continue,Continue Button,1,object-369,instructions,,,,,t,d,,,,,,,,,,,,,,,,,,,,
8,1784152836971,15/07/2026 22:00:36,1784152836971,-7,15/07/2026 15:00:36,269901,13,task-pkec,repeat-7r7d#1,57237405,,16361732,,complete,,,computer,Desktop or Laptop,Mac OS 10.15,Firefox 150.0,1470x956,1470x810,,,0,Phonetic categorization,25,full_List_10,pass,$${overridespreadsheet},full_List_10,1,practice,fixation,8ljn8d,1,timedOut,,,502.5,500,502.5,502.5,500,502.5,1,0,0,,Time Limit,screen,0,screen,practice,,dill_-50.wav,,,dill,till,,,,,,,,,,,,,,,,,,,,
9,1784152837472,15/07/2026 22:00:37,1784152837472,-7,15/07/2026 15:00:37,269901,13,task-pkec,repeat-7r7d#1,57237405,,16361732,,complete,,,computer,Desktop or Laptop,Mac OS 10.15,Firefox 150.0,1470x956,1470x810,,,0,Phonetic categorization,25,full_List_10,pass,$${overridespreadsheet},full_List_10,1,practice,show option,3my457,2,timedOut,,,504.5,500,504.5,504.5,500,504.5,1,0,0,,Time Limit,screen,0,screen,practice,,dill_-50.wav,,,dill,till,,,,,,,,,,,,,,,,,,,,
10,1784152837479,15/07/2026 22:00:37,1784152837479,-7,15/07/2026 15:00:37,269901,13,task-pkec,repeat-7r7d#1,57237405,,16361732,,complete,,,computer,Desktop or Laptop,Mac OS 10.15,Firefox 150.0,1470x956,1470x810,,,0,Phonetic categorization,25,full_List_10,pass,$${overridespreadsheet},full_List_10,1,practice,soundplay,d8epi7,3,info,audio started,,11.5,0,11.5,11.5,0,11.5,0,0,0,,Audio Clip,Audio,1,object-217,practice,,dill_-50.wav,,,dill,till,,,,,,,,,,,,,,,,,,,,
11,1784152837870,15/07/2026 22:00:37,1784152837870,-7,15/07/2026 15:00:37,269901,13,task-pkec,repeat-7r7d#1,57237405,,16361732,,complete,,,computer,Desktop or Laptop,Mac OS 10.15,Firefox 150.0,1470x956,1470x810,,,0,Phonetic categorization,25,full_List_10,pass,$${overridespreadsheet},full_List_10,1,practice,soundplay,d8epi7,3,info,audio finished,,399.9999999999927,383.3399999999965,399.9999999999927,399.9999999999927,383.3399999999965,399.9999999999927,0,0,0,,Audio Clip,Audio,1,object-217,practice,,dill_-50.wav,,,dill,till,,,,,,,,,,,,,,,,,,,,
12,1784152837871,15/07/2026 22:00:37,1784152837871,-7,15/07/2026 15:00:37,269901,13,task-pkec,repeat-7r7d#1,57237405,,16361732,,complete,,,computer,Desktop or Laptop,Mac OS 10.15,Firefox 150.0,1470x956,1470x810,,,0,Phonetic categorization,25,full_List_10,pass,$${overridespreadsheet},full_List_10,1,practice,soundplay,d8epi7,3,continue,,,399.9999999999927,383.3399999999965,399.9999999999927,399.9999999999927,383.3399999999965,399.9999999999927,1,0,0,,Audio Clip,Audio,1,object-217,practice,,dill_-50.wav,,,dill,till,,,,,,,,,,,,,,,,,,,,
13,1784152839148,15/07/2026 22:00:39,1784152839148,-7,15/07/2026 15:00:39,269901,13,task-pkec,repeat-7r7d#1,57237405,,16361732,,complete,,,computer,Desktop or Laptop,Mac OS 10.15,Firefox 150.0,1470x956,1470x810,,,0,Phonetic categorization,25,full_List_10,pass,$${overridespreadsheet},full_List_10,1,practice,2AFC,9mjind,4,response,dill,,1296.1600000000035,1283.3400000000038,1296.1600000000035,1296.1600000000035,1283.3400000000038,1296.1600000000035,0,0,0,,Keyboard Response,Keyboard Response,2,object-222,practice,,dill_-50.wav,,,dill,till,,,,,,,,,,,,,,,,,,,,
14,1784152840339,15/07/2026 22:00:40,1784152840339,-7,15/07/2026 15:00:40,269901,13,task-pkec,repeat-7r7d#1,57237405,,16361732,,complete,,,computer,Desktop or Laptop,Mac OS 10.15,Firefox 150.0,1470x956,1470x810,,,0,Phonetic categorization,25,full_List_10,pass,$${overridespreadsheet},full_List_10,1,practice,1.2 second pause,uqcoka,5,timedOut,,,1202.8199999999997,1200,1202.8199999999997,1202.8199999999997,1200,1202.8199999999997,1,0,0,,Time Limit,screen,0,screen,practice,,dill_-50.wav,,,dill,till,,,,,,,,,,,,,,,,,,,,
15,1784152840835,15/07/2026 22:00:40,1784152840835,-7,15/07/2026 15:00:40,269901,13,task-pkec,repeat-7r7d#1,57237405,,16361732,,complete,,,computer,Desktop or Laptop,Mac OS 10.15,Firefox 150.0,1470x956,1470x810,,,0,Phonetic categorization,25,full_List_10,pass,$${overridespreadsheet},full_List_10,2,practice,fixation,8ljn8d,1,timedOut,,,500.8199999999997,499.76000000000204,500.8199999999997,500.8199999999997,499.76000000000204,500.8199999999997,1,0,0,,Time Limit,screen,0,screen,practice,,dill_-100.wav,,,dill,din,,,,,,,,,,,,,,,,,,,,
16,1784152841337,15/07/2026 22:00:41,1784152841337,-7,15/07/2026 15:00:41,269901,13,task-pkec,repeat-7r7d#1,57237405,,16361732,,complete,,,computer,Desktop or Laptop,Mac OS 10.15,Firefox 150.0,1470x956,1470x810,,,0,Phonetic categorization,25,full_List_10,pass,$${overridespreadsheet},full_List_10,2,practice,show option,3my457,2,timedOut,,,501.0599999999977,500.23999999999796,501.0599999999977,501.0599999999977,500.23999999999796,501.0599999999977,1,0,0,,Time Limit,screen,0,screen,practice,,dill_-100.wav,,,dill,din,,,,,,,,,,,,,,,,,,,,
17,1784152841343,15/07/2026 22:00:41,1784152841343,-7,15/07/2026 15:00:41,269901,13,task-pkec,repeat-7r7d#1,57237405,,16361732,,complete,,,computer,Desktop or Laptop,Mac OS 10.15,Firefox 150.0,1470x956,1470x810,,,0,Phonetic categorization,25,full_List_10,pass,$${overridespreadsheet},full_List_10,2,practice,soundplay,d8epi7,3,info,audio started,,7.819999999999709,0,7.819999999999709,7.819999999999709,0,7.819999999999709,0,0,0,,Audio Clip,Audio,1,object-217,practice,,dill_-100.wav,,,dill,din,,,,,,,,,,,,,,,,,,,,
18,1784152841686,15/07/2026 22:00:41,1784152841686,-7,15/07/2026 15:00:41,269901,13,task-pkec,repeat-7r7d#1,57237405,,16361732,,complete,,,computer,Desktop or Laptop,Mac OS 10.15,Firefox 150.0,1470x956,1470x810,,,0,Phonetic categorization,25,full_List_10,pass,$${overridespreadsheet},full_List_10,2,practice,soundplay,d8epi7,3,info,audio finished,,350.6599999999962,333.3199999999997,350.6599999999962,350.6599999999962,333.3199999999997,350.6599999999962,0,0,0,,Audio Clip,Audio,1,object-217,practice,,dill_-100.wav,,,dill,din,,,,,,,,,,,,,,,,,,,,
19,1784152841687,15/07/2026 22:00:41,1784152841687,-7,15/07/2026 15:00:41,269901,13,task-pkec,repeat-7r7d#1,57237405,,16361732,,complete,,,computer,Desktop or Laptop,Mac OS 10.15,Firefox 150.0,1470x956,1470x810,,,0,Phonetic categorization,25,full_List_10,pass,$${overridespreadsheet},full_List_10,2,practice,soundplay,d8epi7,3,continue,,,350.6599999999962,333.3199999999997,350.6599999999962,350.6599999999962,333.3199999999997,350.6599999999962,1,0,0,,Audio Clip,Audio,1,object-217,practice,,dill_-100.wav,,,dill,din,,,,,,,,,,,,,,,,,,,,
20,1784152842319,15/07/2026 22:00:42,1784152842319,-7,15/07/2026 15:00:42,269901,13,task-pkec,repeat-7r7d#1,57237405,,16361732,,complete,,,computer,Desktop or Laptop,Mac OS 10.15,Firefox 150.0,1470x956,1470x810,,,0,Phonetic categorization,25,full_List_10,pass,$${overridespreadsheet},full_List_10,2,practice,2AFC,9mjind,4,response,dill,,649.9999999999927,633.3399999999965,649.9999999999927,649.9999999999927,633.3399999999965,649.9999999999927,0,0,0,,Keyboard Response,Keyboard Response,2,object-222,practice,,dill_-100.wav,,,dill,din,,,,,,,,,,,,,,,,,,,,
21,1784152843505,15/07/2026 22:00:43,1784152843505,-7,15/07/2026 15:00:43,269901,13,task-pkec,repeat-7r7d#1,57237405,,16361732,,complete,,,computer,Desktop or Laptop,Mac OS 10.15,Firefox 150.0,1470x956,1470x810,,,0,Phonetic categorization,25,full_List_10,pass,$${overridespreadsheet},full_List_10,2,practice,1.2 second pause,uqcoka,5,timedOut,,,1203.1600000000035,1200,1203.1600000000035,1203.1600000000035,1200,1203.1600000000035,1,0,0,,Time Limit,screen,0,screen,practice,,dill_-100.wav,,,dill,din,,,,,,,,,,,,,,,,,,,,
22,1784152844004,15/07/2026 22:00:44,1784152844004,-7,15/07/2026 15:00:44,269901,13,task-pkec,repeat-7r7d#1,57237405,,16361732,,complete,,,computer,Desktop or Laptop,Mac OS 10.15,Firefox 150.0,1470x956,1470x810,,,0,Phonetic categorization,25,full_List_10,pass,$${overridespreadsheet},full_List_10,3,practice,fixation,8ljn8d,1,timedOut,,,503.1600000000035,500,503.1600000000035,503.1600000000035,500,503.1600000000035,1,0,0,,Time Limit,screen,0,screen,practice,,din_+130.wav,,,din,tin,,,,,,,,,,,,,,,,,,,,
23,1784152844506,15/07/2026 22:00:44,1784152844506,-7,15/07/2026 15:00:44,269901,13,task-pkec,repeat-7r7d#1,57237405,,16361732,,complete,,,computer,Desktop or Laptop,Mac OS 10.15,Firefox 150.0,1470x956,1470x810,,,0,Phonetic categorization,25,full_List_10,pass,$${overridespreadsheet},full_List_10,3,practice,show option,3my457,2,timedOut,,,503.1600000000035,500,503.1600000000035,503.1600000000035,500,503.1600000000035,1,0,0,,Time Limit,screen,0,screen,practice,,din_+130.wav,,,din,tin,,,,,,,,,,,,,,,,,,,,
24,1784152844510,15/07/2026 22:00:44,1784152844510,-7,15/07/2026 15:00:44,269901,13,task-pkec,repeat-7r7d#1,57237405,,16361732,,complete,,,computer,Desktop or Laptop,Mac OS 10.15,Firefox 150.0,1470x956,1470x810,,,0,Phonetic categorization,25,full_List_10,pass,$${overridespreadsheet},full_List_10,3,practice,soundplay,d8epi7,3,info,audio started,,8.160000000003492,0,8.160000000003492,8.160000000003492,0,8.160000000003492,0,0,0,,Audio Clip,Audio,1,object-217,practice,,din_+130.wav,,,din,tin,,,,,,,,,,,,,,,,,,,,
25,1784152844921,15/07/2026 22:00:44,1784152844921,-7,15/07/2026 15:00:44,269901,13,task-pkec,repeat-7r7d#1,57237405,,16361732,,complete,,,computer,Desktop or Laptop,Mac OS 10.15,Firefox 150.0,1470x956,1470x810,,,0,Phonetic categorization,25,full_List_10,pass,$${overridespreadsheet},full_List_10,3,practice,soundplay,d8epi7,3,info,audio finished,,416.6599999999962,400,416.6599999999962,416.6599999999962,400,416.6599999999962,0,0,0,,Audio Clip,Audio,1,object-217,practice,,din_+130.wav,,,din,tin,,,,,,,,,,,,,,,,,,,,
26,1784152844922,15/07/2026 22:00:44,1784152844922,-7,15/07/2026 15:00:44,269901,13,task-pkec,repeat-7r7d#1,57237405,,16361732,,complete,,,computer,Desktop or Laptop,Mac OS 10.15,Firefox 150.0,1470x956,1470x810,,,0,Phonetic categorization,25,full_List_10,pass,$${overridespreadsheet},full_List_10,3,practice,soundplay,d8epi7,3,continue,,,416.6599999999962,400,416.6599999999962,416.6599999999962,400,416.6599999999962,1,0,0,,Audio Clip,Audio,1,object-217,practice,,din_+130.wav,,,din,tin,,,,,,,,,,,,,,,,,,,,
27,1784152845413,15/07/2026 22:00:45,1784152845413,-7,15/07/2026 15:00:45,269901,13,task-pkec,repeat-7r7d#1,57237405,,16361732,,complete,,,computer,Desktop or Laptop,Mac OS 10.15,Firefox 150.0,1470x956,1470x810,,,0,Phonetic categorization,25,full_List_10,pass,$${overridespreadsheet},full_List_10,3,practice,2AFC,9mjind,4,response,tin,,511.1600000000035,500,511.1600000000035,511.1600000000035,500,511.1600000000035,0,0,0,,Keyboard Response,Keyboard Response,2,object-222,practice,,din_+130.wav,,,din,tin,,,,,,,,,,,,,,,,,,,,
28,1784152846604,15/07/2026 22:00:46,1784152846604,-7,15/07/2026 15:00:46,269901,13,task-pkec,repeat-7r7d#1,57237405,,16361732,,complete,,,computer,Desktop or Laptop,Mac OS 10.15,Firefox 150.0,1470x956,1470x810,,,0,Phonetic categorization,25,full_List_10,pass,$${overridespreadsheet},full_List_10,3,practice,1.2 second pause,uqcoka,5,timedOut,,,1201.1600000000035,1197.3600000000006,1201.1600000000035,1201.1600000000035,1197.3600000000006,1201.1600000000035,1,0,0,,Time Limit,screen,0,screen,practice,,din_+130.wav,,,din,tin,,,,,,,,,,,,,,,,,,,,
29,1784152847103,15/07/2026 22:00:47,1784152847103,-7,15/07/2026 15:00:47,269901,13,task-pkec,repeat-7r7d#1,57237405,,16361732,,complete,,,computer,Desktop or Laptop,Mac OS 10.15,Firefox 150.0,1470x956,1470x810,,,0,Phonetic categorization,25,full_List_10,pass,$${overridespreadsheet},full_List_10,4,practice,fixation,8ljn8d,1,timedOut,,,503.8000000000029,500,503.8000000000029,503.8000000000029,500,503.8000000000029,1,0,0,,Time Limit,screen,0,screen,practice,,dip_+120.wav,,,dip,tip,,,,,,,,,,,,,,,,,,,,
30,1784152847602,15/07/2026 22:00:47,1784152847602,-7,15/07/2026 15:00:47,269901,13,task-pkec,repeat-7r7d#1,57237405,,16361732,,complete,,,computer,Desktop or Laptop,Mac OS 10.15,Firefox 150.0,1470x956,1470x810,,,0,Phonetic categorization,25,full_List_10,pass,$${overridespreadsheet},full_List_10,4,practice,show option,3my457,2,timedOut,,,502.8000000000029,500,502.8000000000029,502.8000000000029,500,502.8000000000029,1,0,0,,Time Limit,screen,0,screen,practice,,dip_+120.wav,,,dip,tip,,,,,,,,,,,,,,,,,,,,
31,1784152847611,15/07/2026 22:00:47,1784152847611,-7,15/07/2026 15:00:47,269901,13,task-pkec,repeat-7r7d#1,57237405,,16361732,,complete,,,computer,Desktop or Laptop,Mac OS 10.15,Firefox 150.0,1470x956,1470x810,,,0,Phonetic categorization,25,full_List_10,pass,$${overridespreadsheet},full_List_10,4,practice,soundplay,d8epi7,3,info,audio started,,11.80000000000291,0,11.80000000000291,11.80000000000291,0,11.80000000000291,0,0,0,,Audio Clip,Audio,1,object-217,practice,,dip_+120.wav,,,dip,tip,,,,,,,,,,,,,,,,,,,,
32,1784152848088,15/07/2026 22:00:48,1784152848088,-7,15/07/2026 15:00:48,269901,13,task-pkec,repeat-7r7d#1,57237405,,16361732,,complete,,,computer,Desktop or Laptop,Mac OS 10.15,Firefox 150.0,1470x956,1470x810,,,0,Phonetic categorization,25,full_List_10,pass,$${overridespreadsheet},full_List_10,4,practice,soundplay,d8epi7,3,info,audio finished,,488.8000000000029,483.20000000000437,488.8000000000029,488.8000000000029,483.20000000000437,488.8000000000029,0,0,0,,Audio Clip,Audio,1,object-217,practice,,dip_+120.wav,,,dip,tip,,,,,,,,,,,,,,,,,,,,
33,1784152848089,15/07/2026 22:00:48,1784152848089,-7,15/07/2026 15:00:48,269901,13,task-pkec,repeat-7r7d#1,57237405,,16361732,,complete,,,computer,Desktop or Laptop,Mac OS 10.15,Firefox 150.0,1470x956,1470x810,,,0,Phonetic categorization,25,full_List_10,pass,$${overridespreadsheet},full_List_10,4,practice,soundplay,d8epi7,3,continue,,,488.8000000000029,483.20000000000437,488.8000000000029,488.8000000000029,483.20000000000437,488.8000000000029,1,0,0,,Audio Clip,Audio,1,object-217,practice,,dip_+120.wav,,,dip,tip,,,,,,,,,,,,,,,,,,,,
34,1784152848392,15/07/2026 22:00:48,1784152848392,-7,15/07/2026 15:00:48,269901,13,task-pkec,repeat-7r7d#1,57237405,,16361732,,complete,,,computer,Desktop or Laptop,Mac OS 10.15,Firefox 150.0,1470x956,1470x810,,,0,Phonetic categorization,25,full_List_10,pass,$${overridespreadsheet},full_List_10,4,practice,2AFC,9mjind,4,response,tip,,310.59999999999854,300.1399999999994,310.59999999999854,310.59999999999854,300.1399999999994,310.59999999999854,0,0,0,,Keyboard Response,Keyboard Response,2,object-222,practice,,dip_+120.wav,,,dip,tip,,,,,,,,,,,,,,,,,,,,
35,1784152849587,15/07/2026 22:00:49,1784152849587,-7,15/07/2026 15:00:49,269901,13,task-pkec,repeat-7r7d#1,57237405,,16361732,,complete,,,computer,Desktop or Laptop,Mac OS 10.15,Firefox 150.0,1470x956,1470x810,,,0,Phonetic categorization,25,full_List_10,pass,$${overridespreadsheet},full_List_10,4,practice,1.2 second pause,uqcoka,5,timedOut,,,1203.4599999999991,1200,1203.4599999999991,1203.4599999999991,1200,1203.4599999999991,1,0,0,,Time Limit,screen,0,screen,practice,,dip_+120.wav,,,dip,tip,,,,,,,,,,,,,,,,,,,,
36,1784152850086,15/07/2026 22:00:50,1784152850086,-7,15/07/2026 15:00:50,269901,13,task-pkec,repeat-7r7d#1,57237405,,16361732,,complete,,,computer,Desktop or Laptop,Mac OS 10.15,Firefox 150.0,1470x956,1470x810,,,0,Phonetic categorization,25,full_List_10,pass,$${overridespreadsheet},full_List_10,5,practice,fixation,8ljn8d,1,timedOut,,,502.4599999999991,500,502.4599999999991,502.4599999999991,500,502.4599999999991,1,0,0,,Time Limit,screen,0,screen,practice,,dip_+125.wav,,,tin,tip,,,,,,,,,,,,,,,,,,,,
37,1784152850586,15/07/2026 22:00:50,1784152850586,-7,15/07/2026 15:00:50,269901,13,task-pkec,repeat-7r7d#1,57237405,,16361732,,complete,,,computer,Desktop or Laptop,Mac OS 10.15,Firefox 150.0,1470x956,1470x810,,,0,Phonetic categorization,25,full_List_10,pass,$${overridespreadsheet},full_List_10,5,practice,show option,3my457,2,timedOut,,,503.4599999999991,500,503.4599999999991,503.4599999999991,500,503.4599999999991,1,0,0,,Time Limit,screen,0,screen,practice,,dip_+125.wav,,,tin,tip,,,,,,,,,,,,,,,,,,,,
38,1784152850594,15/07/2026 22:00:50,1784152850594,-7,15/07/2026 15:00:50,269901,13,task-pkec,repeat-7r7d#1,57237405,,16361732,,complete,,,computer,Desktop or Laptop,Mac OS 10.15,Firefox 150.0,1470x956,1470x810,,,0,Phonetic categorization,25,full_List_10,pass,$${overridespreadsheet},full_List_10,5,practice,soundplay,d8epi7,3,info,audio started,,11.459999999999127,0,11.459999999999127,11.459999999999127,0,11.459999999999127,0,0,0,,Audio Clip,Audio,1,object-217,practice,,dip_+125.wav,,,tin,tip,,,,,,,,,,,,,,,,,,,,
39,1784152851094,15/07/2026 22:00:51,1784152851094,-7,15/07/2026 15:00:51,269901,13,task-pkec,repeat-7r7d#1,57237405,,16361732,,complete,,,computer,Desktop or Laptop,Mac OS 10.15,Firefox 150.0,1470x956,1470x810,,,0,Phonetic categorization,25,full_List_10,pass,$${overridespreadsheet},full_List_10,5,practice,soundplay,d8epi7,3,info,audio finished,,511.4599999999991,500,511.4599999999991,511.4599999999991,500,511.4599999999991,0,0,0,,Audio Clip,Audio,1,object-217,practice,,dip_+125.wav,,,tin,tip,,,,,,,,,,,,,,,,,,,,
40,1784152851094,15/07/2026 22:00:51,1784152851094,-7,15/07/2026 15:00:51,269901,13,task-pkec,repeat-7r7d#1,57237405,,16361732,,complete,,,computer,Desktop or Laptop,Mac OS 10.15,Firefox 150.0,1470x956,1470x810,,,0,Phonetic categorization,25,full_List_10,pass,$${overridespreadsheet},full_List_10,5,practice,soundplay,d8epi7,3,continue,,,511.4599999999991,500,511.4599999999991,511.4599999999991,500,511.4599999999991,1,0,0,,Audio Clip,Audio,1,object-217,practice,,dip_+125.wav,,,tin,tip,,,,,,,,,,,,,,,,,,,,
41,1784152851509,15/07/2026 22:00:51,1784152851509,-7,15/07/2026 15:00:51,269901,13,task-pkec,repeat-7r7d#1,57237405,,16361732,,complete,,,computer,Desktop or Laptop,Mac OS 10.15,Firefox 150.0,1470x956,1470x810,,,0,Phonetic categorization,25,full_List_10,pass,$${overridespreadsheet},full_List_10,5,practice,2AFC,9mjind,4,response,tip,,425.4599999999991,416.6599999999962,425.4599999999991,425.4599999999991,416.6599999999962,425.4599999999991,0,0,0,,Keyboard Response,Keyboard Response,2,object-222,practice,,dip_+125.wav,,,tin,tip,,,,,,,,,,,,,,,,,,,,
42,1784152852703,15/07/2026 22:00:52,1784152852703,-7,15/07/2026 15:00:52,269901,13,task-pkec,repeat-7r7d#1,57237405,,16361732,,complete,,,computer,Desktop or Laptop,Mac OS 10.15,Firefox 150.0,1470x956,1470x810,,,0,Phonetic categorization,25,full_List_10,pass,$${overridespreadsheet},full_List_10,5,practice,1.2 second pause,uqcoka,5,timedOut,,,1202.800000000003,1200,1202.800000000003,1202.800000000003,1200,1202.800000000003,1,0,0,,Time Limit,screen,0,screen,practice,,dip_+125.wav,,,tin,tip,,,,,,,,,,,,,,,,,,,,
43,1784152859449,15/07/2026 22:00:59,1784152859449,-7,15/07/2026 15:00:59,269901,13,task-pkec,repeat-7r7d#1,57237405,,16361732,,complete,,,computer,Desktop or Laptop,Mac OS 10.15,Firefox 150.0,1470x956,1470x810,,,0,Phonetic categorization,25,full_List_10,pass,$${overridespreadsheet},full_List_10,1,preparation buffer,Screen 4,xozot8,1,continue,,,6748.800000000003,6733.3399999999965,6748.800000000003,6748.800000000003,6733.3399999999965,6748.800000000003,1,0,0,,Click To Continue,Continue Button,1,object-322,preparation buffer,,,,,t,d,,,,,,,,,,,,,,,,,,,,
44,1784152864434,15/07/2026 22:01:04,1784152864434,-7,15/07/2026 15:01:04,269901,13,task-pkec,repeat-7r7d#1,57237405,,16361732,,complete,,,computer,Desktop or Laptop,Mac OS 10.15,Firefox 150.0,1470x956,1470x810,,,0,Phonetic categorization,25,full_List_10,pass,$${overridespreadsheet},full_List_10,1,preparation buffer,Screen 2,h3fw5o,2,timedOut,,,5000.460000000006,5000,5000.460000000006,5000.460000000006,5000,5000.460000000006,1,0,0,,Time Limit,screen,0,screen,preparation buffer,,,,,t,d,,,,,,,,,,,,,,,,,,,,
45,1784152864936,15/07/2026 22:01:04,1784152864936,-7,15/07/2026 15:01:04,269901,13,task-pkec,repeat-7r7d#1,57237405,,16361732,,complete,,,computer,Desktop or Laptop,Mac OS 10.15,Firefox 150.0,1470x956,1470x810,,,0,Phonetic categorization,25,full_List_10,pass,$${overridespreadsheet},full_List_10,1,phonetic categorization,fixation,99n54d,1,response,,,500,500,500,500,500,500,1,0,0,,Time Limit,screen,0,screen,phonetic categorization,dill,dill_65.wav,,,till,dill,,,,,65,,1,,,,234,,test,,T1,,,d-right,,
46,1784152865435,15/07/2026 22:01:05,1784152865435,-7,15/07/2026 15:01:05,269901,13,task-pkec,repeat-7r7d#1,57237405,,16361732,,complete,,,computer,Desktop or Laptop,Mac OS 10.15,Firefox 150.0,1470x956,1470x810,,,0,Phonetic categorization,25,full_List_10,pass,$${overridespreadsheet},full_List_10,1,phonetic categorization,show option,yef3xk,2,response,,,500,500,500,500,500,500,1,0,0,,Time Limit,screen,0,screen,phonetic categorization,dill,dill_65.wav,,,till,dill,,,,,65,,1,,,,234,,test,,T1,,,d-right,,
47,1784152865442,15/07/2026 22:01:05,1784152865442,-7,15/07/2026 15:01:05,269901,13,task-pkec,repeat-7r7d#1,57237405,,16361732,,complete,,,computer,Desktop or Laptop,Mac OS 10.15,Firefox 150.0,1470x956,1470x810,,,0,Phonetic categorization,25,full_List_10,pass,$${overridespreadsheet},full_List_10,1,phonetic categorization,soundplay,x8jhtp,3,info,audio started,,9.460000000006403,0,9.460000000006403,9.460000000006403,0,9.460000000006403,0,0,0,,Audio Clip,Audio,1,object-207,phonetic categorization,dill,dill_65.wav,,,till,dill,,,,,65,,1,,,,234,,test,,T1,,,d-right,,
48,1784152865827,15/07/2026 22:01:05,1784152865827,-7,15/07/2026 15:01:05,269901,13,task-pkec,repeat-7r7d#1,57237405,,16361732,,complete,,,computer,Desktop or Laptop,Mac OS 10.15,Firefox 150.0,1470x956,1470x810,,,0,Phonetic categorization,25,full_List_10,pass,$${overridespreadsheet},full_List_10,1,phonetic categorization,soundplay,x8jhtp,3,info,audio finished,,393.4600000000064,383.320000000007,393.4600000000064,393.4600000000064,383.320000000007,393.4600000000064,0,0,0,,Audio Clip,Audio,1,object-207,phonetic categorization,dill,dill_65.wav,,,till,dill,,,,,65,,1,,,,234,,test,,T1,,,d-right,,
49,1784152865828,15/07/2026 22:01:05,1784152865828,-7,15/07/2026 15:01:05,269901,13,task-pkec,repeat-7r7d#1,57237405,,16361732,,complete,,,computer,Desktop or Laptop,Mac OS 10.15,Firefox 150.0,1470x956,1470x810,,,0,Phonetic categorization,25,full_List_10,pass,$${overridespreadsheet},full_List_10,1,phonetic categorization,soundplay,x8jhtp,3,continue,,,396.4600000000064,383.320000000007,396.4600000000064,396.4600000000064,383.320000000007,396.4600000000064,1,0,0,,Audio Clip,Audio,1,object-207,phonetic categorization,dill,dill_65.wav,,,till,dill,,,,,65,,1,,,,234,,test,,T1,,,d-right,,
50,1784152867059,15/07/2026 22:01:07,1784152867059,-7,15/07/2026 15:01:07,269901,13,task-pkec,repeat-7r7d#1,57237405,,16361732,,complete,,,computer,Desktop or Laptop,Mac OS 10.15,Firefox 150.0,1470x956,1470x810,,,0,Phonetic categorization,25,full_List_10,pass,$${overridespreadsheet},full_List_10,1,phonetic categorization,2AFC,6i7z8o,4,response,till,,1242.1399999999994,1233.3399999999965,1242.1399999999994,1242.1399999999994,1233.3399999999965,1242.1399999999994,0,0,0,,Keyboard Response,Keyboard Response,1,object-119,phonetic categorization,dill,dill_65.wav,,,till,dill,,,,,65,,1,,,,234,,test,,T1,,,d-right,,
51,1784152868253,15/07/2026 22:01:08,1784152868253,-7,15/07/2026 15:01:08,269901,13,task-pkec,repeat-7r7d#1,57237405,,16361732,,complete,,,computer,Desktop or Laptop,Mac OS 10.15,Firefox 150.0,1470x956,1470x810,,,0,Phonetic categorization,25,full_List_10,pass,$${overridespreadsheet},full_List_10,1,phonetic categorization,1.2 second pause,dp6plq,5,timedOut,,,1203.800000000003,1200,1203.800000000003,1203.800000000003,1200,1203.800000000003,1,0,0,,Time Limit,screen,0,screen,phonetic categorization,dill,dill_65.wav,,,till,dill,,,,,65,,1,,,,234,,test,,T1,,,d-right,,
52,1784152868750,15/07/2026 22:01:08,1784152868750,-7,15/07/2026 15:01:08,269901,13,task-pkec,repeat-7r7d#1,57237405,,16361732,,complete,,,computer,Desktop or Laptop,Mac OS 10.15,Firefox 150.0,1470x956,1470x810,,,0,Phonetic categorization,25,full_List_10,pass,$${overridespreadsheet},full_List_10,2,phonetic categorization,fixation,99n54d,1,response,,,500,500,500,500,500,500,1,0,0,,Time Limit,screen,0,screen,phonetic categorization,dill,dill_30.wav,,,till,dill,,,,,30,,1,,,,234,,test,,T1,,,d-right,,
53,1784152869252,15/07/2026 22:01:09,1784152869252,-7,15/07/2026 15:01:09,269901,13,task-pkec,repeat-7r7d#1,57237405,,16361732,,complete,,,computer,Desktop or Laptop,Mac OS 10.15,Firefox 150.0,1470x956,1470x810,,,0,Phonetic categorization,25,full_List_10,pass,$${overridespreadsheet},full_List_10,2,phonetic categorization,show option,yef3xk,2,response,,,500,500,500,500,500,500,1,0,0,,Time Limit,screen,0,screen,phonetic categorization,dill,dill_30.wav,,,till,dill,,,,,30,,1,,,,234,,test,,T1,,,d-right,,
54,1784152869259,15/07/2026 22:01:09,1784152869259,-7,15/07/2026 15:01:09,269901,13,task-pkec,repeat-7r7d#1,57237405,,16361732,,complete,,,computer,Desktop or Laptop,Mac OS 10.15,Firefox 150.0,1470x956,1470x810,,,0,Phonetic categorization,25,full_List_10,pass,$${overridespreadsheet},full_List_10,2,phonetic categorization,soundplay,x8jhtp,3,info,audio started,,9.80000000000291,0,9.80000000000291,9.80000000000291,0,9.80000000000291,0,0,0,,Audio Clip,Audio,1,object-207,phonetic categorization,dill,dill_30.wav,,,till,dill,,,,,30,,1,,,,234,,test,,T1,,,d-right,,
55,1784152869620,15/07/2026 22:01:09,1784152869620,-7,15/07/2026 15:01:09,269901,13,task-pkec,repeat-7r7d#1,57237405,,16361732,,complete,,,computer,Desktop or Laptop,Mac OS 10.15,Firefox 150.0,1470x956,1470x810,,,0,Phonetic categorization,25,full_List_10,pass,$${overridespreadsheet},full_List_10,2,phonetic categorization,soundplay,x8jhtp,3,info,audio finished,,369.8000000000029,366.6600000000035,369.8000000000029,369.8000000000029,366.6600000000035,369.8000000000029,0,0,0,,Audio Clip,Audio,1,object-207,phonetic categorization,dill,dill_30.wav,,,till,dill,,,,,30,,1,,,,234,,test,,T1,,,d-right,,
56,1784152869624,15/07/2026 22:01:09,1784152869624,-7,15/07/2026 15:01:09,269901,13,task-pkec,repeat-7r7d#1,57237405,,16361732,,complete,,,computer,Desktop or Laptop,Mac OS 10.15,Firefox 150.0,1470x956,1470x810,,,0,Phonetic categorization,25,full_List_10,pass,$${overridespreadsheet},full_List_10,2,phonetic categorization,soundplay,x8jhtp,3,continue,,,375.8000000000029,366.6600000000035,375.8000000000029,375.8000000000029,366.6600000000035,375.8000000000029,1,0,0,,Audio Clip,Audio,1,object-207,phonetic categorization,dill,dill_30.wav,,,till,dill,,,,,30,,1,,,,234,,test,,T1,,,d-right,,
57,1784152870046,15/07/2026 22:01:10,1784152870046,-7,15/07/2026 15:01:10,269901,13,task-pkec,repeat-7r7d#1,57237405,,16361732,,complete,,,computer,Desktop or Laptop,Mac OS 10.15,Firefox 150.0,1470x956,1470x810,,,0,Phonetic categorization,25,full_List_10,pass,$${overridespreadsheet},full_List_10,2,phonetic categorization,2AFC,6i7z8o,4,response,dill,,430.1399999999994,416.679999999993,430.1399999999994,430.1399999999994,416.679999999993,430.1399999999994,1,0,0,,Keyboard Response,Keyboard Response,1,object-119,phonetic categorization,dill,dill_30.wav,,,till,dill,,,,,30,,1,,,,234,,test,,T1,,,d-right,,
58,1784152871235,15/07/2026 22:01:11,1784152871235,-7,15/07/2026 15:01:11,269901,13,task-pkec,repeat-7r7d#1,57237405,,16361732,,complete,,,computer,Desktop or Laptop,Mac OS 10.15,Firefox 150.0,1470x956,1470x810,,,0,Phonetic categorization,25,full_List_10,pass,$${overridespreadsheet},full_List_10,2,phonetic categorization,1.2 second pause,dp6plq,5,timedOut,,,1203.4600000000064,1200,1203.4600000000064,1203.4600000000064,1200,1203.4600000000064,1,0,0,,Time Limit,screen,0,screen,phonetic categorization,dill,dill_30.wav,,,till,dill,,,,,30,,1,,,,234,,test,,T1,,,d-right,,
59,1784152871736,15/07/2026 22:01:11,1784152871736,-7,15/07/2026 15:01:11,269901,13,task-pkec,repeat-7r7d#1,57237405,,16361732,,complete,,,computer,Desktop or Laptop,Mac OS 10.15,Firefox 150.0,1470x956,1470x810,,,0,Phonetic categorization,25,full_List_10,pass,$${overridespreadsheet},full_List_10,3,phonetic categorization,fixation,99n54d,1,response,,,500,500,500,500,500,500,1,0,0,,Time Limit,screen,0,screen,phonetic categorization,dip,dip_15.wav,,,tip,dip,,,,,15,,1,,,,234,,test,,T1,,,d-right,,
60,1784152872233,15/07/2026 22:01:12,1784152872233,-7,15/07/2026 15:01:12,269901,13,task-pkec,repeat-7r7d#1,57237405,,16361732,,complete,,,computer,Desktop or Laptop,Mac OS 10.15,Firefox 150.0,1470x956,1470x810,,,0,Phonetic categorization,25,full_List_10,pass,$${overridespreadsheet},full_List_10,3,phonetic categorization,show option,yef3xk,2,response,,,500,500,500,500,500,500,1,0,0,,Time Limit,screen,0,screen,phonetic categorization,dip,dip_15.wav,,,tip,dip,,,,,15,,1,,,,234,,test,,T1,,,d-right,,
61,1784152872238,15/07/2026 22:01:12,1784152872238,-7,15/07/2026 15:01:12,269901,13,task-pkec,repeat-7r7d#1,57237405,,16361732,,complete,,,computer,Desktop or Laptop,Mac OS 10.15,Firefox 150.0,1470x956,1470x810,,,0,Phonetic categorization,25,full_List_10,pass,$${overridespreadsheet},full_List_10,3,phonetic categorization,soundplay,x8jhtp,3,info,audio started,,5.460000000006403,0,5.460000000006403,5.460000000006403,0,5.460000000006403,0,0,0,,Audio Clip,Audio,1,object-207,phonetic categorization,dip,dip_15.wav,,,tip,dip,,,,,15,,1,,,,234,,test,,T1,,,d-right,,
62,1784152872644,15/07/2026 22:01:12,1784152872644,-7,15/07/2026 15:01:12,269901,13,task-pkec,repeat-7r7d#1,57237405,,16361732,,complete,,,computer,Desktop or Laptop,Mac OS 10.15,Firefox 150.0,1470x956,1470x810,,,0,Phonetic categorization,25,full_List_10,pass,$${overridespreadsheet},full_List_10,3,phonetic categorization,soundplay,x8jhtp,3,info,audio finished,,411.4600000000064,400,411.4600000000064,411.4600000000064,400,411.4600000000064,0,0,0,,Audio Clip,Audio,1,object-207,phonetic categorization,dip,dip_15.wav,,,tip,dip,,,,,15,,1,,,,234,,test,,T1,,,d-right,,
63,1784152872646,15/07/2026 22:01:12,1784152872646,-7,15/07/2026 15:01:12,269901,13,task-pkec,repeat-7r7d#1,57237405,,16361732,,complete,,,computer,Desktop or Laptop,Mac OS 10.15,Firefox 150.0,1470x956,1470x810,,,0,Phonetic categorization,25,full_List_10,pass,$${overridespreadsheet},full_List_10,3,phonetic categorization,soundplay,x8jhtp,3,continue,,,412.4600000000064,400,412.4600000000064,412.4600000000064,400,412.4600000000064,1,0,0,,Audio Clip,Audio,1,object-207,phonetic categorization,dip,dip_15.wav,,,tip,dip,,,,,15,,1,,,,234,,test,,T1,,,d-right,,
64,1784152872945,15/07/2026 22:01:12,1784152872945,-7,15/07/2026 15:01:12,269901,13,task-pkec,repeat-7r7d#1,57237405,,16361732,,complete,,,computer,Desktop or Laptop,Mac OS 10.15,Firefox 150.0,1470x956,1470x810,,,0,Phonetic categorization,25,full_List_10,pass,$${overridespreadsheet},full_List_10,3,phonetic categorization,2AFC,6i7z8o,4,response,dip,,313.4600000000064,300,313.4600000000064,313.4600000000064,300,313.4600000000064,1,0,0,,Keyboard Response,Keyboard Response,1,object-119,phonetic categorization,dip,dip_15.wav,,,tip,dip,,,,,15,,1,,,,234,,test,,T1,,,d-right,,
65,1784152874139,15/07/2026 22:01:14,1784152874139,-7,15/07/2026 15:01:14,269901,13,task-pkec,repeat-7r7d#1,57237405,,16361732,,complete,,,computer,Desktop or Laptop,Mac OS 10.15,Firefox 150.0,1470x956,1470x810,,,0,Phonetic categorization,25,full_List_10,pass,$${overridespreadsheet},full_List_10,3,phonetic categorization,1.2 second pause,dp6plq,5,timedOut,,,1205.4600000000064,1200,1205.4600000000064,1205.4600000000064,1200,1205.4600000000064,1,0,0,,Time Limit,screen,0,screen,phonetic categorization,dip,dip_15.wav,,,tip,dip,,,,,15,,1,,,,234,,test,,T1,,,d-right,,
66,1784152874636,15/07/2026 22:01:14,1784152874636,-7,15/07/2026 15:01:14,269901,13,task-pkec,repeat-7r7d#1,57237405,,16361732,,complete,,,computer,Desktop or Laptop,Mac OS 10.15,Firefox 150.0,1470x956,1470x810,,,0,Phonetic categorization,25,full_List_10,pass,$${overridespreadsheet},full_List_10,4,phonetic categorization,fixation,99n54d,1,response,,,500,500,500,500,500,500,1,0,0,,Time Limit,screen,0,screen,phonetic categorization,dill,dill_50.wav,,,till,dill,,,,,50,,1,,,,234,,test,,T1,,,d-right,,
67,1784152875138,15/07/2026 22:01:15,1784152875138,-7,15/07/2026 15:01:15,269901,13,task-pkec,repeat-7r7d#1,57237405,,16361732,,complete,,,computer,Desktop or Laptop,Mac OS 10.15,Firefox 150.0,1470x956,1470x810,,,0,Phonetic categorization,25,full_List_10,pass,$${overridespreadsheet},full_List_10,4,phonetic categorization,show option,yef3xk,2,response,,,500,500,500,500,500,500,1,0,0,,Time Limit,screen,0,screen,phonetic categorization,dill,dill_50.wav,,,till,dill,,,,,50,,1,,,,234,,test,,T1,,,d-right,,
68,1784152875143,15/07/2026 22:01:15,1784152875143,-7,15/07/2026 15:01:15,269901,13,task-pkec,repeat-7r7d#1,57237405,,16361732,,complete,,,computer,Desktop or Laptop,Mac OS 10.15,Firefox 150.0,1470x956,1470x810,,,0,Phonetic categorization,25,full_List_10,pass,$${overridespreadsheet},full_List_10,4,phonetic categorization,soundplay,x8jhtp,3,info,audio started,,10.460000000006403,0,10.460000000006403,10.460000000006403,0,10.460000000006403,0,0,0,,Audio Clip,Audio,1,object-207,phonetic categorization,dill,dill_50.wav,,,till,dill,,,,,50,,1,,,,234,,test,,T1,,,d-right,,
69,1784152875514,15/07/2026 22:01:15,1784152875514,-7,15/07/2026 15:01:15,269901,13,task-pkec,repeat-7r7d#1,57237405,,16361732,,complete,,,computer,Desktop or Laptop,Mac OS 10.15,Firefox 150.0,1470x956,1470x810,,,0,Phonetic categorization,25,full_List_10,pass,$${overridespreadsheet},full_List_10,4,phonetic categorization,soundplay,x8jhtp,3,info,audio finished,,380.4600000000064,366.6600000000035,380.4600000000064,380.4600000000064,366.6600000000035,380.4600000000064,0,0,0,,Audio Clip,Audio,1,object-207,phonetic categorization,dill,dill_50.wav,,,till,dill,,,,,50,,1,,,,234,,test,,T1,,,d-right,,
70,1784152875515,15/07/2026 22:01:15,1784152875515,-7,15/07/2026 15:01:15,269901,13,task-pkec,repeat-7r7d#1,57237405,,16361732,,complete,,,computer,Desktop or Laptop,Mac OS 10.15,Firefox 150.0,1470x956,1470x810,,,0,Phonetic categorization,25,full_List_10,pass,$${overridespreadsheet},full_List_10,4,phonetic categorization,soundplay,x8jhtp,3,continue,,,382.4600000000064,366.6600000000035,382.4600000000064,382.4600000000064,366.6600000000035,382.4600000000064,1,0,0,,Audio Clip,Audio,1,object-207,phonetic categorization,dill,dill_50.wav,,,till,dill,,,,,50,,1,,,,234,,test,,T1,,,d-right,,
71,1784152876158,15/07/2026 22:01:16,1784152876158,-7,15/07/2026 15:01:16,269901,13,task-pkec,repeat-7r7d#1,57237405,,16361732,,complete,,,computer,Desktop or Laptop,Mac OS 10.15,Firefox 150.0,1470x956,1470x810,,,0,Phonetic categorization,25,full_List_10,pass,$${overridespreadsheet},full_List_10,4,phonetic categorization,2AFC,6i7z8o,4,response,dill,,657.8000000000029,650,657.8000000000029,657.8000000000029,650,657.8000000000029,1,0,0,,Keyboard Response,Keyboard Response,1,object-119,phonetic categorization,dill,dill_50.wav,,,till,dill,,,,,50,,1,,,,234,,test,,T1,,,d-right,,
72,1784152877353,15/07/2026 22:01:17,1784152877353,-7,15/07/2026 15:01:17,269901,13,task-pkec,repeat-7r7d#1,57237405,,16361732,,complete,,,computer,Desktop or Laptop,Mac OS 10.15,Firefox 150.0,1470x956,1470x810,,,0,Phonetic categorization,25,full_List_10,pass,$${overridespreadsheet},full_List_10,4,phonetic categorization,1.2 second pause,dp6plq,5,timedOut,,,1202.800000000003,1200,1202.800000000003,1202.800000000003,1200,1202.800000000003,1,0,0,,Time Limit,screen,0,screen,phonetic categorization,dill,dill_50.wav,,,till,dill,,,,,50,,1,,,,234,,test,,T1,,,d-right,,
73,1784152877852,15/07/2026 22:01:17,1784152877852,-7,15/07/2026 15:01:17,269901,13,task-pkec,repeat-7r7d#1,57237405,,16361732,,complete,,,computer,Desktop or Laptop,Mac OS 10.15,Firefox 150.0,1470x956,1470x810,,,0,Phonetic categorization,25,full_List_10,pass,$${overridespreadsheet},full_List_10,5,phonetic categorization,fixation,99n54d,1,response,,,500,500,500,500,500,500,1,0,0,,Time Limit,screen,0,screen,phonetic categorization,din,din_-5.wav,,,tin,din,,,,,-5,,1,,,,234,,test,,T1,,,d-right,,
74,1784152878350,15/07/2026 22:01:18,1784152878350,-7,15/07/2026 15:01:18,269901,13,task-pkec,repeat-7r7d#1,57237405,,16361732,,complete,,,computer,Desktop or Laptop,Mac OS 10.15,Firefox 150.0,1470x956,1470x810,,,0,Phonetic categorization,25,full_List_10,pass,$${overridespreadsheet},full_List_10,5,phonetic categorization,show option,yef3xk,2,response,,,500,500,500,500,500,500,1,0,0,,Time Limit,screen,0,screen,phonetic categorization,din,din_-5.wav,,,tin,din,,,,,-5,,1,,,,234,,test,,T1,,,d-right,,
75,1784152878357,15/07/2026 22:01:18,1784152878357,-7,15/07/2026 15:01:18,269901,13,task-pkec,repeat-7r7d#1,57237405,,16361732,,complete,,,computer,Desktop or Laptop,Mac OS 10.15,Firefox 150.0,1470x956,1470x810,,,0,Phonetic categorization,25,full_List_10,pass,$${overridespreadsheet},full_List_10,5,phonetic categorization,soundplay,x8jhtp,3,info,audio started,,7.80000000000291,0,7.80000000000291,7.80000000000291,0,7.80000000000291,0,0,0,,Audio Clip,Audio,1,object-207,phonetic categorization,din,din_-5.wav,,,tin,din,,,,,-5,,1,,,,234,,test,,T1,,,d-right,,
76,1784152878691,15/07/2026 22:01:18,1784152878691,-7,15/07/2026 15:01:18,269901,13,task-pkec,repeat-7r7d#1,57237405,,16361732,,complete,,,computer,Desktop or Laptop,Mac OS 10.15,Firefox 150.0,1470x956,1470x810,,,0,Phonetic categorization,25,full_List_10,pass,$${overridespreadsheet},full_List_10,5,phonetic categorization,soundplay,x8jhtp,3,info,audio finished,,340.8000000000029,333.3000000000029,340.8000000000029,340.8000000000029,333.3000000000029,340.8000000000029,0,0,0,,Audio Clip,Audio,1,object-207,phonetic categorization,din,din_-5.wav,,,tin,din,,,,,-5,,1,,,,234,,test,,T1,,,d-right,,
77,1784152878692,15/07/2026 22:01:18,1784152878692,-7,15/07/2026 15:01:18,269901,13,task-pkec,repeat-7r7d#1,57237405,,16361732,,complete,,,computer,Desktop or Laptop,Mac OS 10.15,Firefox 150.0,1470x956,1470x810,,,0,Phonetic categorization,25,full_List_10,pass,$${overridespreadsheet},full_List_10,5,phonetic categorization,soundplay,x8jhtp,3,continue,,,342.8000000000029,333.3000000000029,342.8000000000029,342.8000000000029,333.3000000000029,342.8000000000029,1,0,0,,Audio Clip,Audio,1,object-207,phonetic categorization,din,din_-5.wav,,,tin,din,,,,,-5,,1,,,,234,,test,,T1,,,d-right,,
78,1784152879230,15/07/2026 22:01:19,1784152879230,-7,15/07/2026 15:01:19,269901,13,task-pkec,repeat-7r7d#1,57237405,,16361732,,complete,,,computer,Desktop or Laptop,Mac OS 10.15,Firefox 150.0,1470x956,1470x810,,,0,Phonetic categorization,25,full_List_10,pass,$${overridespreadsheet},full_List_10,5,phonetic categorization,2AFC,6i7z8o,4,response,din,,546.5,533.3600000000006,546.5,546.5,533.3600000000006,546.5,1,0,0,,Keyboard Response,Keyboard Response,1,object-119,phonetic categorization,din,din_-5.wav,,,tin,din,,,,,-5,,1,,,,234,,test,,T1,,,d-right,,
79,1784152880419,15/07/2026 22:01:20,1784152880419,-7,15/07/2026 15:01:20,269901,13,task-pkec,repeat-7r7d#1,57237405,,16361732,,complete,,,computer,Desktop or Laptop,Mac OS 10.15,Firefox 150.0,1470x956,1470x810,,,0,Phonetic categorization,25,full_List_10,pass,$${overridespreadsheet},full_List_10,5,phonetic categorization,1.2 second pause,dp6plq,5,timedOut,,,1203.1399999999994,1200,1203.1399999999994,1203.1399999999994,1200,1203.1399999999994,1,0,0,,Time Limit,screen,0,screen,phonetic categorization,din,din_-5.wav,,,tin,din,,,,,-5,,1,,,,234,,test,,T1,,,d-right,,
80,1784152880920,15/07/2026 22:01:20,1784152880920,-7,15/07/2026 15:01:20,269901,13,task-pkec,repeat-7r7d#1,57237405,,16361732,,complete,,,computer,Desktop or Laptop,Mac OS 10.15,Firefox 150.0,1470x956,1470x810,,,0,Phonetic categorization,25,full_List_10,pass,$${overridespreadsheet},full_List_10,6,phonetic categorization,fixation,99n54d,1,response,,,500,500,500,500,500,500,1,0,0,,Time Limit,screen,0,screen,phonetic categorization,din,din_25.wav,,,tin,din,,,,,25,,1,,,,234,,test,,T1,,,d-right,,
81,1784152881418,15/07/2026 22:01:21,1784152881418,-7,15/07/2026 15:01:21,269901,13,task-pkec,repeat-7r7d#1,57237405,,16361732,,complete,,,computer,Desktop or Laptop,Mac OS 10.15,Firefox 150.0,1470x956,1470x810,,,0,Phonetic categorization,25,full_List_10,pass,$${overridespreadsheet},full_List_10,6,phonetic categorization,show option,yef3xk,2,response,,,500,500,500,500,500,500,1,0,0,,Time Limit,screen,0,screen,phonetic categorization,din,din_25.wav,,,tin,din,,,,,25,,1,,,,234,,test,,T1,,,d-right,,
82,1784152881425,15/07/2026 22:01:21,1784152881425,-7,15/07/2026 15:01:21,269901,13,task-pkec,repeat-7r7d#1,57237405,,16361732,,complete,,,computer,Desktop or Laptop,Mac OS 10.15,Firefox 150.0,1470x956,1470x810,,,0,Phonetic categorization,25,full_List_10,pass,$${overridespreadsheet},full_List_10,6,phonetic categorization,soundplay,x8jhtp,3,info,audio started,,9.139999999999418,0,9.139999999999418,9.139999999999418,0,9.139999999999418,0,0,0,,Audio Clip,Audio,1,object-207,phonetic categorization,din,din_25.wav,,,tin,din,,,,,25,,1,,,,234,,test,,T1,,,d-right,,
83,1784152881767,15/07/2026 22:01:21,1784152881767,-7,15/07/2026 15:01:21,269901,13,task-pkec,repeat-7r7d#1,57237405,,16361732,,complete,,,computer,Desktop or Laptop,Mac OS 10.15,Firefox 150.0,1470x956,1470x810,,,0,Phonetic categorization,25,full_List_10,pass,$${overridespreadsheet},full_List_10,6,phonetic categorization,soundplay,x8jhtp,3,info,audio finished,,352.1399999999994,350,352.1399999999994,352.1399999999994,350,352.1399999999994,0,0,0,,Audio Clip,Audio,1,object-207,phonetic categorization,din,din_25.wav,,,tin,din,,,,,25,,1,,,,234,,test,,T1,,,d-right,,
84,1784152881768,15/07/2026 22:01:21,1784152881768,-7,15/07/2026 15:01:21,269901,13,task-pkec,repeat-7r7d#1,57237405,,16361732,,complete,,,computer,Desktop or Laptop,Mac OS 10.15,Firefox 150.0,1470x956,1470x810,,,0,Phonetic categorization,25,full_List_10,pass,$${overridespreadsheet},full_List_10,6,phonetic categorization,soundplay,x8jhtp,3,continue,,,352.1399999999994,350,352.1399999999994,352.1399999999994,350,352.1399999999994,1,0,0,,Audio Clip,Audio,1,object-207,phonetic categorization,din,din_25.wav,,,tin,din,,,,,25,,1,,,,234,,test,,T1,,,d-right,,
85,1784152882060,15/07/2026 22:01:22,1784152882060,-7,15/07/2026 15:01:22,269901,13,task-pkec,repeat-7r7d#1,57237405,,16361732,,complete,,,computer,Desktop or Laptop,Mac OS 10.15,Firefox 150.0,1470x956,1470x810,,,0,Phonetic categorization,25,full_List_10,pass,$${overridespreadsheet},full_List_10,6,phonetic categorization,2AFC,6i7z8o,4,response,din,,293.1399999999994,283.3399999999965,293.1399999999994,293.1399999999994,283.3399999999965,293.1399999999994,1,0,0,,Keyboard Response,Keyboard Response,1,object-119,phonetic categorization,din,din_25.wav,,,tin,din,,,,,25,,1,,,,234,,test,,T1,,,d-right,,
86,1784152883251,15/07/2026 22:01:23,1784152883251,-7,15/07/2026 15:01:23,269901,13,task-pkec,repeat-7r7d#1,57237405,,16361732,,complete,,,computer,Desktop or Laptop,Mac OS 10.15,Firefox 150.0,1470x956,1470x810,,,0,Phonetic categorization,25,full_List_10,pass,$${overridespreadsheet},full_List_10,6,phonetic categorization,1.2 second pause,dp6plq,5,timedOut,,,1201.800000000003,1200,1201.800000000003,1201.800000000003,1200,1201.800000000003,1,0,0,,Time Limit,screen,0,screen,phonetic categorization,din,din_25.wav,,,tin,din,,,,,25,,1,,,,234,,test,,T1,,,d-right,,
87,1784152883749,15/07/2026 22:01:23,1784152883749,-7,15/07/2026 15:01:23,269901,13,task-pkec,repeat-7r7d#1,57237405,,16361732,,complete,,,computer,Desktop or Laptop,Mac OS 10.15,Firefox 150.0,1470x956,1470x810,,,0,Phonetic categorization,25,full_List_10,pass,$${overridespreadsheet},full_List_10,7,phonetic categorization,fixation,99n54d,1,response,,,499.72000000000116,499.72000000000116,499.72000000000116,499.72000000000116,499.72000000000116,499.72000000000116,1,0,0,,Time Limit,screen,0,screen,phonetic categorization,dip,dip_40.wav,,,tip,dip,,,,,40,,1,,,,234,,test,,T1,,,d-right,,
88,1784152884253,15/07/2026 22:01:24,1784152884253,-7,15/07/2026 15:01:24,269901,13,task-pkec,repeat-7r7d#1,57237405,,16361732,,complete,,,computer,Desktop or Laptop,Mac OS 10.15,Firefox 150.0,1470x956,1470x810,,,0,Phonetic categorization,25,full_List_10,pass,$${overridespreadsheet},full_List_10,7,phonetic categorization,show option,yef3xk,2,response,,,500.27999999999884,500.27999999999884,500.27999999999884,500.27999999999884,500.27999999999884,500.27999999999884,1,0,0,,Time Limit,screen,0,screen,phonetic categorization,dip,dip_40.wav,,,tip,dip,,,,,40,,1,,,,234,,test,,T1,,,d-right,,
89,1784152884260,15/07/2026 22:01:24,1784152884260,-7,15/07/2026 15:01:24,269901,13,task-pkec,repeat-7r7d#1,57237405,,16361732,,complete,,,computer,Desktop or Laptop,Mac OS 10.15,Firefox 150.0,1470x956,1470x810,,,0,Phonetic categorization,25,full_List_10,pass,$${overridespreadsheet},full_List_10,7,phonetic categorization,soundplay,x8jhtp,3,info,audio started,,11.80000000000291,0,11.80000000000291,11.80000000000291,0,11.80000000000291,0,0,0,,Audio Clip,Audio,1,object-207,phonetic categorization,dip,dip_40.wav,,,tip,dip,,,,,40,,1,,,,234,,test,,T1,,,d-right,,
90,1784152884684,15/07/2026 22:01:24,1784152884684,-7,15/07/2026 15:01:24,269901,13,task-pkec,repeat-7r7d#1,57237405,,16361732,,complete,,,computer,Desktop or Laptop,Mac OS 10.15,Firefox 150.0,1470x956,1470x810,,,0,Phonetic categorization,25,full_List_10,pass,$${overridespreadsheet},full_List_10,7,phonetic categorization,soundplay,x8jhtp,3,info,audio finished,,435.8000000000029,433.3399999999965,435.8000000000029,435.8000000000029,433.3399999999965,435.8000000000029,0,0,0,,Audio Clip,Audio,1,object-207,phonetic categorization,dip,dip_40.wav,,,tip,dip,,,,,40,,1,,,,234,,test,,T1,,,d-right,,
91,1784152884686,15/07/2026 22:01:24,1784152884686,-7,15/07/2026 15:01:24,269901,13,task-pkec,repeat-7r7d#1,57237405,,16361732,,complete,,,computer,Desktop or Laptop,Mac OS 10.15,Firefox 150.0,1470x956,1470x810,,,0,Phonetic categorization,25,full_List_10,pass,$${overridespreadsheet},full_List_10,7,phonetic categorization,soundplay,x8jhtp,3,continue,,,436.8000000000029,433.3399999999965,436.8000000000029,436.8000000000029,433.3399999999965,436.8000000000029,1,0,0,,Audio Clip,Audio,1,object-207,phonetic categorization,dip,dip_40.wav,,,tip,dip,,,,,40,,1,,,,234,,test,,T1,,,d-right,,
92,1784152885141,15/07/2026 22:01:25,1784152885141,-7,15/07/2026 15:01:25,269901,13,task-pkec,repeat-7r7d#1,57237405,,16361732,,complete,,,computer,Desktop or Laptop,Mac OS 10.15,Firefox 150.0,1470x956,1470x810,,,0,Phonetic categorization,25,full_List_10,pass,$${overridespreadsheet},full_List_10,7,phonetic categorization,2AFC,6i7z8o,4,response,dip,,458.4600000000064,450,458.4600000000064,458.4600000000064,450,458.4600000000064,1,0,0,,Keyboard Response,Keyboard Response,1,object-119,phonetic categorization,dip,dip_40.wav,,,tip,dip,,,,,40,,1,,,,234,,test,,T1,,,d-right,,
93,1784152886336,15/07/2026 22:01:26,1784152886336,-7,15/07/2026 15:01:26,269901,13,task-pkec,repeat-7r7d#1,57237405,,16361732,,complete,,,computer,Desktop or Laptop,Mac OS 10.15,Firefox 150.0,1470x956,1470x810,,,0,Phonetic categorization,25,full_List_10,pass,$${overridespreadsheet},full_List_10,7,phonetic categorization,1.2 second pause,dp6plq,5,timedOut,,,1203.4600000000064,1200,1203.4600000000064,1203.4600000000064,1200,1203.4600000000064,1,0,0,,Time Limit,screen,0,screen,phonetic categorization,dip,dip_40.wav,,,tip,dip,,,,,40,,1,,,,234,,test,,T1,,,d-right,,
94,1784152886836,15/07/2026 22:01:26,1784152886836,-7,15/07/2026 15:01:26,269901,13,task-pkec,repeat-7r7d#1,57237405,,16361732,,complete,,,computer,Desktop or Laptop,Mac OS 10.15,Firefox 150.0,1470x956,1470x810,,,0,Phonetic categorization,25,full_List_10,pass,$${overridespreadsheet},full_List_10,8,phonetic categorization,fixation,99n54d,1,response,,,500,500,500,500,500,500,1,0,0,,Time Limit,screen,0,screen,phonetic categorization,dip,dip_45.wav,,,tip,dip,,,,,45,,1,,,,234,,test,,T1,,,d-right,,
95,1784152887337,15/07/2026 22:01:27,1784152887337,-7,15/07/2026 15:01:27,269901,13,task-pkec,repeat-7r7d#1,57237405,,16361732,,complete,,,computer,Desktop or Laptop,Mac OS 10.15,Firefox 150.0,1470x956,1470x810,,,0,Phonetic categorization,25,full_List_10,pass,$${overridespreadsheet},full_List_10,8,phonetic categorization,show option,yef3xk,2,response,,,500,500,500,500,500,500,1,0,0,,Time Limit,screen,0,screen,phonetic categorization,dip,dip_45.wav,,,tip,dip,,,,,45,,1,,,,234,,test,,T1,,,d-right,,
96,1784152887345,15/07/2026 22:01:27,1784152887345,-7,15/07/2026 15:01:27,269901,13,task-pkec,repeat-7r7d#1,57237405,,16361732,,complete,,,computer,Desktop or Laptop,Mac OS 10.15,Firefox 150.0,1470x956,1470x810,,,0,Phonetic categorization,25,full_List_10,pass,$${overridespreadsheet},full_List_10,8,phonetic categorization,soundplay,x8jhtp,3,info,audio started,,12.460000000006403,0,12.460000000006403,12.460000000006403,0,12.460000000006403,0,0,0,,Audio Clip,Audio,1,object-207,phonetic categorization,dip,dip_45.wav,,,tip,dip,,,,,45,,1,,,,234,,test,,T1,,,d-right,,
97,1784152887772,15/07/2026 22:01:27,1784152887772,-7,15/07/2026 15:01:27,269901,13,task-pkec,repeat-7r7d#1,57237405,,16361732,,complete,,,computer,Desktop or Laptop,Mac OS 10.15,Firefox 150.0,1470x956,1470x810,,,0,Phonetic categorization,25,full_List_10,pass,$${overridespreadsheet},full_List_10,8,phonetic categorization,soundplay,x8jhtp,3,info,audio finished,,440.4600000000064,433.320000000007,440.4600000000064,440.4600000000064,433.320000000007,440.4600000000064,0,0,0,,Audio Clip,Audio,1,object-207,phonetic categorization,dip,dip_45.wav,,,tip,dip,,,,,45,,1,,,,234,,test,,T1,,,d-right,,
98,1784152887774,15/07/2026 22:01:27,1784152887774,-7,15/07/2026 15:01:27,269901,13,task-pkec,repeat-7r7d#1,57237405,,16361732,,complete,,,computer,Desktop or Laptop,Mac OS 10.15,Firefox 150.0,1470x956,1470x810,,,0,Phonetic categorization,25,full_List_10,pass,$${overridespreadsheet},full_List_10,8,phonetic categorization,soundplay,x8jhtp,3,continue,,,441.4600000000064,433.320000000007,441.4600000000064,441.4600000000064,433.320000000007,441.4600000000064,1,0,0,,Audio Clip,Audio,1,object-207,phonetic categorization,dip,dip_45.wav,,,tip,dip,,,,,45,,1,,,,234,,test,,T1,,,d-right,,
99,1784152888106,15/07/2026 22:01:28,1784152888106,-7,15/07/2026 15:01:28,269901,13,task-pkec,repeat-7r7d#1,57237405,,16361732,,complete,,,computer,Desktop or Laptop,Mac OS 10.15,Firefox 150.0,1470x956,1470x810,,,0,Phonetic categorization,25,full_List_10,pass,$${overridespreadsheet},full_List_10,8,phonetic categorization,2AFC,6i7z8o,4,response,dip,,340.1399999999994,333.3399999999965,340.1399999999994,340.1399999999994,333.3399999999965,340.1399999999994,1,0,0,,Keyboard Response,Keyboard Response,1,object-119,phonetic categorization,dip,dip_45.wav,,,tip,dip,,,,,45,,1,,,,234,,test,,T1,,,d-right,,
100,1784152889302,15/07/2026 22:01:29,1784152889302,-7,15/07/2026 15:01:29,269901,13,task-pkec,repeat-7r7d#1,57237405,,16361732,,complete,,,computer,Desktop or Laptop,Mac OS 10.15,Firefox 150.0,1470x956,1470x810,,,0,Phonetic categorization,25,full_List_10,pass,$${overridespreadsheet},full_List_10,8,phonetic categorization,1.2 second pause,dp6plq,5,timedOut,,,1202.800000000003,1200,1202.800000000003,1202.800000000003,1200,1202.800000000003,1,0,0,,Time Limit,screen,0,screen,phonetic categorization,dip,dip_45.wav,,,tip,dip,,,,,45,,1,,,,234,,test,,T1,,,d-right,,
101,1784152889802,15/07/2026 22:01:29,1784152889802,-7,15/07/2026 15:01:29,269901,13,task-pkec,repeat-7r7d#1,57237405,,16361732,,complete,,,computer,Desktop or Laptop,Mac OS 10.15,Firefox 150.0,1470x956,1470x810,,,0,Phonetic categorization,25,full_List_10,pass,$${overridespreadsheet},full_List_10,9,phonetic categorization,fixation,99n54d,1,response,,,500,500,500,500,500,500,1,0,0,,Time Limit,screen,0,screen,phonetic categorization,dill,dill_5.wav,,,till,dill,,,,,5,,1,,,,234,,test,,T1,,,d-right,,
102,1784152890302,15/07/2026 22:01:30,1784152890302,-7,15/07/2026 15:01:30,269901,13,task-pkec,repeat-7r7d#1,57237405,,16361732,,complete,,,computer,Desktop or Laptop,Mac OS 10.15,Firefox 150.0,1470x956,1470x810,,,0,Phonetic categorization,25,full_List_10,pass,$${overridespreadsheet},full_List_10,9,phonetic categorization,show option,yef3xk,2,response,,,500,500,500,500,500,500,1,0,0,,Time Limit,screen,0,screen,phonetic categorization,dill,dill_5.wav,,,till,dill,,,,,5,,1,,,,234,,test,,T1,,,d-right,,
103,1784152890310,15/07/2026 22:01:30,1784152890310,-7,15/07/2026 15:01:30,269901,13,task-pkec,repeat-7r7d#1,57237405,,16361732,,complete,,,computer,Desktop or Laptop,Mac OS 10.15,Firefox 150.0,1470x956,1470x810,,,0,Phonetic categorization,25,full_List_10,pass,$${overridespreadsheet},full_List_10,9,phonetic categorization,soundplay,x8jhtp,3,info,audio started,,10.80000000000291,0,10.80000000000291,10.80000000000291,0,10.80000000000291,0,0,0,,Audio Clip,Audio,1,object-207,phonetic categorization,dill,dill_5.wav,,,till,dill,,,,,5,,1,,,,234,,test,,T1,,,d-right,,
104,1784152890652,15/07/2026 22:01:30,1784152890652,-7,15/07/2026 15:01:30,269901,13,task-pkec,repeat-7r7d#1,57237405,,16361732,,complete,,,computer,Desktop or Laptop,Mac OS 10.15,Firefox 150.0,1470x956,1470x810,,,0,Phonetic categorization,25,full_List_10,pass,$${overridespreadsheet},full_List_10,9,phonetic categorization,soundplay,x8jhtp,3,info,audio finished,,350.0199999999895,333.3399999999965,350.0199999999895,350.0199999999895,333.3399999999965,350.0199999999895,0,0,0,,Audio Clip,Audio,1,object-207,phonetic categorization,dill,dill_5.wav,,,till,dill,,,,,5,,1,,,,234,,test,,T1,,,d-right,,
105,1784152890652,15/07/2026 22:01:30,1784152890652,-7,15/07/2026 15:01:30,269901,13,task-pkec,repeat-7r7d#1,57237405,,16361732,,complete,,,computer,Desktop or Laptop,Mac OS 10.15,Firefox 150.0,1470x956,1470x810,,,0,Phonetic categorization,25,full_List_10,pass,$${overridespreadsheet},full_List_10,9,phonetic categorization,soundplay,x8jhtp,3,continue,,,350.0199999999895,333.3399999999965,350.0199999999895,350.0199999999895,333.3399999999965,350.0199999999895,1,0,0,,Audio Clip,Audio,1,object-207,phonetic categorization,dill,dill_5.wav,,,till,dill,,,,,5,,1,,,,234,,test,,T1,,,d-right,,
106,1784152891117,15/07/2026 22:01:31,1784152891117,-7,15/07/2026 15:01:31,269901,13,task-pkec,repeat-7r7d#1,57237405,,16361732,,complete,,,computer,Desktop or Laptop,Mac OS 10.15,Firefox 150.0,1470x956,1470x810,,,0,Phonetic categorization,25,full_List_10,pass,$${overridespreadsheet},full_List_10,9,phonetic categorization,2AFC,6i7z8o,4,response,dill,,483.320000000007,466.6600000000035,483.320000000007,483.320000000007,466.6600000000035,483.320000000007,1,0,0,,Keyboard Response,Keyboard Response,1,object-119,phonetic categorization,dill,dill_5.wav,,,till,dill,,,,,5,,1,,,,234,,test,,T1,,,d-right,,
107,1784152892301,15/07/2026 22:01:32,1784152892301,-7,15/07/2026 15:01:32,269901,13,task-pkec,repeat-7r7d#1,57237405,,16361732,,complete,,,computer,Desktop or Laptop,Mac OS 10.15,Firefox 150.0,1470x956,1470x810,,,0,Phonetic categorization,25,full_List_10,pass,$${overridespreadsheet},full_List_10,9,phonetic categorization,1.2 second pause,dp6plq,5,timedOut,,,1200.800000000003,1200,1200.800000000003,1200.800000000003,1200,1200.800000000003,1,0,0,,Time Limit,screen,0,screen,phonetic categorization,dill,dill_5.wav,,,till,dill,,,,,5,,1,,,,234,,test,,T1,,,d-right,,
108,1784152892803,15/07/2026 22:01:32,1784152892803,-7,15/07/2026 15:01:32,269901,13,task-pkec,repeat-7r7d#1,57237405,,16361732,,complete,,,computer,Desktop or Laptop,Mac OS 10.15,Firefox 150.0,1470x956,1470x810,,,0,Phonetic categorization,25,full_List_10,pass,$${overridespreadsheet},full_List_10,10,phonetic categorization,fixation,99n54d,1,response,,,500,500,500,500,500,500,1,0,0,,Time Limit,screen,0,screen,phonetic categorization,din,din_55.wav,,,tin,din,,,,,55,,1,,,,234,,test,,T1,,,d-right,,
109,1784152893303,15/07/2026 22:01:33,1784152893303,-7,15/07/2026 15:01:33,269901,13,task-pkec,repeat-7r7d#1,57237405,,16361732,,complete,,,computer,Desktop or Laptop,Mac OS 10.15,Firefox 150.0,1470x956,1470x810,,,0,Phonetic categorization,25,full_List_10,pass,$${overridespreadsheet},full_List_10,10,phonetic categorization,show option,yef3xk,2,response,,,500,500,500,500,500,500,1,0,0,,Time Limit,screen,0,screen,phonetic categorization,din,din_55.wav,,,tin,din,,,,,55,,1,,,,234,,test,,T1,,,d-right,,
110,1784152893309,15/07/2026 22:01:33,1784152893309,-7,15/07/2026 15:01:33,269901,13,task-pkec,repeat-7r7d#1,57237405,,16361732,,complete,,,computer,Desktop or Laptop,Mac OS 10.15,Firefox 150.0,1470x956,1470x810,,,0,Phonetic categorization,25,full_List_10,pass,$${overridespreadsheet},full_List_10,10,phonetic categorization,soundplay,x8jhtp,3,info,audio started,,10.80000000000291,0,10.80000000000291,10.80000000000291,0,10.80000000000291,0,0,0,,Audio Clip,Audio,1,object-207,phonetic categorization,din,din_55.wav,,,tin,din,,,,,55,,1,,,,234,,test,,T1,,,d-right,,
111,1784152893669,15/07/2026 22:01:33,1784152893669,-7,15/07/2026 15:01:33,269901,13,task-pkec,repeat-7r7d#1,57237405,,16361732,,complete,,,computer,Desktop or Laptop,Mac OS 10.15,Firefox 150.0,1470x956,1470x810,,,0,Phonetic categorization,25,full_List_10,pass,$${overridespreadsheet},full_List_10,10,phonetic categorization,soundplay,x8jhtp,3,info,audio finished,,366.6600000000035,350,366.6600000000035,366.6600000000035,350,366.6600000000035,0,0,0,,Audio Clip,Audio,1,object-207,phonetic categorization,din,din_55.wav,,,tin,din,,,,,55,,1,,,,234,,test,,T1,,,d-right,,
112,1784152893670,15/07/2026 22:01:33,1784152893670,-7,15/07/2026 15:01:33,269901,13,task-pkec,repeat-7r7d#1,57237405,,16361732,,complete,,,computer,Desktop or Laptop,Mac OS 10.15,Firefox 150.0,1470x956,1470x810,,,0,Phonetic categorization,25,full_List_10,pass,$${overridespreadsheet},full_List_10,10,phonetic categorization,soundplay,x8jhtp,3,continue,,,366.6600000000035,350,366.6600000000035,366.6600000000035,350,366.6600000000035,1,0,0,,Audio Clip,Audio,1,object-207,phonetic categorization,din,din_55.wav,,,tin,din,,,,,55,,1,,,,234,,test,,T1,,,d-right,,
113,1784152894170,15/07/2026 22:01:34,1784152894170,-7,15/07/2026 15:01:34,269901,13,task-pkec,repeat-7r7d#1,57237405,,16361732,,complete,,,computer,Desktop or Laptop,Mac OS 10.15,Firefox 150.0,1470x956,1470x810,,,0,Phonetic categorization,25,full_List_10,pass,$${overridespreadsheet},full_List_10,10,phonetic categorization,2AFC,6i7z8o,4,response,tin,,516.6600000000035,500,516.6600000000035,516.6600000000035,500,516.6600000000035,0,0,0,,Keyboard Response,Keyboard Response,1,object-119,phonetic categorization,din,din_55.wav,,,tin,din,,,,,55,,1,,,,234,,test,,T1,,,d-right,,
114,1784152895351,15/07/2026 22:01:35,1784152895351,-7,15/07/2026 15:01:35,269901,13,task-pkec,repeat-7r7d#1,57237405,,16361732,,complete,,,computer,Desktop or Laptop,Mac OS 10.15,Firefox 150.0,1470x956,1470x810,,,0,Phonetic categorization,25,full_List_10,pass,$${overridespreadsheet},full_List_10,10,phonetic categorization,1.2 second pause,dp6plq,5,timedOut,,,1201.800000000003,1200,1201.800000000003,1201.800000000003,1200,1201.800000000003,1,0,0,,Time Limit,screen,0,screen,phonetic categorization,din,din_55.wav,,,tin,din,,,,,55,,1,,,,234,,test,,T1,,,d-right,,
115,1784152895851,15/07/2026 22:01:35,1784152895851,-7,15/07/2026 15:01:35,269901,13,task-pkec,repeat-7r7d#1,57237405,,16361732,,complete,,,computer,Desktop or Laptop,Mac OS 10.15,Firefox 150.0,1470x956,1470x810,,,0,Phonetic categorization,25,full_List_10,pass,$${overridespreadsheet},full_List_10,11,phonetic categorization,fixation,99n54d,1,response,,,500,500,500,500,500,500,1,0,0,,Time Limit,screen,0,screen,phonetic categorization,dip,dip_70.wav,,,tip,dip,,,,,70,,1,,,,234,,test,,T1,,,d-right,,
116,1784152896353,15/07/2026 22:01:36,1784152896353,-7,15/07/2026 15:01:36,269901,13,task-pkec,repeat-7r7d#1,57237405,,16361732,,complete,,,computer,Desktop or Laptop,Mac OS 10.15,Firefox 150.0,1470x956,1470x810,,,0,Phonetic categorization,25,full_List_10,pass,$${overridespreadsheet},full_List_10,11,phonetic categorization,show option,yef3xk,2,response,,,500,500,500,500,500,500,1,0,0,,Time Limit,screen,0,screen,phonetic categorization,dip,dip_70.wav,,,tip,dip,,,,,70,,1,,,,234,,test,,T1,,,d-right,,
117,1784152896358,15/07/2026 22:01:36,1784152896358,-7,15/07/2026 15:01:36,269901,13,task-pkec,repeat-7r7d#1,57237405,,16361732,,complete,,,computer,Desktop or Laptop,Mac OS 10.15,Firefox 150.0,1470x956,1470x810,,,0,Phonetic categorization,25,full_List_10,pass,$${overridespreadsheet},full_List_10,11,phonetic categorization,soundplay,x8jhtp,3,info,audio started,,8.80000000000291,0,8.80000000000291,8.80000000000291,0,8.80000000000291,0,0,0,,Audio Clip,Audio,1,object-207,phonetic categorization,dip,dip_70.wav,,,tip,dip,,,,,70,,1,,,,234,,test,,T1,,,d-right,,
118,1784152896803,15/07/2026 22:01:36,1784152896803,-7,15/07/2026 15:01:36,269901,13,task-pkec,repeat-7r7d#1,57237405,,16361732,,complete,,,computer,Desktop or Laptop,Mac OS 10.15,Firefox 150.0,1470x956,1470x810,,,0,Phonetic categorization,25,full_List_10,pass,$${overridespreadsheet},full_List_10,11,phonetic categorization,soundplay,x8jhtp,3,info,audio finished,,452.8000000000029,450,452.8000000000029,452.8000000000029,450,452.8000000000029,0,0,0,,Audio Clip,Audio,1,object-207,phonetic categorization,dip,dip_70.wav,,,tip,dip,,,,,70,,1,,,,234,,test,,T1,,,d-right,,
119,1784152896804,15/07/2026 22:01:36,1784152896804,-7,15/07/2026 15:01:36,269901,13,task-pkec,repeat-7r7d#1,57237405,,16361732,,complete,,,computer,Desktop or Laptop,Mac OS 10.15,Firefox 150.0,1470x956,1470x810,,,0,Phonetic categorization,25,full_List_10,pass,$${overridespreadsheet},full_List_10,11,phonetic categorization,soundplay,x8jhtp,3,continue,,,454.8000000000029,450,454.8000000000029,454.8000000000029,450,454.8000000000029,1,0,0,,Audio Clip,Audio,1,object-207,phonetic categorization,dip,dip_70.wav,,,tip,dip,,,,,70,,1,,,,234,,test,,T1,,,d-right,,
120,1784152897101,15/07/2026 22:01:37,1784152897101,-7,15/07/2026 15:01:37,269901,13,task-pkec,repeat-7r7d#1,57237405,,16361732,,complete,,,computer,Desktop or Laptop,Mac OS 10.15,Firefox 150.0,1470x956,1470x810,,,0,Phonetic categorization,25,full_List_10,pass,$${overridespreadsheet},full_List_10,11,phonetic categorization,2AFC,6i7z8o,4,response,tip,,300.0199999999895,283.3399999999965,300.0199999999895,300.0199999999895,283.3399999999965,300.0199999999895,0,0,0,,Keyboard Response,Keyboard Response,1,object-119,phonetic categorization,dip,dip_70.wav,,,tip,dip,,,,,70,,1,,,,234,,test,,T1,,,d-right,,
121,1784152898286,15/07/2026 22:01:38,1784152898286,-7,15/07/2026 15:01:38,269901,13,task-pkec,repeat-7r7d#1,57237405,,16361732,,complete,,,computer,Desktop or Laptop,Mac OS 10.15,Firefox 150.0,1470x956,1470x810,,,0,Phonetic categorization,25,full_List_10,pass,$${overridespreadsheet},full_List_10,11,phonetic categorization,1.2 second pause,dp6plq,5,timedOut,,,1202.4600000000064,1200,1202.4600000000064,1202.4600000000064,1200,1202.4600000000064,1,0,0,,Time Limit,screen,0,screen,phonetic categorization,dip,dip_70.wav,,,tip,dip,,,,,70,,1,,,,234,,test,,T1,,,d-right,,
122,1784152898785,15/07/2026 22:01:38,1784152898785,-7,15/07/2026 15:01:38,269901,13,task-pkec,repeat-7r7d#1,57237405,,16361732,,complete,,,computer,Desktop or Laptop,Mac OS 10.15,Firefox 150.0,1470x956,1470x810,,,0,Phonetic categorization,25,full_List_10,pass,$${overridespreadsheet},full_List_10,12,phonetic categorization,fixation,99n54d,1,response,,,500,500,500,500,500,500,1,0,0,,Time Limit,screen,0,screen,phonetic categorization,din,din_35.wav,,,tin,din,,,,,35,,1,,,,234,,test,,T1,,,d-right,,
123,1784152899286,15/07/2026 22:01:39,1784152899286,-7,15/07/2026 15:01:39,269901,13,task-pkec,repeat-7r7d#1,57237405,,16361732,,complete,,,computer,Desktop or Laptop,Mac OS 10.15,Firefox 150.0,1470x956,1470x810,,,0,Phonetic categorization,25,full_List_10,pass,$${overridespreadsheet},full_List_10,12,phonetic categorization,show option,yef3xk,2,response,,,500,500,500,500,500,500,1,0,0,,Time Limit,screen,0,screen,phonetic categorization,din,din_35.wav,,,tin,din,,,,,35,,1,,,,234,,test,,T1,,,d-right,,
124,1784152899289,15/07/2026 22:01:39,1784152899289,-7,15/07/2026 15:01:39,269901,13,task-pkec,repeat-7r7d#1,57237405,,16361732,,complete,,,computer,Desktop or Laptop,Mac OS 10.15,Firefox 150.0,1470x956,1470x810,,,0,Phonetic categorization,25,full_List_10,pass,$${overridespreadsheet},full_List_10,12,phonetic categorization,soundplay,x8jhtp,3,info,audio started,,6.460000000006403,0,6.460000000006403,6.460000000006403,0,6.460000000006403,0,0,0,,Audio Clip,Audio,1,object-207,phonetic categorization,din,din_35.wav,,,tin,din,,,,,35,,1,,,,234,,test,,T1,,,d-right,,
125,1784152899636,15/07/2026 22:01:39,1784152899636,-7,15/07/2026 15:01:39,269901,13,task-pkec,repeat-7r7d#1,57237405,,16361732,,complete,,,computer,Desktop or Laptop,Mac OS 10.15,Firefox 150.0,1470x956,1470x810,,,0,Phonetic categorization,25,full_List_10,pass,$${overridespreadsheet},full_List_10,12,phonetic categorization,soundplay,x8jhtp,3,info,audio finished,,352.4600000000064,350,352.4600000000064,352.4600000000064,350,352.4600000000064,0,0,0,,Audio Clip,Audio,1,object-207,phonetic categorization,din,din_35.wav,,,tin,din,,,,,35,,1,,,,234,,test,,T1,,,d-right,,
126,1784152899637,15/07/2026 22:01:39,1784152899637,-7,15/07/2026 15:01:39,269901,13,task-pkec,repeat-7r7d#1,57237405,,16361732,,complete,,,computer,Desktop or Laptop,Mac OS 10.15,Firefox 150.0,1470x956,1470x810,,,0,Phonetic categorization,25,full_List_10,pass,$${overridespreadsheet},full_List_10,12,phonetic categorization,soundplay,x8jhtp,3,continue,,,353.4600000000064,350,353.4600000000064,353.4600000000064,350,353.4600000000064,1,0,0,,Audio Clip,Audio,1,object-207,phonetic categorization,din,din_35.wav,,,tin,din,,,,,35,,1,,,,234,,test,,T1,,,d-right,,
127,1784152900262,15/07/2026 22:01:40,1784152900262,-7,15/07/2026 15:01:40,269901,13,task-pkec,repeat-7r7d#1,57237405,,16361732,,complete,,,computer,Desktop or Laptop,Mac OS 10.15,Firefox 150.0,1470x956,1470x810,,,0,Phonetic categorization,25,full_List_10,pass,$${overridespreadsheet},full_List_10,12,phonetic categorization,2AFC,6i7z8o,4,response,tin,,629.4600000000064,616.6600000000035,629.4600000000064,629.4600000000064,616.6600000000035,629.4600000000064,0,0,0,,Keyboard Response,Keyboard Response,1,object-119,phonetic categorization,din,din_35.wav,,,tin,din,,,,,35,,1,,,,234,,test,,T1,,,d-right,,
128,1784152901451,15/07/2026 22:01:41,1784152901451,-7,15/07/2026 15:01:41,269901,13,task-pkec,repeat-7r7d#1,57237405,,16361732,,complete,,,computer,Desktop or Laptop,Mac OS 10.15,Firefox 150.0,1470x956,1470x810,,,0,Phonetic categorization,25,full_List_10,pass,$${overridespreadsheet},full_List_10,12,phonetic categorization,1.2 second pause,dp6plq,5,timedOut,,,1201.800000000003,1200,1201.800000000003,1201.800000000003,1200,1201.800000000003,1,0,0,,Time Limit,screen,0,screen,phonetic categorization,din,din_35.wav,,,tin,din,,,,,35,,1,,,,234,,test,,T1,,,d-right,,
129,1784152901953,15/07/2026 22:01:41,1784152901953,-7,15/07/2026 15:01:41,269901,13,task-pkec,repeat-7r7d#1,57237405,,16361732,,complete,,,computer,Desktop or Laptop,Mac OS 10.15,Firefox 150.0,1470x956,1470x810,,,0,Phonetic categorization,25,full_List_10,pass,$${overridespreadsheet},full_List_10,13,phonetic categorization,fixation,99n54d,1,response,,,500,500,500,500,500,500,0,0,0,,Time Limit,screen,0,screen,phonetic categorization,dip,dip_20.wav,,,din,dip,,,,expo-10ms,20,,2,labeled,,,234,,exposure,A,C,5,8.94427190999916,d-right,d,
130,1784152902453,15/07/2026 22:01:42,1784152902453,-7,15/07/2026 15:01:42,269901,13,task-pkec,repeat-7r7d#1,57237405,,16361732,,complete,,,computer,Desktop or Laptop,Mac OS 10.15,Firefox 150.0,1470x956,1470x810,,,0,Phonetic categorization,25,full_List_10,pass,$${overridespreadsheet},full_List_10,13,phonetic categorization,show option,yef3xk,2,response,,,500,500,500,500,500,500,1,0,0,,Time Limit,screen,0,screen,phonetic categorization,dip,dip_20.wav,,,din,dip,,,,expo-10ms,20,,2,labeled,,,234,,exposure,A,C,5,8.94427190999916,d-right,d,
131,1784152902458,15/07/2026 22:01:42,1784152902458,-7,15/07/2026 15:01:42,269901,13,task-pkec,repeat-7r7d#1,57237405,,16361732,,complete,,,computer,Desktop or Laptop,Mac OS 10.15,Firefox 150.0,1470x956,1470x810,,,0,Phonetic categorization,25,full_List_10,pass,$${overridespreadsheet},full_List_10,13,phonetic categorization,soundplay,x8jhtp,3,info,audio started,,8.80000000000291,0,8.80000000000291,8.80000000000291,0,8.80000000000291,0,0,0,,Audio Clip,Audio,1,object-207,phonetic categorization,dip,dip_20.wav,,,din,dip,,,,expo-10ms,20,,2,labeled,,,234,,exposure,A,C,5,8.94427190999916,d-right,d,
132,1784152902868,15/07/2026 22:01:42,1784152902868,-7,15/07/2026 15:01:42,269901,13,task-pkec,repeat-7r7d#1,57237405,,16361732,,complete,,,computer,Desktop or Laptop,Mac OS 10.15,Firefox 150.0,1470x956,1470x810,,,0,Phonetic categorization,25,full_List_10,pass,$${overridespreadsheet},full_List_10,13,phonetic categorization,soundplay,x8jhtp,3,info,audio finished,,416.6600000000035,400,416.6600000000035,416.6600000000035,400,416.6600000000035,0,0,0,,Audio Clip,Audio,1,object-207,phonetic categorization,dip,dip_20.wav,,,din,dip,,,,expo-10ms,20,,2,labeled,,,234,,exposure,A,C,5,8.94427190999916,d-right,d,
133,1784152902869,15/07/2026 22:01:42,1784152902869,-7,15/07/2026 15:01:42,269901,13,task-pkec,repeat-7r7d#1,57237405,,16361732,,complete,,,computer,Desktop or Laptop,Mac OS 10.15,Firefox 150.0,1470x956,1470x810,,,0,Phonetic categorization,25,full_List_10,pass,$${overridespreadsheet},full_List_10,13,phonetic categorization,soundplay,x8jhtp,3,continue,,,416.6600000000035,400,416.6600000000035,416.6600000000035,400,416.6600000000035,0,0,0,,Audio Clip,Audio,1,object-207,phonetic categorization,dip,dip_20.wav,,,din,dip,,,,expo-10ms,20,,2,labeled,,,234,,exposure,A,C,5,8.94427190999916,d-right,d,
134,1784152903207,15/07/2026 22:01:43,1784152903207,-7,15/07/2026 15:01:43,269901,13,task-pkec,repeat-7r7d#1,57237405,,16361732,,complete,,,computer,Desktop or Laptop,Mac OS 10.15,Firefox 150.0,1470x956,1470x810,,,0,Phonetic categorization,25,full_List_10,pass,$${overridespreadsheet},full_List_10,13,phonetic categorization,2AFC,6i7z8o,4,response,dip,,357.8000000000029,350,357.8000000000029,357.8000000000029,350,357.8000000000029,1,0,0,,Keyboard Response,Keyboard Response,1,object-119,phonetic categorization,dip,dip_20.wav,,,din,dip,,,,expo-10ms,20,,2,labeled,,,234,,exposure,A,C,5,8.94427190999916,d-right,d,
135,1784152904403,15/07/2026 22:01:44,1784152904403,-7,15/07/2026 15:01:44,269901,13,task-pkec,repeat-7r7d#1,57237405,,16361732,,complete,,,computer,Desktop or Laptop,Mac OS 10.15,Firefox 150.0,1470x956,1470x810,,,0,Phonetic categorization,25,full_List_10,pass,$${overridespreadsheet},full_List_10,13,phonetic categorization,1.2 second pause,dp6plq,5,timedOut,,,1203.800000000003,1200,1203.800000000003,1203.800000000003,1200,1203.800000000003,1,0,0,,Time Limit,screen,0,screen,phonetic categorization,dip,dip_20.wav,,,din,dip,,,,expo-10ms,20,,2,labeled,,,234,,exposure,A,C,5,8.94427190999916,d-right,d,
136,1784152904902,15/07/2026 22:01:44,1784152904902,-7,15/07/2026 15:01:44,269901,13,task-pkec,repeat-7r7d#1,57237405,,16361732,,complete,,,computer,Desktop or Laptop,Mac OS 10.15,Firefox 150.0,1470x956,1470x810,,,0,Phonetic categorization,25,full_List_10,pass,$${overridespreadsheet},full_List_10,14,phonetic categorization,fixation,99n54d,1,response,,,500,500,500,500,500,500,0,0,0,,Time Limit,screen,0,screen,phonetic categorization,till,dill_55.wav,,,till,dill,,,,expo-10ms,55,,2,unlabeled,,,234,,exposure,A,C,50,16.431676725155,d-right,t,
137,1784152905401,15/07/2026 22:01:45,1784152905401,-7,15/07/2026 15:01:45,269901,13,task-pkec,repeat-7r7d#1,57237405,,16361732,,complete,,,computer,Desktop or Laptop,Mac OS 10.15,Firefox 150.0,1470x956,1470x810,,,0,Phonetic categorization,25,full_List_10,pass,$${overridespreadsheet},full_List_10,14,phonetic categorization,show option,yef3xk,2,response,,,500,500,500,500,500,500,1,0,0,,Time Limit,screen,0,screen,phonetic categorization,till,dill_55.wav,,,till,dill,,,,expo-10ms,55,,2,unlabeled,,,234,,exposure,A,C,50,16.431676725155,d-right,t,
138,1784152905407,15/07/2026 22:01:45,1784152905407,-7,15/07/2026 15:01:45,269901,13,task-pkec,repeat-7r7d#1,57237405,,16361732,,complete,,,computer,Desktop or Laptop,Mac OS 10.15,Firefox 150.0,1470x956,1470x810,,,0,Phonetic categorization,25,full_List_10,pass,$${overridespreadsheet},full_List_10,14,phonetic categorization,soundplay,x8jhtp,3,info,audio started,,7.80000000000291,0,7.80000000000291,7.80000000000291,0,7.80000000000291,0,0,0,,Audio Clip,Audio,1,object-207,phonetic categorization,till,dill_55.wav,,,till,dill,,,,expo-10ms,55,,2,unlabeled,,,234,,exposure,A,C,50,16.431676725155,d-right,t,
139,1784152905785,15/07/2026 22:01:45,1784152905785,-7,15/07/2026 15:01:45,269901,13,task-pkec,repeat-7r7d#1,57237405,,16361732,,complete,,,computer,Desktop or Laptop,Mac OS 10.15,Firefox 150.0,1470x956,1470x810,,,0,Phonetic categorization,25,full_List_10,pass,$${overridespreadsheet},full_List_10,14,phonetic categorization,soundplay,x8jhtp,3,info,audio finished,,383.320000000007,366.6600000000035,383.320000000007,383.320000000007,366.6600000000035,383.320000000007,0,0,0,,Audio Clip,Audio,1,object-207,phonetic categorization,till,dill_55.wav,,,till,dill,,,,expo-10ms,55,,2,unlabeled,,,234,,exposure,A,C,50,16.431676725155,d-right,t,
140,1784152905786,15/07/2026 22:01:45,1784152905786,-7,15/07/2026 15:01:45,269901,13,task-pkec,repeat-7r7d#1,57237405,,16361732,,complete,,,computer,Desktop or Laptop,Mac OS 10.15,Firefox 150.0,1470x956,1470x810,,,0,Phonetic categorization,25,full_List_10,pass,$${overridespreadsheet},full_List_10,14,phonetic categorization,soundplay,x8jhtp,3,continue,,,383.320000000007,366.6600000000035,383.320000000007,383.320000000007,366.6600000000035,383.320000000007,0,0,0,,Audio Clip,Audio,1,object-207,phonetic categorization,till,dill_55.wav,,,till,dill,,,,expo-10ms,55,,2,unlabeled,,,234,,exposure,A,C,50,16.431676725155,d-right,t,
141,1784152906247,15/07/2026 22:01:46,1784152906247,-7,15/07/2026 15:01:46,269901,13,task-pkec,repeat-7r7d#1,57237405,,16361732,,complete,,,computer,Desktop or Laptop,Mac OS 10.15,Firefox 150.0,1470x956,1470x810,,,0,Phonetic categorization,25,full_List_10,pass,$${overridespreadsheet},full_List_10,14,phonetic categorization,2AFC,6i7z8o,4,response,till,,481.1399999999994,466.679999999993,481.1399999999994,481.1399999999994,466.679999999993,481.1399999999994,1,0,0,,Keyboard Response,Keyboard Response,1,object-119,phonetic categorization,till,dill_55.wav,,,till,dill,,,,expo-10ms,55,,2,unlabeled,,,234,,exposure,A,C,50,16.431676725155,d-right,t,
142,1784152907432,15/07/2026 22:01:47,1784152907432,-7,15/07/2026 15:01:47,269901,13,task-pkec,repeat-7r7d#1,57237405,,16361732,,complete,,,computer,Desktop or Laptop,Mac OS 10.15,Firefox 150.0,1470x956,1470x810,,,0,Phonetic categorization,25,full_List_10,pass,$${overridespreadsheet},full_List_10,14,phonetic categorization,1.2 second pause,dp6plq,5,timedOut,,,1199.4600000000064,1195.9600000000064,1199.4600000000064,1199.4600000000064,1195.9600000000064,1199.4600000000064,1,0,0,,Time Limit,screen,0,screen,phonetic categorization,till,dill_55.wav,,,till,dill,,,,expo-10ms,55,,2,unlabeled,,,234,,exposure,A,C,50,16.431676725155,d-right,t,
143,1784152907931,15/07/2026 22:01:47,1784152907931,-7,15/07/2026 15:01:47,269901,13,task-pkec,repeat-7r7d#1,57237405,,16361732,,complete,,,computer,Desktop or Laptop,Mac OS 10.15,Firefox 150.0,1470x956,1470x810,,,0,Phonetic categorization,25,full_List_10,pass,$${overridespreadsheet},full_List_10,15,phonetic categorization,fixation,99n54d,1,response,,,500.5599999999977,500.5599999999977,500.5599999999977,500.5599999999977,500.5599999999977,500.5599999999977,0,0,0,,Time Limit,screen,0,screen,phonetic categorization,tin,din_40.wav,,,till,tin,,,,expo-10ms,40,,2,labeled,,,234,,exposure,A,C,50,16.431676725155,d-right,t,
144,1784152908432,15/07/2026 22:01:48,1784152908432,-7,15/07/2026 15:01:48,269901,13,task-pkec,repeat-7r7d#1,57237405,,16361732,,complete,,,computer,Desktop or Laptop,Mac OS 10.15,Firefox 150.0,1470x956,1470x810,,,0,Phonetic categorization,25,full_List_10,pass,$${overridespreadsheet},full_List_10,15,phonetic categorization,show option,yef3xk,2,response,,,500,500,500,500,500,500,1,0,0,,Time Limit,screen,0,screen,phonetic categorization,tin,din_40.wav,,,till,tin,,,,expo-10ms,40,,2,labeled,,,234,,exposure,A,C,50,16.431676725155,d-right,t,
145,1784152908437,15/07/2026 22:01:48,1784152908437,-7,15/07/2026 15:01:48,269901,13,task-pkec,repeat-7r7d#1,57237405,,16361732,,complete,,,computer,Desktop or Laptop,Mac OS 10.15,Firefox 150.0,1470x956,1470x810,,,0,Phonetic categorization,25,full_List_10,pass,$${overridespreadsheet},full_List_10,15,phonetic categorization,soundplay,x8jhtp,3,info,audio started,,6.940000000002328,0,6.940000000002328,6.940000000002328,0,6.940000000002328,0,0,0,,Audio Clip,Audio,1,object-207,phonetic categorization,tin,din_40.wav,,,till,tin,,,,expo-10ms,40,,2,labeled,,,234,,exposure,A,C,50,16.431676725155,d-right,t,
146,1784152908791,15/07/2026 22:01:48,1784152908791,-7,15/07/2026 15:01:48,269901,13,task-pkec,repeat-7r7d#1,57237405,,16361732,,complete,,,computer,Desktop or Laptop,Mac OS 10.15,Firefox 150.0,1470x956,1470x810,,,0,Phonetic categorization,25,full_List_10,pass,$${overridespreadsheet},full_List_10,15,phonetic categorization,soundplay,x8jhtp,3,info,audio finished,,360.9400000000023,350,360.9400000000023,360.9400000000023,350,360.9400000000023,0,0,0,,Audio Clip,Audio,1,object-207,phonetic categorization,tin,din_40.wav,,,till,tin,,,,expo-10ms,40,,2,labeled,,,234,,exposure,A,C,50,16.431676725155,d-right,t,
147,1784152908791,15/07/2026 22:01:48,1784152908791,-7,15/07/2026 15:01:48,269901,13,task-pkec,repeat-7r7d#1,57237405,,16361732,,complete,,,computer,Desktop or Laptop,Mac OS 10.15,Firefox 150.0,1470x956,1470x810,,,0,Phonetic categorization,25,full_List_10,pass,$${overridespreadsheet},full_List_10,15,phonetic categorization,soundplay,x8jhtp,3,continue,,,361.9400000000023,350,361.9400000000023,361.9400000000023,350,361.9400000000023,0,0,0,,Audio Clip,Audio,1,object-207,phonetic categorization,tin,din_40.wav,,,till,tin,,,,expo-10ms,40,,2,labeled,,,234,,exposure,A,C,50,16.431676725155,d-right,t,
148,1784152909159,15/07/2026 22:01:49,1784152909159,-7,15/07/2026 15:01:49,269901,13,task-pkec,repeat-7r7d#1,57237405,,16361732,,complete,,,computer,Desktop or Laptop,Mac OS 10.15,Firefox 150.0,1470x956,1470x810,,,0,Phonetic categorization,25,full_List_10,pass,$${overridespreadsheet},full_List_10,15,phonetic categorization,2AFC,6i7z8o,4,response,tin,,379.9400000000023,366.68000000000757,379.9400000000023,379.9400000000023,366.68000000000757,379.9400000000023,1,0,0,,Keyboard Response,Keyboard Response,1,object-119,phonetic categorization,tin,din_40.wav,,,till,tin,,,,expo-10ms,40,,2,labeled,,,234,,exposure,A,C,50,16.431676725155,d-right,t,
149,1784152910349,15/07/2026 22:01:50,1784152910349,-7,15/07/2026 15:01:50,269901,13,task-pkec,repeat-7r7d#1,57237405,,16361732,,complete,,,computer,Desktop or Laptop,Mac OS 10.15,Firefox 150.0,1470x956,1470x810,,,0,Phonetic categorization,25,full_List_10,pass,$${overridespreadsheet},full_List_10,15,phonetic categorization,1.2 second pause,dp6plq,5,timedOut,,,1203.2599999999948,1200,1203.2599999999948,1203.2599999999948,1200,1203.2599999999948,1,0,0,,Time Limit,screen,0,screen,phonetic categorization,tin,din_40.wav,,,till,tin,,,,expo-10ms,40,,2,labeled,,,234,,exposure,A,C,50,16.431676725155,d-right,t,
150,1784152910849,15/07/2026 22:01:50,1784152910849,-7,15/07/2026 15:01:50,269901,13,task-pkec,repeat-7r7d#1,57237405,,16361732,,complete,,,computer,Desktop or Laptop,Mac OS 10.15,Firefox 150.0,1470x956,1470x810,,,0,Phonetic categorization,25,full_List_10,pass,$${overridespreadsheet},full_List_10,16,phonetic categorization,fixation,99n54d,1,response,,,500,500,500,500,500,500,0,0,0,,Time Limit,screen,0,screen,phonetic categorization,dip,dip_15.wav,,,din,dip,,,,expo-10ms,15,,2,labeled,,,234,,exposure,A,C,5,8.94427190999916,d-right,d,
151,1784152911349,15/07/2026 22:01:51,1784152911349,-7,15/07/2026 15:01:51,269901,13,task-pkec,repeat-7r7d#1,57237405,,16361732,,complete,,,computer,Desktop or Laptop,Mac OS 10.15,Firefox 150.0,1470x956,1470x810,,,0,Phonetic categorization,25,full_List_10,pass,$${overridespreadsheet},full_List_10,16,phonetic categorization,show option,yef3xk,2,response,,,500,500,500,500,500,500,1,0,0,,Time Limit,screen,0,screen,phonetic categorization,dip,dip_15.wav,,,din,dip,,,,expo-10ms,15,,2,labeled,,,234,,exposure,A,C,5,8.94427190999916,d-right,d,
152,1784152911355,15/07/2026 22:01:51,1784152911355,-7,15/07/2026 15:01:51,269901,13,task-pkec,repeat-7r7d#1,57237405,,16361732,,complete,,,computer,Desktop or Laptop,Mac OS 10.15,Firefox 150.0,1470x956,1470x810,,,0,Phonetic categorization,25,full_List_10,pass,$${overridespreadsheet},full_List_10,16,phonetic categorization,soundplay,x8jhtp,3,info,audio started,,9.259999999994761,0,9.259999999994761,9.259999999994761,0,9.259999999994761,0,0,0,,Audio Clip,Audio,1,object-207,phonetic categorization,dip,dip_15.wav,,,din,dip,,,,expo-10ms,15,,2,labeled,,,234,,exposure,A,C,5,8.94427190999916,d-right,d,
153,1784152911762,15/07/2026 22:01:51,1784152911762,-7,15/07/2026 15:01:51,269901,13,task-pkec,repeat-7r7d#1,57237405,,16361732,,complete,,,computer,Desktop or Laptop,Mac OS 10.15,Firefox 150.0,1470x956,1470x810,,,0,Phonetic categorization,25,full_List_10,pass,$${overridespreadsheet},full_List_10,16,phonetic categorization,soundplay,x8jhtp,3,info,audio finished,,416.25999999999476,400,416.25999999999476,416.25999999999476,400,416.25999999999476,0,0,0,,Audio Clip,Audio,1,object-207,phonetic categorization,dip,dip_15.wav,,,din,dip,,,,expo-10ms,15,,2,labeled,,,234,,exposure,A,C,5,8.94427190999916,d-right,d,
154,1784152911763,15/07/2026 22:01:51,1784152911763,-7,15/07/2026 15:01:51,269901,13,task-pkec,repeat-7r7d#1,57237405,,16361732,,complete,,,computer,Desktop or Laptop,Mac OS 10.15,Firefox 150.0,1470x956,1470x810,,,0,Phonetic categorization,25,full_List_10,pass,$${overridespreadsheet},full_List_10,16,phonetic categorization,soundplay,x8jhtp,3,continue,,,416.68000000000757,400,416.68000000000757,416.68000000000757,400,416.68000000000757,0,0,0,,Audio Clip,Audio,1,object-207,phonetic categorization,dip,dip_15.wav,,,din,dip,,,,expo-10ms,15,,2,labeled,,,234,,exposure,A,C,5,8.94427190999916,d-right,d,
155,1784152912023,15/07/2026 22:01:52,1784152912023,-7,15/07/2026 15:01:52,269901,13,task-pkec,repeat-7r7d#1,57237405,,16361732,,complete,,,computer,Desktop or Laptop,Mac OS 10.15,Firefox 150.0,1470x956,1470x810,,,0,Phonetic categorization,25,full_List_10,pass,$${overridespreadsheet},full_List_10,16,phonetic categorization,2AFC,6i7z8o,4,response,dip,,276.25999999999476,266.65999999998894,276.25999999999476,276.25999999999476,266.65999999998894,276.25999999999476,1,0,0,,Keyboard Response,Keyboard Response,1,object-119,phonetic categorization,dip,dip_15.wav,,,din,dip,,,,expo-10ms,15,,2,labeled,,,234,,exposure,A,C,5,8.94427190999916,d-right,d,
156,1784152913213,15/07/2026 22:01:53,1784152913213,-7,15/07/2026 15:01:53,269901,13,task-pkec,repeat-7r7d#1,57237405,,16361732,,complete,,,computer,Desktop or Laptop,Mac OS 10.15,Firefox 150.0,1470x956,1470x810,,,0,Phonetic categorization,25,full_List_10,pass,$${overridespreadsheet},full_List_10,16,phonetic categorization,1.2 second pause,dp6plq,5,timedOut,,,1200.6000000000058,1200,1200.6000000000058,1200.6000000000058,1200,1200.6000000000058,1,0,0,,Time Limit,screen,0,screen,phonetic categorization,dip,dip_15.wav,,,din,dip,,,,expo-10ms,15,,2,labeled,,,234,,exposure,A,C,5,8.94427190999916,d-right,d,
157,1784152913716,15/07/2026 22:01:53,1784152913716,-7,15/07/2026 15:01:53,269901,13,task-pkec,repeat-7r7d#1,57237405,,16361732,,complete,,,computer,Desktop or Laptop,Mac OS 10.15,Firefox 150.0,1470x956,1470x810,,,0,Phonetic categorization,25,full_List_10,pass,$${overridespreadsheet},full_List_10,17,phonetic categorization,fixation,99n54d,1,response,,,500,500,500,500,500,500,0,0,0,,Time Limit,screen,0,screen,phonetic categorization,till,dill_60.wav,,,tin,till,,,,expo-10ms,60,,2,labeled,,,234,,exposure,A,C,50,16.431676725155,d-right,t,
158,1784152914216,15/07/2026 22:01:54,1784152914216,-7,15/07/2026 15:01:54,269901,13,task-pkec,repeat-7r7d#1,57237405,,16361732,,complete,,,computer,Desktop or Laptop,Mac OS 10.15,Firefox 150.0,1470x956,1470x810,,,0,Phonetic categorization,25,full_List_10,pass,$${overridespreadsheet},full_List_10,17,phonetic categorization,show option,yef3xk,2,response,,,500,500,500,500,500,500,1,0,0,,Time Limit,screen,0,screen,phonetic categorization,till,dill_60.wav,,,tin,till,,,,expo-10ms,60,,2,labeled,,,234,,exposure,A,C,50,16.431676725155,d-right,t,
159,1784152914230,15/07/2026 22:01:54,1784152914230,-7,15/07/2026 15:01:54,269901,13,task-pkec,repeat-7r7d#1,57237405,,16361732,,complete,,,computer,Desktop or Laptop,Mac OS 10.15,Firefox 150.0,1470x956,1470x810,,,0,Phonetic categorization,25,full_List_10,pass,$${overridespreadsheet},full_List_10,17,phonetic categorization,soundplay,x8jhtp,3,info,audio started,,16.65999999998894,0,16.65999999998894,16.65999999998894,0,16.65999999998894,0,0,0,,Audio Clip,Audio,1,object-207,phonetic categorization,till,dill_60.wav,,,tin,till,,,,expo-10ms,60,,2,labeled,,,234,,exposure,A,C,50,16.431676725155,d-right,t,
160,1784152914608,15/07/2026 22:01:54,1784152914608,-7,15/07/2026 15:01:54,269901,13,task-pkec,repeat-7r7d#1,57237405,,16361732,,complete,,,computer,Desktop or Laptop,Mac OS 10.15,Firefox 150.0,1470x956,1470x810,,,0,Phonetic categorization,25,full_List_10,pass,$${overridespreadsheet},full_List_10,17,phonetic categorization,soundplay,x8jhtp,3,info,audio finished,,395.6000000000058,383.34000000001106,395.6000000000058,395.6000000000058,383.34000000001106,395.6000000000058,0,0,0,,Audio Clip,Audio,1,object-207,phonetic categorization,till,dill_60.wav,,,tin,till,,,,expo-10ms,60,,2,labeled,,,234,,exposure,A,C,50,16.431676725155,d-right,t,
161,1784152914609,15/07/2026 22:01:54,1784152914609,-7,15/07/2026 15:01:54,269901,13,task-pkec,repeat-7r7d#1,57237405,,16361732,,complete,,,computer,Desktop or Laptop,Mac OS 10.15,Firefox 150.0,1470x956,1470x810,,,0,Phonetic categorization,25,full_List_10,pass,$${overridespreadsheet},full_List_10,17,phonetic categorization,soundplay,x8jhtp,3,continue,,,396.6000000000058,383.34000000001106,396.6000000000058,396.6000000000058,383.34000000001106,396.6000000000058,0,0,0,,Audio Clip,Audio,1,object-207,phonetic categorization,till,dill_60.wav,,,tin,till,,,,expo-10ms,60,,2,labeled,,,234,,exposure,A,C,50,16.431676725155,d-right,t,
162,1784152915143,15/07/2026 22:01:55,1784152915143,-7,15/07/2026 15:01:55,269901,13,task-pkec,repeat-7r7d#1,57237405,,16361732,,complete,,,computer,Desktop or Laptop,Mac OS 10.15,Firefox 150.0,1470x956,1470x810,,,0,Phonetic categorization,25,full_List_10,pass,$${overridespreadsheet},full_List_10,17,phonetic categorization,2AFC,6i7z8o,4,response,till,,545.2599999999948,533.3199999999924,545.2599999999948,545.2599999999948,533.3199999999924,545.2599999999948,1,0,0,,Keyboard Response,Keyboard Response,1,object-119,phonetic categorization,till,dill_60.wav,,,tin,till,,,,expo-10ms,60,,2,labeled,,,234,,exposure,A,C,50,16.431676725155,d-right,t,
163,1784152916334,15/07/2026 22:01:56,1784152916334,-7,15/07/2026 15:01:56,269901,13,task-pkec,repeat-7r7d#1,57237405,,16361732,,complete,,,computer,Desktop or Laptop,Mac OS 10.15,Firefox 150.0,1470x956,1470x810,,,0,Phonetic categorization,25,full_List_10,pass,$${overridespreadsheet},full_List_10,17,phonetic categorization,1.2 second pause,dp6plq,5,timedOut,,,1202.9400000000023,1200,1202.9400000000023,1202.9400000000023,1200,1202.9400000000023,1,0,0,,Time Limit,screen,0,screen,phonetic categorization,till,dill_60.wav,,,tin,till,,,,expo-10ms,60,,2,labeled,,,234,,exposure,A,C,50,16.431676725155,d-right,t,
164,1784152916833,15/07/2026 22:01:56,1784152916833,-7,15/07/2026 15:01:56,269901,13,task-pkec,repeat-7r7d#1,57237405,,16361732,,complete,,,computer,Desktop or Laptop,Mac OS 10.15,Firefox 150.0,1470x956,1470x810,,,0,Phonetic categorization,25,full_List_10,pass,$${overridespreadsheet},full_List_10,18,phonetic categorization,fixation,99n54d,1,response,,,500,500,500,500,500,500,0,0,0,,Time Limit,screen,0,screen,phonetic categorization,din,din_20.wav,,,din,dill,,,,expo-10ms,20,,2,labeled,,,234,,exposure,A,C,5,8.94427190999916,d-right,d,
165,1784152917329,15/07/2026 22:01:57,1784152917329,-7,15/07/2026 15:01:57,269901,13,task-pkec,repeat-7r7d#1,57237405,,16361732,,complete,,,computer,Desktop or Laptop,Mac OS 10.15,Firefox 150.0,1470x956,1470x810,,,0,Phonetic categorization,25,full_List_10,pass,$${overridespreadsheet},full_List_10,18,phonetic categorization,show option,yef3xk,2,response,,,499.91999999999825,499.91999999999825,499.91999999999825,499.91999999999825,499.91999999999825,499.91999999999825,1,0,0,,Time Limit,screen,0,screen,phonetic categorization,din,din_20.wav,,,din,dill,,,,expo-10ms,20,,2,labeled,,,234,,exposure,A,C,5,8.94427190999916,d-right,d,
166,1784152917333,15/07/2026 22:01:57,1784152917333,-7,15/07/2026 15:01:57,269901,13,task-pkec,repeat-7r7d#1,57237405,,16361732,,complete,,,computer,Desktop or Laptop,Mac OS 10.15,Firefox 150.0,1470x956,1470x810,,,0,Phonetic categorization,25,full_List_10,pass,$${overridespreadsheet},full_List_10,18,phonetic categorization,soundplay,x8jhtp,3,info,audio started,,4.0200000000040745,0,4.0200000000040745,4.0200000000040745,0,4.0200000000040745,0,0,0,,Audio Clip,Audio,1,object-207,phonetic categorization,din,din_20.wav,,,din,dill,,,,expo-10ms,20,,2,labeled,,,234,,exposure,A,C,5,8.94427190999916,d-right,d,
167,1784152917671,15/07/2026 22:01:57,1784152917671,-7,15/07/2026 15:01:57,269901,13,task-pkec,repeat-7r7d#1,57237405,,16361732,,complete,,,computer,Desktop or Laptop,Mac OS 10.15,Firefox 150.0,1470x956,1470x810,,,0,Phonetic categorization,25,full_List_10,pass,$${overridespreadsheet},full_List_10,18,phonetic categorization,soundplay,x8jhtp,3,info,audio finished,,342.0200000000041,333.41999999999825,342.0200000000041,342.0200000000041,333.41999999999825,342.0200000000041,0,0,0,,Audio Clip,Audio,1,object-207,phonetic categorization,din,din_20.wav,,,din,dill,,,,expo-10ms,20,,2,labeled,,,234,,exposure,A,C,5,8.94427190999916,d-right,d,
168,1784152917671,15/07/2026 22:01:57,1784152917671,-7,15/07/2026 15:01:57,269901,13,task-pkec,repeat-7r7d#1,57237405,,16361732,,complete,,,computer,Desktop or Laptop,Mac OS 10.15,Firefox 150.0,1470x956,1470x810,,,0,Phonetic categorization,25,full_List_10,pass,$${overridespreadsheet},full_List_10,18,phonetic categorization,soundplay,x8jhtp,3,continue,,,343.0200000000041,333.41999999999825,343.0200000000041,343.0200000000041,333.41999999999825,343.0200000000041,0,0,0,,Audio Clip,Audio,1,object-207,phonetic categorization,din,din_20.wav,,,din,dill,,,,expo-10ms,20,,2,labeled,,,234,,exposure,A,C,5,8.94427190999916,d-right,d,
169,1784152918189,15/07/2026 22:01:58,1784152918189,-7,15/07/2026 15:01:58,269901,13,task-pkec,repeat-7r7d#1,57237405,,16361732,,complete,,,computer,Desktop or Laptop,Mac OS 10.15,Firefox 150.0,1470x956,1470x810,,,0,Phonetic categorization,25,full_List_10,pass,$${overridespreadsheet},full_List_10,18,phonetic categorization,2AFC,6i7z8o,4,response,din,,526.6000000000058,516.6000000000058,526.6000000000058,526.6000000000058,516.6000000000058,526.6000000000058,1,0,0,,Keyboard Response,Keyboard Response,1,object-119,phonetic categorization,din,din_20.wav,,,din,dill,,,,expo-10ms,20,,2,labeled,,,234,,exposure,A,C,5,8.94427190999916,d-right,d,
170,1784152919383,15/07/2026 22:01:59,1784152919383,-7,15/07/2026 15:01:59,269901,13,task-pkec,repeat-7r7d#1,57237405,,16361732,,complete,,,computer,Desktop or Laptop,Mac OS 10.15,Firefox 150.0,1470x956,1470x810,,,0,Phonetic categorization,25,full_List_10,pass,$${overridespreadsheet},full_List_10,18,phonetic categorization,1.2 second pause,dp6plq,5,timedOut,,,1204,1200.0599999999977,1204,1204,1200.0599999999977,1204,1,0,0,,Time Limit,screen,0,screen,phonetic categorization,din,din_20.wav,,,din,dill,,,,expo-10ms,20,,2,labeled,,,234,,exposure,A,C,5,8.94427190999916,d-right,d,
171,1784152919881,15/07/2026 22:01:59,1784152919881,-7,15/07/2026 15:01:59,269901,13,task-pkec,repeat-7r7d#1,57237405,,16361732,,complete,,,computer,Desktop or Laptop,Mac OS 10.15,Firefox 150.0,1470x956,1470x810,,,0,Phonetic categorization,25,full_List_10,pass,$${overridespreadsheet},full_List_10,19,phonetic categorization,fixation,99n54d,1,response,,,500,500,500,500,500,500,0,0,0,,Time Limit,screen,0,screen,phonetic categorization,dip,dip_5.wav,,,tip,dip,,,,expo-10ms,5,,2,unlabeled,,,234,,exposure,A,C,5,8.94427190999916,d-right,d,
172,1784152920381,15/07/2026 22:02:00,1784152920381,-7,15/07/2026 15:02:00,269901,13,task-pkec,repeat-7r7d#1,57237405,,16361732,,complete,,,computer,Desktop or Laptop,Mac OS 10.15,Firefox 150.0,1470x956,1470x810,,,0,Phonetic categorization,25,full_List_10,pass,$${overridespreadsheet},full_List_10,19,phonetic categorization,show option,yef3xk,2,response,,,500,500,500,500,500,500,1,0,0,,Time Limit,screen,0,screen,phonetic categorization,dip,dip_5.wav,,,tip,dip,,,,expo-10ms,5,,2,unlabeled,,,234,,exposure,A,C,5,8.94427190999916,d-right,d,
173,1784152920388,15/07/2026 22:02:00,1784152920388,-7,15/07/2026 15:02:00,269901,13,task-pkec,repeat-7r7d#1,57237405,,16361732,,complete,,,computer,Desktop or Laptop,Mac OS 10.15,Firefox 150.0,1470x956,1470x810,,,0,Phonetic categorization,25,full_List_10,pass,$${overridespreadsheet},full_List_10,19,phonetic categorization,soundplay,x8jhtp,3,info,audio started,,9.940000000002328,0,9.940000000002328,9.940000000002328,0,9.940000000002328,0,0,0,,Audio Clip,Audio,1,object-207,phonetic categorization,dip,dip_5.wav,,,tip,dip,,,,expo-10ms,5,,2,unlabeled,,,234,,exposure,A,C,5,8.94427190999916,d-right,d,
174,1784152920790,15/07/2026 22:02:00,1784152920790,-7,15/07/2026 15:02:00,269901,13,task-pkec,repeat-7r7d#1,57237405,,16361732,,complete,,,computer,Desktop or Laptop,Mac OS 10.15,Firefox 150.0,1470x956,1470x810,,,0,Phonetic categorization,25,full_List_10,pass,$${overridespreadsheet},full_List_10,19,phonetic categorization,soundplay,x8jhtp,3,info,audio finished,,410.9400000000023,400,410.9400000000023,410.9400000000023,400,410.9400000000023,0,0,0,,Audio Clip,Audio,1,object-207,phonetic categorization,dip,dip_5.wav,,,tip,dip,,,,expo-10ms,5,,2,unlabeled,,,234,,exposure,A,C,5,8.94427190999916,d-right,d,
175,1784152920791,15/07/2026 22:02:00,1784152920791,-7,15/07/2026 15:02:00,269901,13,task-pkec,repeat-7r7d#1,57237405,,16361732,,complete,,,computer,Desktop or Laptop,Mac OS 10.15,Firefox 150.0,1470x956,1470x810,,,0,Phonetic categorization,25,full_List_10,pass,$${overridespreadsheet},full_List_10,19,phonetic categorization,soundplay,x8jhtp,3,continue,,,411.9400000000023,400,411.9400000000023,411.9400000000023,400,411.9400000000023,0,0,0,,Audio Clip,Audio,1,object-207,phonetic categorization,dip,dip_5.wav,,,tip,dip,,,,expo-10ms,5,,2,unlabeled,,,234,,exposure,A,C,5,8.94427190999916,d-right,d,
176,1784152921200,15/07/2026 22:02:01,1784152921200,-7,15/07/2026 15:02:01,269901,13,task-pkec,repeat-7r7d#1,57237405,,16361732,,complete,,,computer,Desktop or Laptop,Mac OS 10.15,Firefox 150.0,1470x956,1470x810,,,0,Phonetic categorization,25,full_List_10,pass,$${overridespreadsheet},full_List_10,19,phonetic categorization,2AFC,6i7z8o,4,response,dip,,419.9400000000023,416.68000000000757,419.9400000000023,419.9400000000023,416.68000000000757,419.9400000000023,1,0,0,,Keyboard Response,Keyboard Response,1,object-119,phonetic categorization,dip,dip_5.wav,,,tip,dip,,,,expo-10ms,5,,2,unlabeled,,,234,,exposure,A,C,5,8.94427190999916,d-right,d,
177,1784152922396,15/07/2026 22:02:02,1784152922396,-7,15/07/2026 15:02:02,269901,13,task-pkec,repeat-7r7d#1,57237405,,16361732,,complete,,,computer,Desktop or Laptop,Mac OS 10.15,Firefox 150.0,1470x956,1470x810,,,0,Phonetic categorization,25,full_List_10,pass,$${overridespreadsheet},full_List_10,19,phonetic categorization,1.2 second pause,dp6plq,5,timedOut,,,1200.2599999999948,1199.7599999999948,1200.2599999999948,1200.2599999999948,1199.7599999999948,1200.2599999999948,1,0,0,,Time Limit,screen,0,screen,phonetic categorization,dip,dip_5.wav,,,tip,dip,,,,expo-10ms,5,,2,unlabeled,,,234,,exposure,A,C,5,8.94427190999916,d-right,d,
178,1784152922900,15/07/2026 22:02:02,1784152922900,-7,15/07/2026 15:02:02,269901,13,task-pkec,repeat-7r7d#1,57237405,,16361732,,complete,,,computer,Desktop or Laptop,Mac OS 10.15,Firefox 150.0,1470x956,1470x810,,,0,Phonetic categorization,25,full_List_10,pass,$${overridespreadsheet},full_List_10,20,phonetic categorization,fixation,99n54d,1,response,,,500.24000000000524,500.24000000000524,500.24000000000524,500.24000000000524,500.24000000000524,500.24000000000524,0,0,0,,Time Limit,screen,0,screen,phonetic categorization,din,din_20.wav,,,tin,din,,,,expo-10ms,20,,2,unlabeled,,,234,,exposure,A,C,5,8.94427190999916,d-right,d,
179,1784152923398,15/07/2026 22:02:03,1784152923398,-7,15/07/2026 15:02:03,269901,13,task-pkec,repeat-7r7d#1,57237405,,16361732,,complete,,,computer,Desktop or Laptop,Mac OS 10.15,Firefox 150.0,1470x956,1470x810,,,0,Phonetic categorization,25,full_List_10,pass,$${overridespreadsheet},full_List_10,20,phonetic categorization,show option,yef3xk,2,response,,,500,500,500,500,500,500,1,0,0,,Time Limit,screen,0,screen,phonetic categorization,din,din_20.wav,,,tin,din,,,,expo-10ms,20,,2,unlabeled,,,234,,exposure,A,C,5,8.94427190999916,d-right,d,
180,1784152923406,15/07/2026 22:02:03,1784152923406,-7,15/07/2026 15:02:03,269901,13,task-pkec,repeat-7r7d#1,57237405,,16361732,,complete,,,computer,Desktop or Laptop,Mac OS 10.15,Firefox 150.0,1470x956,1470x810,,,0,Phonetic categorization,25,full_List_10,pass,$${overridespreadsheet},full_List_10,20,phonetic categorization,soundplay,x8jhtp,3,info,audio started,,10.259999999994761,0,10.259999999994761,10.259999999994761,0,10.259999999994761,0,0,0,,Audio Clip,Audio,1,object-207,phonetic categorization,din,din_20.wav,,,tin,din,,,,expo-10ms,20,,2,unlabeled,,,234,,exposure,A,C,5,8.94427190999916,d-right,d,
181,1784152923746,15/07/2026 22:02:03,1784152923746,-7,15/07/2026 15:02:03,269901,13,task-pkec,repeat-7r7d#1,57237405,,16361732,,complete,,,computer,Desktop or Laptop,Mac OS 10.15,Firefox 150.0,1470x956,1470x810,,,0,Phonetic categorization,25,full_List_10,pass,$${overridespreadsheet},full_List_10,20,phonetic categorization,soundplay,x8jhtp,3,info,audio finished,,349.9799999999959,333.31999999999243,349.9799999999959,349.9799999999959,333.31999999999243,349.9799999999959,0,0,0,,Audio Clip,Audio,1,object-207,phonetic categorization,din,din_20.wav,,,tin,din,,,,expo-10ms,20,,2,unlabeled,,,234,,exposure,A,C,5,8.94427190999916,d-right,d,
182,1784152923747,15/07/2026 22:02:03,1784152923747,-7,15/07/2026 15:02:03,269901,13,task-pkec,repeat-7r7d#1,57237405,,16361732,,complete,,,computer,Desktop or Laptop,Mac OS 10.15,Firefox 150.0,1470x956,1470x810,,,0,Phonetic categorization,25,full_List_10,pass,$${overridespreadsheet},full_List_10,20,phonetic categorization,soundplay,x8jhtp,3,continue,,,349.9799999999959,333.31999999999243,349.9799999999959,349.9799999999959,333.31999999999243,349.9799999999959,0,0,0,,Audio Clip,Audio,1,object-207,phonetic categorization,din,din_20.wav,,,tin,din,,,,expo-10ms,20,,2,unlabeled,,,234,,exposure,A,C,5,8.94427190999916,d-right,d,
183,1784152924314,15/07/2026 22:02:04,1784152924314,-7,15/07/2026 15:02:04,269901,13,task-pkec,repeat-7r7d#1,57237405,,16361732,,complete,,,computer,Desktop or Laptop,Mac OS 10.15,Firefox 150.0,1470x956,1470x810,,,0,Phonetic categorization,25,full_List_10,pass,$${overridespreadsheet},full_List_10,20,phonetic categorization,2AFC,6i7z8o,4,response,din,,583.359999999986,566.679999999993,583.359999999986,583.359999999986,566.679999999993,583.359999999986,1,0,0,,Keyboard Response,Keyboard Response,1,object-119,phonetic categorization,din,din_20.wav,,,tin,din,,,,expo-10ms,20,,2,unlabeled,,,234,,exposure,A,C,5,8.94427190999916,d-right,d,
184,1784152925497,15/07/2026 22:02:05,1784152925497,-7,15/07/2026 15:02:05,269901,13,task-pkec,repeat-7r7d#1,57237405,,16361732,,complete,,,computer,Desktop or Laptop,Mac OS 10.15,Firefox 150.0,1470x956,1470x810,,,0,Phonetic categorization,25,full_List_10,pass,$${overridespreadsheet},full_List_10,20,phonetic categorization,1.2 second pause,dp6plq,5,timedOut,,,1201.2600000000093,1200,1201.2600000000093,1201.2600000000093,1200,1201.2600000000093,1,0,0,,Time Limit,screen,0,screen,phonetic categorization,din,din_20.wav,,,tin,din,,,,expo-10ms,20,,2,unlabeled,,,234,,exposure,A,C,5,8.94427190999916,d-right,d,
185,1784152925998,15/07/2026 22:02:05,1784152925998,-7,15/07/2026 15:02:05,269901,13,task-pkec,repeat-7r7d#1,57237405,,16361732,,complete,,,computer,Desktop or Laptop,Mac OS 10.15,Firefox 150.0,1470x956,1470x810,,,0,Phonetic categorization,25,full_List_10,pass,$${overridespreadsheet},full_List_10,21,phonetic categorization,fixation,99n54d,1,response,,,500,500,500,500,500,500,0,0,0,,Time Limit,screen,0,screen,phonetic categorization,dill,dill_5.wav,,,dill,din,,,,expo-10ms,5,,2,labeled,,,234,,exposure,A,C,5,8.94427190999916,d-right,d,
186,1784152926500,15/07/2026 22:02:06,1784152926500,-7,15/07/2026 15:02:06,269901,13,task-pkec,repeat-7r7d#1,57237405,,16361732,,complete,,,computer,Desktop or Laptop,Mac OS 10.15,Firefox 150.0,1470x956,1470x810,,,0,Phonetic categorization,25,full_List_10,pass,$${overridespreadsheet},full_List_10,21,phonetic categorization,show option,yef3xk,2,response,,,500,500,500,500,500,500,1,0,0,,Time Limit,screen,0,screen,phonetic categorization,dill,dill_5.wav,,,dill,din,,,,expo-10ms,5,,2,labeled,,,234,,exposure,A,C,5,8.94427190999916,d-right,d,
187,1784152926509,15/07/2026 22:02:06,1784152926509,-7,15/07/2026 15:02:06,269901,13,task-pkec,repeat-7r7d#1,57237405,,16361732,,complete,,,computer,Desktop or Laptop,Mac OS 10.15,Firefox 150.0,1470x956,1470x810,,,0,Phonetic categorization,25,full_List_10,pass,$${overridespreadsheet},full_List_10,21,phonetic categorization,soundplay,x8jhtp,3,info,audio started,,13.260000000009313,0,13.260000000009313,13.260000000009313,0,13.260000000009313,0,0,0,,Audio Clip,Audio,1,object-207,phonetic categorization,dill,dill_5.wav,,,dill,din,,,,expo-10ms,5,,2,labeled,,,234,,exposure,A,C,5,8.94427190999916,d-right,d,
188,1784152926853,15/07/2026 22:02:06,1784152926853,-7,15/07/2026 15:02:06,269901,13,task-pkec,repeat-7r7d#1,57237405,,16361732,,complete,,,computer,Desktop or Laptop,Mac OS 10.15,Firefox 150.0,1470x956,1470x810,,,0,Phonetic categorization,25,full_List_10,pass,$${overridespreadsheet},full_List_10,21,phonetic categorization,soundplay,x8jhtp,3,info,audio finished,,356.2600000000093,350,356.2600000000093,356.2600000000093,350,356.2600000000093,0,0,0,,Audio Clip,Audio,1,object-207,phonetic categorization,dill,dill_5.wav,,,dill,din,,,,expo-10ms,5,,2,labeled,,,234,,exposure,A,C,5,8.94427190999916,d-right,d,
189,1784152926854,15/07/2026 22:02:06,1784152926854,-7,15/07/2026 15:02:06,269901,13,task-pkec,repeat-7r7d#1,57237405,,16361732,,complete,,,computer,Desktop or Laptop,Mac OS 10.15,Firefox 150.0,1470x956,1470x810,,,0,Phonetic categorization,25,full_List_10,pass,$${overridespreadsheet},full_List_10,21,phonetic categorization,soundplay,x8jhtp,3,continue,,,358.2600000000093,350,358.2600000000093,358.2600000000093,350,358.2600000000093,0,0,0,,Audio Clip,Audio,1,object-207,phonetic categorization,dill,dill_5.wav,,,dill,din,,,,expo-10ms,5,,2,labeled,,,234,,exposure,A,C,5,8.94427190999916,d-right,d,
190,1784152927547,15/07/2026 22:02:07,1784152927547,-7,15/07/2026 15:02:07,269901,13,task-pkec,repeat-7r7d#1,57237405,,16361732,,complete,,,computer,Desktop or Laptop,Mac OS 10.15,Firefox 150.0,1470x956,1470x810,,,0,Phonetic categorization,25,full_List_10,pass,$${overridespreadsheet},full_List_10,21,phonetic categorization,2AFC,6i7z8o,4,response,dill,,699.9800000000105,683.320000000007,699.9800000000105,699.9800000000105,683.320000000007,699.9800000000105,1,0,0,,Keyboard Response,Keyboard Response,1,object-119,phonetic categorization,dill,dill_5.wav,,,dill,din,,,,expo-10ms,5,,2,labeled,,,234,,exposure,A,C,5,8.94427190999916,d-right,d,
191,1784152928732,15/07/2026 22:02:08,1784152928732,-7,15/07/2026 15:02:08,269901,13,task-pkec,repeat-7r7d#1,57237405,,16361732,,complete,,,computer,Desktop or Laptop,Mac OS 10.15,Firefox 150.0,1470x956,1470x810,,,0,Phonetic categorization,25,full_List_10,pass,$${overridespreadsheet},full_List_10,21,phonetic categorization,1.2 second pause,dp6plq,5,timedOut,,,1202.9400000000023,1200,1202.9400000000023,1202.9400000000023,1200,1202.9400000000023,1,0,0,,Time Limit,screen,0,screen,phonetic categorization,dill,dill_5.wav,,,dill,din,,,,expo-10ms,5,,2,labeled,,,234,,exposure,A,C,5,8.94427190999916,d-right,d,
192,1784152929233,15/07/2026 22:02:09,1784152929233,-7,15/07/2026 15:02:09,269901,13,task-pkec,repeat-7r7d#1,57237405,,16361732,,complete,,,computer,Desktop or Laptop,Mac OS 10.15,Firefox 150.0,1470x956,1470x810,,,0,Phonetic categorization,25,full_List_10,pass,$${overridespreadsheet},full_List_10,22,phonetic categorization,fixation,99n54d,1,response,,,500,500,500,500,500,500,0,0,0,,Time Limit,screen,0,screen,phonetic categorization,tin,din_60.wav,,,tin,din,,,,expo-10ms,60,,2,unlabeled,,,234,,exposure,A,C,50,16.431676725155,d-right,t,
193,1784152929732,15/07/2026 22:02:09,1784152929732,-7,15/07/2026 15:02:09,269901,13,task-pkec,repeat-7r7d#1,57237405,,16361732,,complete,,,computer,Desktop or Laptop,Mac OS 10.15,Firefox 150.0,1470x956,1470x810,,,0,Phonetic categorization,25,full_List_10,pass,$${overridespreadsheet},full_List_10,22,phonetic categorization,show option,yef3xk,2,response,,,500,500,500,500,500,500,1,0,0,,Time Limit,screen,0,screen,phonetic categorization,tin,din_60.wav,,,tin,din,,,,expo-10ms,60,,2,unlabeled,,,234,,exposure,A,C,50,16.431676725155,d-right,t,
194,1784152929740,15/07/2026 22:02:09,1784152929740,-7,15/07/2026 15:02:09,269901,13,task-pkec,repeat-7r7d#1,57237405,,16361732,,complete,,,computer,Desktop or Laptop,Mac OS 10.15,Firefox 150.0,1470x956,1470x810,,,0,Phonetic categorization,25,full_List_10,pass,$${overridespreadsheet},full_List_10,22,phonetic categorization,soundplay,x8jhtp,3,info,audio started,,10.940000000002328,0,10.940000000002328,10.940000000002328,0,10.940000000002328,0,0,0,,Audio Clip,Audio,1,object-207,phonetic categorization,tin,din_60.wav,,,tin,din,,,,expo-10ms,60,,2,unlabeled,,,234,,exposure,A,C,50,16.431676725155,d-right,t,
195,1784152930110,15/07/2026 22:02:10,1784152930110,-7,15/07/2026 15:02:10,269901,13,task-pkec,repeat-7r7d#1,57237405,,16361732,,complete,,,computer,Desktop or Laptop,Mac OS 10.15,Firefox 150.0,1470x956,1470x810,,,0,Phonetic categorization,25,full_List_10,pass,$${overridespreadsheet},full_List_10,22,phonetic categorization,soundplay,x8jhtp,3,info,audio finished,,380.9400000000023,366.679999999993,380.9400000000023,380.9400000000023,366.679999999993,380.9400000000023,0,0,0,,Audio Clip,Audio,1,object-207,phonetic categorization,tin,din_60.wav,,,tin,din,,,,expo-10ms,60,,2,unlabeled,,,234,,exposure,A,C,50,16.431676725155,d-right,t,
196,1784152930114,15/07/2026 22:02:10,1784152930114,-7,15/07/2026 15:02:10,269901,13,task-pkec,repeat-7r7d#1,57237405,,16361732,,complete,,,computer,Desktop or Laptop,Mac OS 10.15,Firefox 150.0,1470x956,1470x810,,,0,Phonetic categorization,25,full_List_10,pass,$${overridespreadsheet},full_List_10,22,phonetic categorization,soundplay,x8jhtp,3,continue,,,383.35999999998603,366.679999999993,383.35999999998603,383.35999999998603,366.679999999993,383.35999999998603,0,0,0,,Audio Clip,Audio,1,object-207,phonetic categorization,tin,din_60.wav,,,tin,din,,,,expo-10ms,60,,2,unlabeled,,,234,,exposure,A,C,50,16.431676725155,d-right,t,
197,1784152930650,15/07/2026 22:02:10,1784152930650,-7,15/07/2026 15:02:10,269901,13,task-pkec,repeat-7r7d#1,57237405,,16361732,,complete,,,computer,Desktop or Laptop,Mac OS 10.15,Firefox 150.0,1470x956,1470x810,,,0,Phonetic categorization,25,full_List_10,pass,$${overridespreadsheet},full_List_10,22,phonetic categorization,2AFC,6i7z8o,4,response,tin,,549.9800000000105,533.320000000007,549.9800000000105,549.9800000000105,533.320000000007,549.9800000000105,1,0,0,,Keyboard Response,Keyboard Response,1,object-119,phonetic categorization,tin,din_60.wav,,,tin,din,,,,expo-10ms,60,,2,unlabeled,,,234,,exposure,A,C,50,16.431676725155,d-right,t,
198,1784152931833,15/07/2026 22:02:11,1784152931833,-7,15/07/2026 15:02:11,269901,13,task-pkec,repeat-7r7d#1,57237405,,16361732,,complete,,,computer,Desktop or Laptop,Mac OS 10.15,Firefox 150.0,1470x956,1470x810,,,0,Phonetic categorization,25,full_List_10,pass,$${overridespreadsheet},full_List_10,22,phonetic categorization,1.2 second pause,dp6plq,5,timedOut,,,1203.9400000000023,1200,1203.9400000000023,1203.9400000000023,1200,1203.9400000000023,1,0,0,,Time Limit,screen,0,screen,phonetic categorization,tin,din_60.wav,,,tin,din,,,,expo-10ms,60,,2,unlabeled,,,234,,exposure,A,C,50,16.431676725155,d-right,t,
199,1784152932331,15/07/2026 22:02:12,1784152932331,-7,15/07/2026 15:02:12,269901,13,task-pkec,repeat-7r7d#1,57237405,,16361732,,complete,,,computer,Desktop or Laptop,Mac OS 10.15,Firefox 150.0,1470x956,1470x810,,,0,Phonetic categorization,25,full_List_10,pass,$${overridespreadsheet},full_List_10,23,phonetic categorization,fixation,99n54d,1,response,,,500,500,500,500,500,500,0,0,0,,Time Limit,screen,0,screen,phonetic categorization,dill,dill_15.wav,,,till,dill,,,,expo-10ms,15,,2,unlabeled,,,234,,exposure,A,C,5,8.94427190999916,d-right,d,
200,1784152932831,15/07/2026 22:02:12,1784152932831,-7,15/07/2026 15:02:12,269901,13,task-pkec,repeat-7r7d#1,57237405,,16361732,,complete,,,computer,Desktop or Laptop,Mac OS 10.15,Firefox 150.0,1470x956,1470x810,,,0,Phonetic categorization,25,full_List_10,pass,$${overridespreadsheet},full_List_10,23,phonetic categorization,show option,yef3xk,2,response,,,500,500,500,500,500,500,1,0,0,,Time Limit,screen,0,screen,phonetic categorization,dill,dill_15.wav,,,till,dill,,,,expo-10ms,15,,2,unlabeled,,,234,,exposure,A,C,5,8.94427190999916,d-right,d,
201,1784152932838,15/07/2026 22:02:12,1784152932838,-7,15/07/2026 15:02:12,269901,13,task-pkec,repeat-7r7d#1,57237405,,16361732,,complete,,,computer,Desktop or Laptop,Mac OS 10.15,Firefox 150.0,1470x956,1470x810,,,0,Phonetic categorization,25,full_List_10,pass,$${overridespreadsheet},full_List_10,23,phonetic categorization,soundplay,x8jhtp,3,info,audio started,,8.940000000002328,0,8.940000000002328,8.940000000002328,0,8.940000000002328,0,0,0,,Audio Clip,Audio,1,object-207,phonetic categorization,dill,dill_15.wav,,,till,dill,,,,expo-10ms,15,,2,unlabeled,,,234,,exposure,A,C,5,8.94427190999916,d-right,d,
202,1784152933189,15/07/2026 22:02:13,1784152933189,-7,15/07/2026 15:02:13,269901,13,task-pkec,repeat-7r7d#1,57237405,,16361732,,complete,,,computer,Desktop or Laptop,Mac OS 10.15,Firefox 150.0,1470x956,1470x810,,,0,Phonetic categorization,25,full_List_10,pass,$${overridespreadsheet},full_List_10,23,phonetic categorization,soundplay,x8jhtp,3,info,audio finished,,360.9400000000023,350,360.9400000000023,360.9400000000023,350,360.9400000000023,0,0,0,,Audio Clip,Audio,1,object-207,phonetic categorization,dill,dill_15.wav,,,till,dill,,,,expo-10ms,15,,2,unlabeled,,,234,,exposure,A,C,5,8.94427190999916,d-right,d,
203,1784152933190,15/07/2026 22:02:13,1784152933190,-7,15/07/2026 15:02:13,269901,13,task-pkec,repeat-7r7d#1,57237405,,16361732,,complete,,,computer,Desktop or Laptop,Mac OS 10.15,Firefox 150.0,1470x956,1470x810,,,0,Phonetic categorization,25,full_List_10,pass,$${overridespreadsheet},full_List_10,23,phonetic categorization,soundplay,x8jhtp,3,continue,,,361.9400000000023,350,361.9400000000023,361.9400000000023,350,361.9400000000023,0,0,0,,Audio Clip,Audio,1,object-207,phonetic categorization,dill,dill_15.wav,,,till,dill,,,,expo-10ms,15,,2,unlabeled,,,234,,exposure,A,C,5,8.94427190999916,d-right,d,
204,1784152933586,15/07/2026 22:02:13,1784152933586,-7,15/07/2026 15:02:13,269901,13,task-pkec,repeat-7r7d#1,57237405,,16361732,,complete,,,computer,Desktop or Laptop,Mac OS 10.15,Firefox 150.0,1470x956,1470x810,,,0,Phonetic categorization,25,full_List_10,pass,$${overridespreadsheet},full_List_10,23,phonetic categorization,2AFC,6i7z8o,4,response,dill,,406.9400000000023,400,406.9400000000023,406.9400000000023,400,406.9400000000023,1,0,0,,Keyboard Response,Keyboard Response,1,object-119,phonetic categorization,dill,dill_15.wav,,,till,dill,,,,expo-10ms,15,,2,unlabeled,,,234,,exposure,A,C,5,8.94427190999916,d-right,d,
205,1784152934781,15/07/2026 22:02:14,1784152934781,-7,15/07/2026 15:02:14,269901,13,task-pkec,repeat-7r7d#1,57237405,,16361732,,complete,,,computer,Desktop or Laptop,Mac OS 10.15,Firefox 150.0,1470x956,1470x810,,,0,Phonetic categorization,25,full_List_10,pass,$${overridespreadsheet},full_List_10,23,phonetic categorization,1.2 second pause,dp6plq,5,timedOut,,,1200.9400000000023,1200,1200.9400000000023,1200.9400000000023,1200,1200.9400000000023,1,0,0,,Time Limit,screen,0,screen,phonetic categorization,dill,dill_15.wav,,,till,dill,,,,expo-10ms,15,,2,unlabeled,,,234,,exposure,A,C,5,8.94427190999916,d-right,d,
206,1784152935281,15/07/2026 22:02:15,1784152935281,-7,15/07/2026 15:02:15,269901,13,task-pkec,repeat-7r7d#1,57237405,,16361732,,complete,,,computer,Desktop or Laptop,Mac OS 10.15,Firefox 150.0,1470x956,1470x810,,,0,Phonetic categorization,25,full_List_10,pass,$${overridespreadsheet},full_List_10,24,phonetic categorization,fixation,99n54d,1,response,,,499.64000000001397,499.64000000001397,499.64000000001397,499.64000000001397,499.64000000001397,499.64000000001397,0,0,0,,Time Limit,screen,0,screen,phonetic categorization,tip,dip_50.wav,,,tip,tin,,,,expo-10ms,50,,2,labeled,,,234,,exposure,A,C,50,16.431676725155,d-right,t,
207,1784152935780,15/07/2026 22:02:15,1784152935780,-7,15/07/2026 15:02:15,269901,13,task-pkec,repeat-7r7d#1,57237405,,16361732,,complete,,,computer,Desktop or Laptop,Mac OS 10.15,Firefox 150.0,1470x956,1470x810,,,0,Phonetic categorization,25,full_List_10,pass,$${overridespreadsheet},full_List_10,24,phonetic categorization,show option,yef3xk,2,response,,,500.35999999998603,500.35999999998603,500.35999999998603,500.35999999998603,500.35999999998603,500.35999999998603,1,0,0,,Time Limit,screen,0,screen,phonetic categorization,tip,dip_50.wav,,,tip,tin,,,,expo-10ms,50,,2,labeled,,,234,,exposure,A,C,50,16.431676725155,d-right,t,
208,1784152935786,15/07/2026 22:02:15,1784152935786,-7,15/07/2026 15:02:15,269901,13,task-pkec,repeat-7r7d#1,57237405,,16361732,,complete,,,computer,Desktop or Laptop,Mac OS 10.15,Firefox 150.0,1470x956,1470x810,,,0,Phonetic categorization,25,full_List_10,pass,$${overridespreadsheet},full_List_10,24,phonetic categorization,soundplay,x8jhtp,3,info,audio started,,6.940000000002328,0,6.940000000002328,6.940000000002328,0,6.940000000002328,0,0,0,,Audio Clip,Audio,1,object-207,phonetic categorization,tip,dip_50.wav,,,tip,tin,,,,expo-10ms,50,,2,labeled,,,234,,exposure,A,C,50,16.431676725155,d-right,t,
209,1784152936216,15/07/2026 22:02:16,1784152936216,-7,15/07/2026 15:02:16,269901,13,task-pkec,repeat-7r7d#1,57237405,,16361732,,complete,,,computer,Desktop or Laptop,Mac OS 10.15,Firefox 150.0,1470x956,1470x810,,,0,Phonetic categorization,25,full_List_10,pass,$${overridespreadsheet},full_List_10,24,phonetic categorization,soundplay,x8jhtp,3,info,audio finished,,436.9400000000023,433.3399999999965,436.9400000000023,436.9400000000023,433.3399999999965,436.9400000000023,0,0,0,,Audio Clip,Audio,1,object-207,phonetic categorization,tip,dip_50.wav,,,tip,tin,,,,expo-10ms,50,,2,labeled,,,234,,exposure,A,C,50,16.431676725155,d-right,t,
210,1784152936216,15/07/2026 22:02:16,1784152936216,-7,15/07/2026 15:02:16,269901,13,task-pkec,repeat-7r7d#1,57237405,,16361732,,complete,,,computer,Desktop or Laptop,Mac OS 10.15,Firefox 150.0,1470x956,1470x810,,,0,Phonetic categorization,25,full_List_10,pass,$${overridespreadsheet},full_List_10,24,phonetic categorization,soundplay,x8jhtp,3,continue,,,436.9400000000023,433.3399999999965,436.9400000000023,436.9400000000023,433.3399999999965,436.9400000000023,0,0,0,,Audio Clip,Audio,1,object-207,phonetic categorization,tip,dip_50.wav,,,tip,tin,,,,expo-10ms,50,,2,labeled,,,234,,exposure,A,C,50,16.431676725155,d-right,t,
211,1784152936607,15/07/2026 22:02:16,1784152936607,-7,15/07/2026 15:02:16,269901,13,task-pkec,repeat-7r7d#1,57237405,,16361732,,complete,,,computer,Desktop or Laptop,Mac OS 10.15,Firefox 150.0,1470x956,1470x810,,,0,Phonetic categorization,25,full_List_10,pass,$${overridespreadsheet},full_List_10,24,phonetic categorization,2AFC,6i7z8o,4,response,tip,,394.6000000000058,383.3399999999965,394.6000000000058,394.6000000000058,383.3399999999965,394.6000000000058,1,0,0,,Keyboard Response,Keyboard Response,1,object-119,phonetic categorization,tip,dip_50.wav,,,tip,tin,,,,expo-10ms,50,,2,labeled,,,234,,exposure,A,C,50,16.431676725155,d-right,t,
212,1784152937796,15/07/2026 22:02:17,1784152937796,-7,15/07/2026 15:02:17,269901,13,task-pkec,repeat-7r7d#1,57237405,,16361732,,complete,,,computer,Desktop or Laptop,Mac OS 10.15,Firefox 150.0,1470x956,1470x810,,,0,Phonetic categorization,25,full_List_10,pass,$${overridespreadsheet},full_List_10,24,phonetic categorization,1.2 second pause,dp6plq,5,timedOut,,,1201.2600000000093,1200,1201.2600000000093,1201.2600000000093,1200,1201.2600000000093,1,0,0,,Time Limit,screen,0,screen,phonetic categorization,tip,dip_50.wav,,,tip,tin,,,,expo-10ms,50,,2,labeled,,,234,,exposure,A,C,50,16.431676725155,d-right,t,
213,1784152938300,15/07/2026 22:02:18,1784152938300,-7,15/07/2026 15:02:18,269901,13,task-pkec,repeat-7r7d#1,57237405,,16361732,,complete,,,computer,Desktop or Laptop,Mac OS 10.15,Firefox 150.0,1470x956,1470x810,,,0,Phonetic categorization,25,full_List_10,pass,$${overridespreadsheet},full_List_10,25,phonetic categorization,fixation,99n54d,1,response,,,500,500,500,500,500,500,0,0,0,,Time Limit,screen,0,screen,phonetic categorization,rare,rare.wav,,,rare,flare,,,,expo-10ms,,,2,,,,234,,catch,A,C,,,d-right,,
214,1784152938798,15/07/2026 22:02:18,1784152938798,-7,15/07/2026 15:02:18,269901,13,task-pkec,repeat-7r7d#1,57237405,,16361732,,complete,,,computer,Desktop or Laptop,Mac OS 10.15,Firefox 150.0,1470x956,1470x810,,,0,Phonetic categorization,25,full_List_10,pass,$${overridespreadsheet},full_List_10,25,phonetic categorization,show option,yef3xk,2,response,,,500,500,500,500,500,500,1,0,0,,Time Limit,screen,0,screen,phonetic categorization,rare,rare.wav,,,rare,flare,,,,expo-10ms,,,2,,,,234,,catch,A,C,,,d-right,,
215,1784152938805,15/07/2026 22:02:18,1784152938805,-7,15/07/2026 15:02:18,269901,13,task-pkec,repeat-7r7d#1,57237405,,16361732,,complete,,,computer,Desktop or Laptop,Mac OS 10.15,Firefox 150.0,1470x956,1470x810,,,0,Phonetic categorization,25,full_List_10,pass,$${overridespreadsheet},full_List_10,25,phonetic categorization,soundplay,x8jhtp,3,info,audio started,,8.260000000009313,0,8.260000000009313,8.260000000009313,0,8.260000000009313,0,0,0,,Audio Clip,Audio,1,object-207,phonetic categorization,rare,rare.wav,,,rare,flare,,,,expo-10ms,,,2,,,,234,,catch,A,C,,,d-right,,
216,1784152939259,15/07/2026 22:02:19,1784152939259,-7,15/07/2026 15:02:19,269901,13,task-pkec,repeat-7r7d#1,57237405,,16361732,,complete,,,computer,Desktop or Laptop,Mac OS 10.15,Firefox 150.0,1470x956,1470x810,,,0,Phonetic categorization,25,full_List_10,pass,$${overridespreadsheet},full_List_10,25,phonetic categorization,soundplay,x8jhtp,3,info,audio finished,,463.2600000000093,450,463.2600000000093,463.2600000000093,450,463.2600000000093,0,0,0,,Audio Clip,Audio,1,object-207,phonetic categorization,rare,rare.wav,,,rare,flare,,,,expo-10ms,,,2,,,,234,,catch,A,C,,,d-right,,
217,1784152939261,15/07/2026 22:02:19,1784152939261,-7,15/07/2026 15:02:19,269901,13,task-pkec,repeat-7r7d#1,57237405,,16361732,,complete,,,computer,Desktop or Laptop,Mac OS 10.15,Firefox 150.0,1470x956,1470x810,,,0,Phonetic categorization,25,full_List_10,pass,$${overridespreadsheet},full_List_10,25,phonetic categorization,soundplay,x8jhtp,3,continue,,,465.2600000000093,450,465.2600000000093,465.2600000000093,450,465.2600000000093,0,0,0,,Audio Clip,Audio,1,object-207,phonetic categorization,rare,rare.wav,,,rare,flare,,,,expo-10ms,,,2,,,,234,,catch,A,C,,,d-right,,
218,1784152939557,15/07/2026 22:02:19,1784152939557,-7,15/07/2026 15:02:19,269901,13,task-pkec,repeat-7r7d#1,57237405,,16361732,,complete,,,computer,Desktop or Laptop,Mac OS 10.15,Firefox 150.0,1470x956,1470x810,,,0,Phonetic categorization,25,full_List_10,pass,$${overridespreadsheet},full_List_10,25,phonetic categorization,2AFC,6i7z8o,4,response,rare,,309.2600000000093,300,309.2600000000093,309.2600000000093,300,309.2600000000093,1,0,0,,Keyboard Response,Keyboard Response,1,object-119,phonetic categorization,rare,rare.wav,,,rare,flare,,,,expo-10ms,,,2,,,,234,,catch,A,C,,,d-right,,
219,1784152940750,15/07/2026 22:02:20,1784152940750,-7,15/07/2026 15:02:20,269901,13,task-pkec,repeat-7r7d#1,57237405,,16361732,,complete,,,computer,Desktop or Laptop,Mac OS 10.15,Firefox 150.0,1470x956,1470x810,,,0,Phonetic categorization,25,full_List_10,pass,$${overridespreadsheet},full_List_10,25,phonetic categorization,1.2 second pause,dp6plq,5,timedOut,,,1203.2600000000093,1200,1203.2600000000093,1203.2600000000093,1200,1203.2600000000093,1,0,0,,Time Limit,screen,0,screen,phonetic categorization,rare,rare.wav,,,rare,flare,,,,expo-10ms,,,2,,,,234,,catch,A,C,,,d-right,,
220,1784152941250,15/07/2026 22:02:21,1784152941250,-7,15/07/2026 15:02:21,269901,13,task-pkec,repeat-7r7d#1,57237405,,16361732,,complete,,,computer,Desktop or Laptop,Mac OS 10.15,Firefox 150.0,1470x956,1470x810,,,0,Phonetic categorization,25,full_List_10,pass,$${overridespreadsheet},full_List_10,26,phonetic categorization,fixation,99n54d,1,response,,,500,500,500,500,500,500,0,0,0,,Time Limit,screen,0,screen,phonetic categorization,dill,dill_15.wav,,,till,dill,,,,expo-10ms,15,,2,unlabeled,,,234,,exposure,A,C,5,8.94427190999916,d-right,d,
221,1784152941749,15/07/2026 22:02:21,1784152941749,-7,15/07/2026 15:02:21,269901,13,task-pkec,repeat-7r7d#1,57237405,,16361732,,complete,,,computer,Desktop or Laptop,Mac OS 10.15,Firefox 150.0,1470x956,1470x810,,,0,Phonetic categorization,25,full_List_10,pass,$${overridespreadsheet},full_List_10,26,phonetic categorization,show option,yef3xk,2,response,,,500,500,500,500,500,500,1,0,0,,Time Limit,screen,0,screen,phonetic categorization,dill,dill_15.wav,,,till,dill,,,,expo-10ms,15,,2,unlabeled,,,234,,exposure,A,C,5,8.94427190999916,d-right,d,
222,1784152941754,15/07/2026 22:02:21,1784152941754,-7,15/07/2026 15:02:21,269901,13,task-pkec,repeat-7r7d#1,57237405,,16361732,,complete,,,computer,Desktop or Laptop,Mac OS 10.15,Firefox 150.0,1470x956,1470x810,,,0,Phonetic categorization,25,full_List_10,pass,$${overridespreadsheet},full_List_10,26,phonetic categorization,soundplay,x8jhtp,3,info,audio started,,9.260000000009313,0,9.260000000009313,9.260000000009313,0,9.260000000009313,0,0,0,,Audio Clip,Audio,1,object-207,phonetic categorization,dill,dill_15.wav,,,till,dill,,,,expo-10ms,15,,2,unlabeled,,,234,,exposure,A,C,5,8.94427190999916,d-right,d,
223,1784152942105,15/07/2026 22:02:22,1784152942105,-7,15/07/2026 15:02:22,269901,13,task-pkec,repeat-7r7d#1,57237405,,16361732,,complete,,,computer,Desktop or Laptop,Mac OS 10.15,Firefox 150.0,1470x956,1470x810,,,0,Phonetic categorization,25,full_List_10,pass,$${overridespreadsheet},full_List_10,26,phonetic categorization,soundplay,x8jhtp,3,info,audio finished,,360.2600000000093,350,360.2600000000093,360.2600000000093,350,360.2600000000093,0,0,0,,Audio Clip,Audio,1,object-207,phonetic categorization,dill,dill_15.wav,,,till,dill,,,,expo-10ms,15,,2,unlabeled,,,234,,exposure,A,C,5,8.94427190999916,d-right,d,
224,1784152942106,15/07/2026 22:02:22,1784152942106,-7,15/07/2026 15:02:22,269901,13,task-pkec,repeat-7r7d#1,57237405,,16361732,,complete,,,computer,Desktop or Laptop,Mac OS 10.15,Firefox 150.0,1470x956,1470x810,,,0,Phonetic categorization,25,full_List_10,pass,$${overridespreadsheet},full_List_10,26,phonetic categorization,soundplay,x8jhtp,3,continue,,,361.2600000000093,350,361.2600000000093,361.2600000000093,350,361.2600000000093,0,0,0,,Audio Clip,Audio,1,object-207,phonetic categorization,dill,dill_15.wav,,,till,dill,,,,expo-10ms,15,,2,unlabeled,,,234,,exposure,A,C,5,8.94427190999916,d-right,d,
225,1784152942595,15/07/2026 22:02:22,1784152942595,-7,15/07/2026 15:02:22,269901,13,task-pkec,repeat-7r7d#1,57237405,,16361732,,complete,,,computer,Desktop or Laptop,Mac OS 10.15,Firefox 150.0,1470x956,1470x810,,,0,Phonetic categorization,25,full_List_10,pass,$${overridespreadsheet},full_List_10,26,phonetic categorization,2AFC,6i7z8o,4,response,dill,,498.2600000000093,483.320000000007,498.2600000000093,498.2600000000093,483.320000000007,498.2600000000093,1,0,0,,Keyboard Response,Keyboard Response,1,object-119,phonetic categorization,dill,dill_15.wav,,,till,dill,,,,expo-10ms,15,,2,unlabeled,,,234,,exposure,A,C,5,8.94427190999916,d-right,d,
226,1784152943778,15/07/2026 22:02:23,1784152943778,-7,15/07/2026 15:02:23,269901,13,task-pkec,repeat-7r7d#1,57237405,,16361732,,complete,,,computer,Desktop or Laptop,Mac OS 10.15,Firefox 150.0,1470x956,1470x810,,,0,Phonetic categorization,25,full_List_10,pass,$${overridespreadsheet},full_List_10,26,phonetic categorization,1.2 second pause,dp6plq,5,timedOut,,,1199.140000000014,1199.140000000014,1199.140000000014,1199.140000000014,1199.140000000014,1199.140000000014,1,0,0,,Time Limit,screen,0,screen,phonetic categorization,dill,dill_15.wav,,,till,dill,,,,expo-10ms,15,,2,unlabeled,,,234,,exposure,A,C,5,8.94427190999916,d-right,d,
227,1784152944283,15/07/2026 22:02:24,1784152944283,-7,15/07/2026 15:02:24,269901,13,task-pkec,repeat-7r7d#1,57237405,,16361732,,complete,,,computer,Desktop or Laptop,Mac OS 10.15,Firefox 150.0,1470x956,1470x810,,,0,Phonetic categorization,25,full_List_10,pass,$${overridespreadsheet},full_List_10,27,phonetic categorization,fixation,99n54d,1,response,,,500.85999999998603,500.85999999998603,500.85999999998603,500.85999999998603,500.85999999998603,500.85999999998603,0,0,0,,Time Limit,screen,0,screen,phonetic categorization,dill,dill_15.wav,,,dill,din,,,,expo-10ms,15,,2,labeled,,,234,,exposure,A,C,5,8.94427190999916,d-right,d,
228,1784152944783,15/07/2026 22:02:24,1784152944783,-7,15/07/2026 15:02:24,269901,13,task-pkec,repeat-7r7d#1,57237405,,16361732,,complete,,,computer,Desktop or Laptop,Mac OS 10.15,Firefox 150.0,1470x956,1470x810,,,0,Phonetic categorization,25,full_List_10,pass,$${overridespreadsheet},full_List_10,27,phonetic categorization,show option,yef3xk,2,response,,,500,500,500,500,500,500,1,0,0,,Time Limit,screen,0,screen,phonetic categorization,dill,dill_15.wav,,,dill,din,,,,expo-10ms,15,,2,labeled,,,234,,exposure,A,C,5,8.94427190999916,d-right,d,
229,1784152944791,15/07/2026 22:02:24,1784152944791,-7,15/07/2026 15:02:24,269901,13,task-pkec,repeat-7r7d#1,57237405,,16361732,,complete,,,computer,Desktop or Laptop,Mac OS 10.15,Firefox 150.0,1470x956,1470x810,,,0,Phonetic categorization,25,full_List_10,pass,$${overridespreadsheet},full_List_10,27,phonetic categorization,soundplay,x8jhtp,3,info,audio started,,11.940000000002328,0,11.940000000002328,11.940000000002328,0,11.940000000002328,0,0,0,,Audio Clip,Audio,1,object-207,phonetic categorization,dill,dill_15.wav,,,dill,din,,,,expo-10ms,15,,2,labeled,,,234,,exposure,A,C,5,8.94427190999916,d-right,d,
230,1784152945138,15/07/2026 22:02:25,1784152945138,-7,15/07/2026 15:02:25,269901,13,task-pkec,repeat-7r7d#1,57237405,,16361732,,complete,,,computer,Desktop or Laptop,Mac OS 10.15,Firefox 150.0,1470x956,1470x810,,,0,Phonetic categorization,25,full_List_10,pass,$${overridespreadsheet},full_List_10,27,phonetic categorization,soundplay,x8jhtp,3,info,audio finished,,357.9400000000023,350,357.9400000000023,357.9400000000023,350,357.9400000000023,0,0,0,,Audio Clip,Audio,1,object-207,phonetic categorization,dill,dill_15.wav,,,dill,din,,,,expo-10ms,15,,2,labeled,,,234,,exposure,A,C,5,8.94427190999916,d-right,d,
231,1784152945139,15/07/2026 22:02:25,1784152945139,-7,15/07/2026 15:02:25,269901,13,task-pkec,repeat-7r7d#1,57237405,,16361732,,complete,,,computer,Desktop or Laptop,Mac OS 10.15,Firefox 150.0,1470x956,1470x810,,,0,Phonetic categorization,25,full_List_10,pass,$${overridespreadsheet},full_List_10,27,phonetic categorization,soundplay,x8jhtp,3,continue,,,359.9400000000023,350,359.9400000000023,359.9400000000023,350,359.9400000000023,0,0,0,,Audio Clip,Audio,1,object-207,phonetic categorization,dill,dill_15.wav,,,dill,din,,,,expo-10ms,15,,2,labeled,,,234,,exposure,A,C,5,8.94427190999916,d-right,d,
232,1784152945616,15/07/2026 22:02:25,1784152945616,-7,15/07/2026 15:02:25,269901,13,task-pkec,repeat-7r7d#1,57237405,,16361732,,complete,,,computer,Desktop or Laptop,Mac OS 10.15,Firefox 150.0,1470x956,1470x810,,,0,Phonetic categorization,25,full_List_10,pass,$${overridespreadsheet},full_List_10,27,phonetic categorization,2AFC,6i7z8o,4,response,dill,,485.9400000000023,483.3399999999965,485.9400000000023,485.9400000000023,483.3399999999965,485.9400000000023,1,0,0,,Keyboard Response,Keyboard Response,1,object-119,phonetic categorization,dill,dill_15.wav,,,dill,din,,,,expo-10ms,15,,2,labeled,,,234,,exposure,A,C,5,8.94427190999916,d-right,d,
233,1784152946812,15/07/2026 22:02:26,1784152946812,-7,15/07/2026 15:02:26,269901,13,task-pkec,repeat-7r7d#1,57237405,,16361732,,complete,,,computer,Desktop or Laptop,Mac OS 10.15,Firefox 150.0,1470x956,1470x810,,,0,Phonetic categorization,25,full_List_10,pass,$${overridespreadsheet},full_List_10,27,phonetic categorization,1.2 second pause,dp6plq,5,timedOut,,,1199.6000000000058,1199.4800000000105,1199.6000000000058,1199.6000000000058,1199.4800000000105,1199.6000000000058,1,0,0,,Time Limit,screen,0,screen,phonetic categorization,dill,dill_15.wav,,,dill,din,,,,expo-10ms,15,,2,labeled,,,234,,exposure,A,C,5,8.94427190999916,d-right,d,
234,1784152947315,15/07/2026 22:02:27,1784152947315,-7,15/07/2026 15:02:27,269901,13,task-pkec,repeat-7r7d#1,57237405,,16361732,,complete,,,computer,Desktop or Laptop,Mac OS 10.15,Firefox 150.0,1470x956,1470x810,,,0,Phonetic categorization,25,full_List_10,pass,$${overridespreadsheet},full_List_10,28,phonetic categorization,fixation,99n54d,1,response,,,500.5199999999895,500.5199999999895,500.5199999999895,500.5199999999895,500.5199999999895,500.5199999999895,0,0,0,,Time Limit,screen,0,screen,phonetic categorization,tip,dip_65.wav,,,tip,tin,,,,expo-10ms,65,,2,labeled,,,234,,exposure,A,C,50,16.431676725155,d-right,t,
235,1784152947814,15/07/2026 22:02:27,1784152947814,-7,15/07/2026 15:02:27,269901,13,task-pkec,repeat-7r7d#1,57237405,,16361732,,complete,,,computer,Desktop or Laptop,Mac OS 10.15,Firefox 150.0,1470x956,1470x810,,,0,Phonetic categorization,25,full_List_10,pass,$${overridespreadsheet},full_List_10,28,phonetic categorization,show option,yef3xk,2,response,,,500,500,500,500,500,500,1,0,0,,Time Limit,screen,0,screen,phonetic categorization,tip,dip_65.wav,,,tip,tin,,,,expo-10ms,65,,2,labeled,,,234,,exposure,A,C,50,16.431676725155,d-right,t,
236,1784152947830,15/07/2026 22:02:27,1784152947830,-7,15/07/2026 15:02:27,269901,13,task-pkec,repeat-7r7d#1,57237405,,16361732,,complete,,,computer,Desktop or Laptop,Mac OS 10.15,Firefox 150.0,1470x956,1470x810,,,0,Phonetic categorization,25,full_List_10,pass,$${overridespreadsheet},full_List_10,28,phonetic categorization,soundplay,x8jhtp,3,info,audio started,,16.660000000003492,0,16.660000000003492,16.660000000003492,0,16.660000000003492,0,0,0,,Audio Clip,Audio,1,object-207,phonetic categorization,tip,dip_65.wav,,,tip,tin,,,,expo-10ms,65,,2,labeled,,,234,,exposure,A,C,50,16.431676725155,d-right,t,
237,1784152948271,15/07/2026 22:02:28,1784152948271,-7,15/07/2026 15:02:28,269901,13,task-pkec,repeat-7r7d#1,57237405,,16361732,,complete,,,computer,Desktop or Laptop,Mac OS 10.15,Firefox 150.0,1470x956,1470x810,,,0,Phonetic categorization,25,full_List_10,pass,$${overridespreadsheet},full_List_10,28,phonetic categorization,soundplay,x8jhtp,3,info,audio finished,,457.6000000000058,450,457.6000000000058,457.6000000000058,450,457.6000000000058,0,0,0,,Audio Clip,Audio,1,object-207,phonetic categorization,tip,dip_65.wav,,,tip,tin,,,,expo-10ms,65,,2,labeled,,,234,,exposure,A,C,50,16.431676725155,d-right,t,
238,1784152948272,15/07/2026 22:02:28,1784152948272,-7,15/07/2026 15:02:28,269901,13,task-pkec,repeat-7r7d#1,57237405,,16361732,,complete,,,computer,Desktop or Laptop,Mac OS 10.15,Firefox 150.0,1470x956,1470x810,,,0,Phonetic categorization,25,full_List_10,pass,$${overridespreadsheet},full_List_10,28,phonetic categorization,soundplay,x8jhtp,3,continue,,,459.6000000000058,450,459.6000000000058,459.6000000000058,450,459.6000000000058,0,0,0,,Audio Clip,Audio,1,object-207,phonetic categorization,tip,dip_65.wav,,,tip,tin,,,,expo-10ms,65,,2,labeled,,,234,,exposure,A,C,50,16.431676725155,d-right,t,
239,1784152948593,15/07/2026 22:02:28,1784152948593,-7,15/07/2026 15:02:28,269901,13,task-pkec,repeat-7r7d#1,57237405,,16361732,,complete,,,computer,Desktop or Laptop,Mac OS 10.15,Firefox 150.0,1470x956,1470x810,,,0,Phonetic categorization,25,full_List_10,pass,$${overridespreadsheet},full_List_10,28,phonetic categorization,2AFC,6i7z8o,4,response,tip,,329.6000000000058,316.54000000000815,329.6000000000058,329.6000000000058,316.54000000000815,329.6000000000058,1,0,0,,Keyboard Response,Keyboard Response,1,object-119,phonetic categorization,tip,dip_65.wav,,,tip,tin,,,,expo-10ms,65,,2,labeled,,,234,,exposure,A,C,50,16.431676725155,d-right,t,
240,1784152949782,15/07/2026 22:02:29,1784152949782,-7,15/07/2026 15:02:29,269901,13,task-pkec,repeat-7r7d#1,57237405,,16361732,,complete,,,computer,Desktop or Laptop,Mac OS 10.15,Firefox 150.0,1470x956,1470x810,,,0,Phonetic categorization,25,full_List_10,pass,$${overridespreadsheet},full_List_10,28,phonetic categorization,1.2 second pause,dp6plq,5,timedOut,,,1203.0599999999977,1200.1199999999953,1203.0599999999977,1203.0599999999977,1200.1199999999953,1203.0599999999977,1,0,0,,Time Limit,screen,0,screen,phonetic categorization,tip,dip_65.wav,,,tip,tin,,,,expo-10ms,65,,2,labeled,,,234,,exposure,A,C,50,16.431676725155,d-right,t,
241,1784152950283,15/07/2026 22:02:30,1784152950283,-7,15/07/2026 15:02:30,269901,13,task-pkec,repeat-7r7d#1,57237405,,16361732,,complete,,,computer,Desktop or Laptop,Mac OS 10.15,Firefox 150.0,1470x956,1470x810,,,0,Phonetic categorization,25,full_List_10,pass,$${overridespreadsheet},full_List_10,29,phonetic categorization,fixation,99n54d,1,response,,,500,500,500,500,500,500,0,0,0,,Time Limit,screen,0,screen,phonetic categorization,din,din_5.wav,,,din,dill,,,,expo-10ms,5,,2,labeled,,,234,,exposure,A,C,5,8.94427190999916,d-right,d,
242,1784152950783,15/07/2026 22:02:30,1784152950783,-7,15/07/2026 15:02:30,269901,13,task-pkec,repeat-7r7d#1,57237405,,16361732,,complete,,,computer,Desktop or Laptop,Mac OS 10.15,Firefox 150.0,1470x956,1470x810,,,0,Phonetic categorization,25,full_List_10,pass,$${overridespreadsheet},full_List_10,29,phonetic categorization,show option,yef3xk,2,response,,,500,500,500,500,500,500,1,0,0,,Time Limit,screen,0,screen,phonetic categorization,din,din_5.wav,,,din,dill,,,,expo-10ms,5,,2,labeled,,,234,,exposure,A,C,5,8.94427190999916,d-right,d,
243,1784152950788,15/07/2026 22:02:30,1784152950788,-7,15/07/2026 15:02:30,269901,13,task-pkec,repeat-7r7d#1,57237405,,16361732,,complete,,,computer,Desktop or Laptop,Mac OS 10.15,Firefox 150.0,1470x956,1470x810,,,0,Phonetic categorization,25,full_List_10,pass,$${overridespreadsheet},full_List_10,29,phonetic categorization,soundplay,x8jhtp,3,info,audio started,,8.940000000002328,0,8.940000000002328,8.940000000002328,0,8.940000000002328,0,0,0,,Audio Clip,Audio,1,object-207,phonetic categorization,din,din_5.wav,,,din,dill,,,,expo-10ms,5,,2,labeled,,,234,,exposure,A,C,5,8.94427190999916,d-right,d,
244,1784152951116,15/07/2026 22:02:31,1784152951116,-7,15/07/2026 15:02:31,269901,13,task-pkec,repeat-7r7d#1,57237405,,16361732,,complete,,,computer,Desktop or Laptop,Mac OS 10.15,Firefox 150.0,1470x956,1470x810,,,0,Phonetic categorization,25,full_List_10,pass,$${overridespreadsheet},full_List_10,29,phonetic categorization,soundplay,x8jhtp,3,info,audio finished,,335.9400000000023,333.3399999999965,335.9400000000023,335.9400000000023,333.3399999999965,335.9400000000023,0,0,0,,Audio Clip,Audio,1,object-207,phonetic categorization,din,din_5.wav,,,din,dill,,,,expo-10ms,5,,2,labeled,,,234,,exposure,A,C,5,8.94427190999916,d-right,d,
245,1784152951117,15/07/2026 22:02:31,1784152951117,-7,15/07/2026 15:02:31,269901,13,task-pkec,repeat-7r7d#1,57237405,,16361732,,complete,,,computer,Desktop or Laptop,Mac OS 10.15,Firefox 150.0,1470x956,1470x810,,,0,Phonetic categorization,25,full_List_10,pass,$${overridespreadsheet},full_List_10,29,phonetic categorization,soundplay,x8jhtp,3,continue,,,336.9400000000023,333.3399999999965,336.9400000000023,336.9400000000023,333.3399999999965,336.9400000000023,0,0,0,,Audio Clip,Audio,1,object-207,phonetic categorization,din,din_5.wav,,,din,dill,,,,expo-10ms,5,,2,labeled,,,234,,exposure,A,C,5,8.94427190999916,d-right,d,
246,1784152951540,15/07/2026 22:02:31,1784152951540,-7,15/07/2026 15:02:31,269901,13,task-pkec,repeat-7r7d#1,57237405,,16361732,,complete,,,computer,Desktop or Laptop,Mac OS 10.15,Firefox 150.0,1470x956,1470x810,,,0,Phonetic categorization,25,full_List_10,pass,$${overridespreadsheet},full_List_10,29,phonetic categorization,2AFC,6i7z8o,4,response,din,,426.6000000000058,416.6600000000035,426.6000000000058,426.6000000000058,416.6600000000035,426.6000000000058,1,0,0,,Keyboard Response,Keyboard Response,1,object-119,phonetic categorization,din,din_5.wav,,,din,dill,,,,expo-10ms,5,,2,labeled,,,234,,exposure,A,C,5,8.94427190999916,d-right,d,
247,1784152952731,15/07/2026 22:02:32,1784152952731,-7,15/07/2026 15:02:32,269901,13,task-pkec,repeat-7r7d#1,57237405,,16361732,,complete,,,computer,Desktop or Laptop,Mac OS 10.15,Firefox 150.0,1470x956,1470x810,,,0,Phonetic categorization,25,full_List_10,pass,$${overridespreadsheet},full_List_10,29,phonetic categorization,1.2 second pause,dp6plq,5,timedOut,,,1200.9400000000023,1199.9599999999919,1200.9400000000023,1200.9400000000023,1199.9599999999919,1200.9400000000023,1,0,0,,Time Limit,screen,0,screen,phonetic categorization,din,din_5.wav,,,din,dill,,,,expo-10ms,5,,2,labeled,,,234,,exposure,A,C,5,8.94427190999916,d-right,d,
248,1784152953231,15/07/2026 22:02:33,1784152953231,-7,15/07/2026 15:02:33,269901,13,task-pkec,repeat-7r7d#1,57237405,,16361732,,complete,,,computer,Desktop or Laptop,Mac OS 10.15,Firefox 150.0,1470x956,1470x810,,,0,Phonetic categorization,25,full_List_10,pass,$${overridespreadsheet},full_List_10,30,phonetic categorization,fixation,99n54d,1,response,,,500.04000000000815,500.04000000000815,500.04000000000815,500.04000000000815,500.04000000000815,500.04000000000815,0,0,0,,Time Limit,screen,0,screen,phonetic categorization,rare,rare.wav,,,rare,flare,,,,expo-10ms,,,2,,,,234,,catch,A,C,,,d-right,,
249,1784152953733,15/07/2026 22:02:33,1784152953733,-7,15/07/2026 15:02:33,269901,13,task-pkec,repeat-7r7d#1,57237405,,16361732,,complete,,,computer,Desktop or Laptop,Mac OS 10.15,Firefox 150.0,1470x956,1470x810,,,0,Phonetic categorization,25,full_List_10,pass,$${overridespreadsheet},full_List_10,30,phonetic categorization,show option,yef3xk,2,response,,,500,500,500,500,500,500,1,0,0,,Time Limit,screen,0,screen,phonetic categorization,rare,rare.wav,,,rare,flare,,,,expo-10ms,,,2,,,,234,,catch,A,C,,,d-right,,
250,1784152953740,15/07/2026 22:02:33,1784152953740,-7,15/07/2026 15:02:33,269901,13,task-pkec,repeat-7r7d#1,57237405,,16361732,,complete,,,computer,Desktop or Laptop,Mac OS 10.15,Firefox 150.0,1470x956,1470x810,,,0,Phonetic categorization,25,full_List_10,pass,$${overridespreadsheet},full_List_10,30,phonetic categorization,soundplay,x8jhtp,3,info,audio started,,10.940000000002328,0,10.940000000002328,10.940000000002328,0,10.940000000002328,0,0,0,,Audio Clip,Audio,1,object-207,phonetic categorization,rare,rare.wav,,,rare,flare,,,,expo-10ms,,,2,,,,234,,catch,A,C,,,d-right,,
251,1784152954196,15/07/2026 22:02:34,1784152954196,-7,15/07/2026 15:02:34,269901,13,task-pkec,repeat-7r7d#1,57237405,,16361732,,complete,,,computer,Desktop or Laptop,Mac OS 10.15,Firefox 150.0,1470x956,1470x810,,,0,Phonetic categorization,25,full_List_10,pass,$${overridespreadsheet},full_List_10,30,phonetic categorization,soundplay,x8jhtp,3,info,audio finished,,466.6600000000035,450,466.6600000000035,466.6600000000035,450,466.6600000000035,0,0,0,,Audio Clip,Audio,1,object-207,phonetic categorization,rare,rare.wav,,,rare,flare,,,,expo-10ms,,,2,,,,234,,catch,A,C,,,d-right,,
252,1784152954197,15/07/2026 22:02:34,1784152954197,-7,15/07/2026 15:02:34,269901,13,task-pkec,repeat-7r7d#1,57237405,,16361732,,complete,,,computer,Desktop or Laptop,Mac OS 10.15,Firefox 150.0,1470x956,1470x810,,,0,Phonetic categorization,25,full_List_10,pass,$${overridespreadsheet},full_List_10,30,phonetic categorization,soundplay,x8jhtp,3,continue,,,466.6600000000035,450,466.6600000000035,466.6600000000035,450,466.6600000000035,0,0,0,,Audio Clip,Audio,1,object-207,phonetic categorization,rare,rare.wav,,,rare,flare,,,,expo-10ms,,,2,,,,234,,catch,A,C,,,d-right,,
253,1784152954604,15/07/2026 22:02:34,1784152954604,-7,15/07/2026 15:02:34,269901,13,task-pkec,repeat-7r7d#1,57237405,,16361732,,complete,,,computer,Desktop or Laptop,Mac OS 10.15,Firefox 150.0,1470x956,1470x810,,,0,Phonetic categorization,25,full_List_10,pass,$${overridespreadsheet},full_List_10,30,phonetic categorization,2AFC,6i7z8o,4,response,rare,,423.9400000000023,416.679999999993,423.9400000000023,423.9400000000023,416.679999999993,423.9400000000023,1,0,0,,Keyboard Response,Keyboard Response,1,object-119,phonetic categorization,rare,rare.wav,,,rare,flare,,,,expo-10ms,,,2,,,,234,,catch,A,C,,,d-right,,
254,1784152955799,15/07/2026 22:02:35,1784152955799,-7,15/07/2026 15:02:35,269901,13,task-pkec,repeat-7r7d#1,57237405,,16361732,,complete,,,computer,Desktop or Laptop,Mac OS 10.15,Firefox 150.0,1470x956,1470x810,,,0,Phonetic categorization,25,full_List_10,pass,$${overridespreadsheet},full_List_10,30,phonetic categorization,1.2 second pause,dp6plq,5,timedOut,,,1203.2600000000093,1200,1203.2600000000093,1203.2600000000093,1200,1203.2600000000093,1,0,0,,Time Limit,screen,0,screen,phonetic categorization,rare,rare.wav,,,rare,flare,,,,expo-10ms,,,2,,,,234,,catch,A,C,,,d-right,,
255,1784152956297,15/07/2026 22:02:36,1784152956297,-7,15/07/2026 15:02:36,269901,13,task-pkec,repeat-7r7d#1,57237405,,16361732,,complete,,,computer,Desktop or Laptop,Mac OS 10.15,Firefox 150.0,1470x956,1470x810,,,0,Phonetic categorization,25,full_List_10,pass,$${overridespreadsheet},full_List_10,31,phonetic categorization,fixation,99n54d,1,response,,,500,500,500,500,500,500,0,0,0,,Time Limit,screen,0,screen,phonetic categorization,till,dill_70.wav,,,tin,till,,,,expo-10ms,70,,2,labeled,,,234,,exposure,A,C,50,16.431676725155,d-right,t,
256,1784152956799,15/07/2026 22:02:36,1784152956799,-7,15/07/2026 15:02:36,269901,13,task-pkec,repeat-7r7d#1,57237405,,16361732,,complete,,,computer,Desktop or Laptop,Mac OS 10.15,Firefox 150.0,1470x956,1470x810,,,0,Phonetic categorization,25,full_List_10,pass,$${overridespreadsheet},full_List_10,31,phonetic categorization,show option,yef3xk,2,response,,,500,500,500,500,500,500,1,0,0,,Time Limit,screen,0,screen,phonetic categorization,till,dill_70.wav,,,tin,till,,,,expo-10ms,70,,2,labeled,,,234,,exposure,A,C,50,16.431676725155,d-right,t,
257,1784152956805,15/07/2026 22:02:36,1784152956805,-7,15/07/2026 15:02:36,269901,13,task-pkec,repeat-7r7d#1,57237405,,16361732,,complete,,,computer,Desktop or Laptop,Mac OS 10.15,Firefox 150.0,1470x956,1470x810,,,0,Phonetic categorization,25,full_List_10,pass,$${overridespreadsheet},full_List_10,31,phonetic categorization,soundplay,x8jhtp,3,info,audio started,,9.260000000009313,0,9.260000000009313,9.260000000009313,0,9.260000000009313,0,0,0,,Audio Clip,Audio,1,object-207,phonetic categorization,till,dill_70.wav,,,tin,till,,,,expo-10ms,70,,2,labeled,,,234,,exposure,A,C,50,16.431676725155,d-right,t,
258,1784152957193,15/07/2026 22:02:37,1784152957193,-7,15/07/2026 15:02:37,269901,13,task-pkec,repeat-7r7d#1,57237405,,16361732,,complete,,,computer,Desktop or Laptop,Mac OS 10.15,Firefox 150.0,1470x956,1470x810,,,0,Phonetic categorization,25,full_List_10,pass,$${overridespreadsheet},full_List_10,31,phonetic categorization,soundplay,x8jhtp,3,info,audio finished,,397.2600000000093,383.320000000007,397.2600000000093,397.2600000000093,383.320000000007,397.2600000000093,0,0,0,,Audio Clip,Audio,1,object-207,phonetic categorization,till,dill_70.wav,,,tin,till,,,,expo-10ms,70,,2,labeled,,,234,,exposure,A,C,50,16.431676725155,d-right,t,
259,1784152957193,15/07/2026 22:02:37,1784152957193,-7,15/07/2026 15:02:37,269901,13,task-pkec,repeat-7r7d#1,57237405,,16361732,,complete,,,computer,Desktop or Laptop,Mac OS 10.15,Firefox 150.0,1470x956,1470x810,,,0,Phonetic categorization,25,full_List_10,pass,$${overridespreadsheet},full_List_10,31,phonetic categorization,soundplay,x8jhtp,3,continue,,,397.2600000000093,383.320000000007,397.2600000000093,397.2600000000093,383.320000000007,397.2600000000093,0,0,0,,Audio Clip,Audio,1,object-207,phonetic categorization,till,dill_70.wav,,,tin,till,,,,expo-10ms,70,,2,labeled,,,234,,exposure,A,C,50,16.431676725155,d-right,t,
260,1784152957655,15/07/2026 22:02:37,1784152957655,-7,15/07/2026 15:02:37,269901,13,task-pkec,repeat-7r7d#1,57237405,,16361732,,complete,,,computer,Desktop or Laptop,Mac OS 10.15,Firefox 150.0,1470x956,1470x810,,,0,Phonetic categorization,25,full_List_10,pass,$${overridespreadsheet},full_List_10,31,phonetic categorization,2AFC,6i7z8o,4,response,till,,474.9400000000023,466.679999999993,474.9400000000023,474.9400000000023,466.679999999993,474.9400000000023,1,0,0,,Keyboard Response,Keyboard Response,1,object-119,phonetic categorization,till,dill_70.wav,,,tin,till,,,,expo-10ms,70,,2,labeled,,,234,,exposure,A,C,50,16.431676725155,d-right,t,
261,1784152958850,15/07/2026 22:02:38,1784152958850,-7,15/07/2026 15:02:38,269901,13,task-pkec,repeat-7r7d#1,57237405,,16361732,,complete,,,computer,Desktop or Laptop,Mac OS 10.15,Firefox 150.0,1470x956,1470x810,,,0,Phonetic categorization,25,full_List_10,pass,$${overridespreadsheet},full_List_10,31,phonetic categorization,1.2 second pause,dp6plq,5,timedOut,,,1204.2600000000093,1200,1204.2600000000093,1204.2600000000093,1200,1204.2600000000093,1,0,0,,Time Limit,screen,0,screen,phonetic categorization,till,dill_70.wav,,,tin,till,,,,expo-10ms,70,,2,labeled,,,234,,exposure,A,C,50,16.431676725155,d-right,t,
262,1784152959349,15/07/2026 22:02:39,1784152959349,-7,15/07/2026 15:02:39,269901,13,task-pkec,repeat-7r7d#1,57237405,,16361732,,complete,,,computer,Desktop or Laptop,Mac OS 10.15,Firefox 150.0,1470x956,1470x810,,,0,Phonetic categorization,25,full_List_10,pass,$${overridespreadsheet},full_List_10,32,phonetic categorization,fixation,99n54d,1,response,,,500,500,500,500,500,500,0,0,0,,Time Limit,screen,0,screen,phonetic categorization,din,din_15.wav,,,din,dill,,,,expo-10ms,15,,2,labeled,,,234,,exposure,A,C,5,8.94427190999916,d-right,d,
263,1784152959850,15/07/2026 22:02:39,1784152959850,-7,15/07/2026 15:02:39,269901,13,task-pkec,repeat-7r7d#1,57237405,,16361732,,complete,,,computer,Desktop or Laptop,Mac OS 10.15,Firefox 150.0,1470x956,1470x810,,,0,Phonetic categorization,25,full_List_10,pass,$${overridespreadsheet},full_List_10,32,phonetic categorization,show option,yef3xk,2,response,,,500,500,500,500,500,500,1,0,0,,Time Limit,screen,0,screen,phonetic categorization,din,din_15.wav,,,din,dill,,,,expo-10ms,15,,2,labeled,,,234,,exposure,A,C,5,8.94427190999916,d-right,d,
264,1784152959855,15/07/2026 22:02:39,1784152959855,-7,15/07/2026 15:02:39,269901,13,task-pkec,repeat-7r7d#1,57237405,,16361732,,complete,,,computer,Desktop or Laptop,Mac OS 10.15,Firefox 150.0,1470x956,1470x810,,,0,Phonetic categorization,25,full_List_10,pass,$${overridespreadsheet},full_List_10,32,phonetic categorization,soundplay,x8jhtp,3,info,audio started,,10.260000000009313,0,10.260000000009313,10.260000000009313,0,10.260000000009313,0,0,0,,Audio Clip,Audio,1,object-207,phonetic categorization,din,din_15.wav,,,din,dill,,,,expo-10ms,15,,2,labeled,,,234,,exposure,A,C,5,8.94427190999916,d-right,d,
265,1784152960192,15/07/2026 22:02:40,1784152960192,-7,15/07/2026 15:02:40,269901,13,task-pkec,repeat-7r7d#1,57237405,,16361732,,complete,,,computer,Desktop or Laptop,Mac OS 10.15,Firefox 150.0,1470x956,1470x810,,,0,Phonetic categorization,25,full_List_10,pass,$${overridespreadsheet},full_List_10,32,phonetic categorization,soundplay,x8jhtp,3,info,audio finished,,346.2600000000093,333.320000000007,346.2600000000093,346.2600000000093,333.320000000007,346.2600000000093,0,0,0,,Audio Clip,Audio,1,object-207,phonetic categorization,din,din_15.wav,,,din,dill,,,,expo-10ms,15,,2,labeled,,,234,,exposure,A,C,5,8.94427190999916,d-right,d,
266,1784152960193,15/07/2026 22:02:40,1784152960193,-7,15/07/2026 15:02:40,269901,13,task-pkec,repeat-7r7d#1,57237405,,16361732,,complete,,,computer,Desktop or Laptop,Mac OS 10.15,Firefox 150.0,1470x956,1470x810,,,0,Phonetic categorization,25,full_List_10,pass,$${overridespreadsheet},full_List_10,32,phonetic categorization,soundplay,x8jhtp,3,continue,,,347.2600000000093,333.320000000007,347.2600000000093,347.2600000000093,333.320000000007,347.2600000000093,0,0,0,,Audio Clip,Audio,1,object-207,phonetic categorization,din,din_15.wav,,,din,dill,,,,expo-10ms,15,,2,labeled,,,234,,exposure,A,C,5,8.94427190999916,d-right,d,
267,1784152960642,15/07/2026 22:02:40,1784152960642,-7,15/07/2026 15:02:40,269901,13,task-pkec,repeat-7r7d#1,57237405,,16361732,,complete,,,computer,Desktop or Laptop,Mac OS 10.15,Firefox 150.0,1470x956,1470x810,,,0,Phonetic categorization,25,full_List_10,pass,$${overridespreadsheet},full_List_10,32,phonetic categorization,2AFC,6i7z8o,4,response,din,,461.9400000000023,450,461.9400000000023,461.9400000000023,450,461.9400000000023,1,0,0,,Keyboard Response,Keyboard Response,1,object-119,phonetic categorization,din,din_15.wav,,,din,dill,,,,expo-10ms,15,,2,labeled,,,234,,exposure,A,C,5,8.94427190999916,d-right,d,
268,1784152961831,15/07/2026 22:02:41,1784152961831,-7,15/07/2026 15:02:41,269901,13,task-pkec,repeat-7r7d#1,57237405,,16361732,,complete,,,computer,Desktop or Laptop,Mac OS 10.15,Firefox 150.0,1470x956,1470x810,,,0,Phonetic categorization,25,full_List_10,pass,$${overridespreadsheet},full_List_10,32,phonetic categorization,1.2 second pause,dp6plq,5,timedOut,,,1200.9400000000023,1200,1200.9400000000023,1200.9400000000023,1200,1200.9400000000023,1,0,0,,Time Limit,screen,0,screen,phonetic categorization,din,din_15.wav,,,din,dill,,,,expo-10ms,15,,2,labeled,,,234,,exposure,A,C,5,8.94427190999916,d-right,d,
269,1784152962331,15/07/2026 22:02:42,1784152962331,-7,15/07/2026 15:02:42,269901,13,task-pkec,repeat-7r7d#1,57237405,,16361732,,complete,,,computer,Desktop or Laptop,Mac OS 10.15,Firefox 150.0,1470x956,1470x810,,,0,Phonetic categorization,25,full_List_10,pass,$${overridespreadsheet},full_List_10,33,phonetic categorization,fixation,99n54d,1,response,,,500,500,500,500,500,500,0,0,0,,Time Limit,screen,0,screen,phonetic categorization,tin,din_65.wav,,,till,tin,,,,expo-10ms,65,,2,labeled,,,234,,exposure,A,C,50,16.431676725155,d-right,t,
270,1784152962832,15/07/2026 22:02:42,1784152962832,-7,15/07/2026 15:02:42,269901,13,task-pkec,repeat-7r7d#1,57237405,,16361732,,complete,,,computer,Desktop or Laptop,Mac OS 10.15,Firefox 150.0,1470x956,1470x810,,,0,Phonetic categorization,25,full_List_10,pass,$${overridespreadsheet},full_List_10,33,phonetic categorization,show option,yef3xk,2,response,,,500,500,500,500,500,500,1,0,0,,Time Limit,screen,0,screen,phonetic categorization,tin,din_65.wav,,,till,tin,,,,expo-10ms,65,,2,labeled,,,234,,exposure,A,C,50,16.431676725155,d-right,t,
271,1784152962839,15/07/2026 22:02:42,1784152962839,-7,15/07/2026 15:02:42,269901,13,task-pkec,repeat-7r7d#1,57237405,,16361732,,complete,,,computer,Desktop or Laptop,Mac OS 10.15,Firefox 150.0,1470x956,1470x810,,,0,Phonetic categorization,25,full_List_10,pass,$${overridespreadsheet},full_List_10,33,phonetic categorization,soundplay,x8jhtp,3,info,audio started,,9.940000000002328,0,9.940000000002328,9.940000000002328,0,9.940000000002328,0,0,0,,Audio Clip,Audio,1,object-207,phonetic categorization,tin,din_65.wav,,,till,tin,,,,expo-10ms,65,,2,labeled,,,234,,exposure,A,C,50,16.431676725155,d-right,t,
272,1784152963210,15/07/2026 22:02:43,1784152963210,-7,15/07/2026 15:02:43,269901,13,task-pkec,repeat-7r7d#1,57237405,,16361732,,complete,,,computer,Desktop or Laptop,Mac OS 10.15,Firefox 150.0,1470x956,1470x810,,,0,Phonetic categorization,25,full_List_10,pass,$${overridespreadsheet},full_List_10,33,phonetic categorization,soundplay,x8jhtp,3,info,audio finished,,380.9400000000023,366.679999999993,380.9400000000023,380.9400000000023,366.679999999993,380.9400000000023,0,0,0,,Audio Clip,Audio,1,object-207,phonetic categorization,tin,din_65.wav,,,till,tin,,,,expo-10ms,65,,2,labeled,,,234,,exposure,A,C,50,16.431676725155,d-right,t,
273,1784152963210,15/07/2026 22:02:43,1784152963210,-7,15/07/2026 15:02:43,269901,13,task-pkec,repeat-7r7d#1,57237405,,16361732,,complete,,,computer,Desktop or Laptop,Mac OS 10.15,Firefox 150.0,1470x956,1470x810,,,0,Phonetic categorization,25,full_List_10,pass,$${overridespreadsheet},full_List_10,33,phonetic categorization,soundplay,x8jhtp,3,continue,,,380.9400000000023,366.679999999993,380.9400000000023,380.9400000000023,366.679999999993,380.9400000000023,0,0,0,,Audio Clip,Audio,1,object-207,phonetic categorization,tin,din_65.wav,,,till,tin,,,,expo-10ms,65,,2,labeled,,,234,,exposure,A,C,50,16.431676725155,d-right,t,
274,1784152963795,15/07/2026 22:02:43,1784152963795,-7,15/07/2026 15:02:43,269901,13,task-pkec,repeat-7r7d#1,57237405,,16361732,,complete,,,computer,Desktop or Laptop,Mac OS 10.15,Firefox 150.0,1470x956,1470x810,,,0,Phonetic categorization,25,full_List_10,pass,$${overridespreadsheet},full_List_10,33,phonetic categorization,2AFC,6i7z8o,4,response,tin,,599.2600000000093,583.320000000007,599.2600000000093,599.2600000000093,583.320000000007,599.2600000000093,1,0,0,,Keyboard Response,Keyboard Response,1,object-119,phonetic categorization,tin,din_65.wav,,,till,tin,,,,expo-10ms,65,,2,labeled,,,234,,exposure,A,C,50,16.431676725155,d-right,t,
275,1784152964984,15/07/2026 22:02:44,1784152964984,-7,15/07/2026 15:02:44,269901,13,task-pkec,repeat-7r7d#1,57237405,,16361732,,complete,,,computer,Desktop or Laptop,Mac OS 10.15,Firefox 150.0,1470x956,1470x810,,,0,Phonetic categorization,25,full_List_10,pass,$${overridespreadsheet},full_List_10,33,phonetic categorization,1.2 second pause,dp6plq,5,timedOut,,,1203.9400000000023,1200,1203.9400000000023,1203.9400000000023,1200,1203.9400000000023,1,0,0,,Time Limit,screen,0,screen,phonetic categorization,tin,din_65.wav,,,till,tin,,,,expo-10ms,65,,2,labeled,,,234,,exposure,A,C,50,16.431676725155,d-right,t,
276,1784152965482,15/07/2026 22:02:45,1784152965482,-7,15/07/2026 15:02:45,269901,13,task-pkec,repeat-7r7d#1,57237405,,16361732,,complete,,,computer,Desktop or Laptop,Mac OS 10.15,Firefox 150.0,1470x956,1470x810,,,0,Phonetic categorization,25,full_List_10,pass,$${overridespreadsheet},full_List_10,34,phonetic categorization,fixation,99n54d,1,response,,,500,500,500,500,500,500,0,0,0,,Time Limit,screen,0,screen,phonetic categorization,tin,din_80.wav,,,tin,din,,,,expo-10ms,80,,2,unlabeled,,,234,,exposure,A,C,50,16.431676725155,d-right,t,
277,1784152965982,15/07/2026 22:02:45,1784152965982,-7,15/07/2026 15:02:45,269901,13,task-pkec,repeat-7r7d#1,57237405,,16361732,,complete,,,computer,Desktop or Laptop,Mac OS 10.15,Firefox 150.0,1470x956,1470x810,,,0,Phonetic categorization,25,full_List_10,pass,$${overridespreadsheet},full_List_10,34,phonetic categorization,show option,yef3xk,2,response,,,500,500,500,500,500,500,1,0,0,,Time Limit,screen,0,screen,phonetic categorization,tin,din_80.wav,,,tin,din,,,,expo-10ms,80,,2,unlabeled,,,234,,exposure,A,C,50,16.431676725155,d-right,t,
278,1784152965988,15/07/2026 22:02:45,1784152965988,-7,15/07/2026 15:02:45,269901,13,task-pkec,repeat-7r7d#1,57237405,,16361732,,complete,,,computer,Desktop or Laptop,Mac OS 10.15,Firefox 150.0,1470x956,1470x810,,,0,Phonetic categorization,25,full_List_10,pass,$${overridespreadsheet},full_List_10,34,phonetic categorization,soundplay,x8jhtp,3,info,audio started,,8.940000000002328,0,8.940000000002328,8.940000000002328,0,8.940000000002328,0,0,0,,Audio Clip,Audio,1,object-207,phonetic categorization,tin,din_80.wav,,,tin,din,,,,expo-10ms,80,,2,unlabeled,,,234,,exposure,A,C,50,16.431676725155,d-right,t,
279,1784152966365,15/07/2026 22:02:46,1784152966365,-7,15/07/2026 15:02:46,269901,13,task-pkec,repeat-7r7d#1,57237405,,16361732,,complete,,,computer,Desktop or Laptop,Mac OS 10.15,Firefox 150.0,1470x956,1470x810,,,0,Phonetic categorization,25,full_List_10,pass,$${overridespreadsheet},full_List_10,34,phonetic categorization,soundplay,x8jhtp,3,info,audio finished,,366.6600000000035,350,366.6600000000035,366.6600000000035,350,366.6600000000035,0,0,0,,Audio Clip,Audio,1,object-207,phonetic categorization,tin,din_80.wav,,,tin,din,,,,expo-10ms,80,,2,unlabeled,,,234,,exposure,A,C,50,16.431676725155,d-right,t,
280,1784152966365,15/07/2026 22:02:46,1784152966365,-7,15/07/2026 15:02:46,269901,13,task-pkec,repeat-7r7d#1,57237405,,16361732,,complete,,,computer,Desktop or Laptop,Mac OS 10.15,Firefox 150.0,1470x956,1470x810,,,0,Phonetic categorization,25,full_List_10,pass,$${overridespreadsheet},full_List_10,34,phonetic categorization,soundplay,x8jhtp,3,continue,,,366.6600000000035,350,366.6600000000035,366.6600000000035,350,366.6600000000035,0,0,0,,Audio Clip,Audio,1,object-207,phonetic categorization,tin,din_80.wav,,,tin,din,,,,expo-10ms,80,,2,unlabeled,,,234,,exposure,A,C,50,16.431676725155,d-right,t,
281,1784152966666,15/07/2026 22:02:46,1784152966666,-7,15/07/2026 15:02:46,269901,13,task-pkec,repeat-7r7d#1,57237405,,16361732,,complete,,,computer,Desktop or Laptop,Mac OS 10.15,Firefox 150.0,1470x956,1470x810,,,0,Phonetic categorization,25,full_List_10,pass,$${overridespreadsheet},full_List_10,34,phonetic categorization,2AFC,6i7z8o,4,response,tin,,335.9400000000023,326.38000000000466,335.9400000000023,335.9400000000023,326.38000000000466,335.9400000000023,1,0,0,,Keyboard Response,Keyboard Response,1,object-119,phonetic categorization,tin,din_80.wav,,,tin,din,,,,expo-10ms,80,,2,unlabeled,,,234,,exposure,A,C,50,16.431676725155,d-right,t,
282,1784152967860,15/07/2026 22:02:47,1784152967860,-7,15/07/2026 15:02:47,269901,13,task-pkec,repeat-7r7d#1,57237405,,16361732,,complete,,,computer,Desktop or Laptop,Mac OS 10.15,Firefox 150.0,1470x956,1470x810,,,0,Phonetic categorization,25,full_List_10,pass,$${overridespreadsheet},full_List_10,34,phonetic categorization,1.2 second pause,dp6plq,5,timedOut,,,1202.5599999999977,1200,1202.5599999999977,1202.5599999999977,1200,1202.5599999999977,1,0,0,,Time Limit,screen,0,screen,phonetic categorization,tin,din_80.wav,,,tin,din,,,,expo-10ms,80,,2,unlabeled,,,234,,exposure,A,C,50,16.431676725155,d-right,t,
283,1784152968359,15/07/2026 22:02:48,1784152968359,-7,15/07/2026 15:02:48,269901,13,task-pkec,repeat-7r7d#1,57237405,,16361732,,complete,,,computer,Desktop or Laptop,Mac OS 10.15,Firefox 150.0,1470x956,1470x810,,,0,Phonetic categorization,25,full_List_10,pass,$${overridespreadsheet},full_List_10,35,phonetic categorization,fixation,99n54d,1,response,,,500,500,500,500,500,500,0,0,0,,Time Limit,screen,0,screen,phonetic categorization,tip,dip_80.wav,,,tip,tin,,,,expo-10ms,80,,2,labeled,,,234,,exposure,A,C,50,16.431676725155,d-right,t,
284,1784152968858,15/07/2026 22:02:48,1784152968858,-7,15/07/2026 15:02:48,269901,13,task-pkec,repeat-7r7d#1,57237405,,16361732,,complete,,,computer,Desktop or Laptop,Mac OS 10.15,Firefox 150.0,1470x956,1470x810,,,0,Phonetic categorization,25,full_List_10,pass,$${overridespreadsheet},full_List_10,35,phonetic categorization,show option,yef3xk,2,response,,,500,500,500,500,500,500,1,0,0,,Time Limit,screen,0,screen,phonetic categorization,tip,dip_80.wav,,,tip,tin,,,,expo-10ms,80,,2,labeled,,,234,,exposure,A,C,50,16.431676725155,d-right,t,
285,1784152968866,15/07/2026 22:02:48,1784152968866,-7,15/07/2026 15:02:48,269901,13,task-pkec,repeat-7r7d#1,57237405,,16361732,,complete,,,computer,Desktop or Laptop,Mac OS 10.15,Firefox 150.0,1470x956,1470x810,,,0,Phonetic categorization,25,full_List_10,pass,$${overridespreadsheet},full_List_10,35,phonetic categorization,soundplay,x8jhtp,3,info,audio started,,11.559999999997672,0,11.559999999997672,11.559999999997672,0,11.559999999997672,0,0,0,,Audio Clip,Audio,1,object-207,phonetic categorization,tip,dip_80.wav,,,tip,tin,,,,expo-10ms,80,,2,labeled,,,234,,exposure,A,C,50,16.431676725155,d-right,t,
286,1784152969329,15/07/2026 22:02:49,1784152969329,-7,15/07/2026 15:02:49,269901,13,task-pkec,repeat-7r7d#1,57237405,,16361732,,complete,,,computer,Desktop or Laptop,Mac OS 10.15,Firefox 150.0,1470x956,1470x810,,,0,Phonetic categorization,25,full_List_10,pass,$${overridespreadsheet},full_List_10,35,phonetic categorization,soundplay,x8jhtp,3,info,audio finished,,466.679999999993,450,466.679999999993,466.679999999993,450,466.679999999993,0,0,0,,Audio Clip,Audio,1,object-207,phonetic categorization,tip,dip_80.wav,,,tip,tin,,,,expo-10ms,80,,2,labeled,,,234,,exposure,A,C,50,16.431676725155,d-right,t,
287,1784152969330,15/07/2026 22:02:49,1784152969330,-7,15/07/2026 15:02:49,269901,13,task-pkec,repeat-7r7d#1,57237405,,16361732,,complete,,,computer,Desktop or Laptop,Mac OS 10.15,Firefox 150.0,1470x956,1470x810,,,0,Phonetic categorization,25,full_List_10,pass,$${overridespreadsheet},full_List_10,35,phonetic categorization,soundplay,x8jhtp,3,continue,,,466.679999999993,450,466.679999999993,466.679999999993,450,466.679999999993,0,0,0,,Audio Clip,Audio,1,object-207,phonetic categorization,tip,dip_80.wav,,,tip,tin,,,,expo-10ms,80,,2,labeled,,,234,,exposure,A,C,50,16.431676725155,d-right,t,
288,1784152969551,15/07/2026 22:02:49,1784152969551,-7,15/07/2026 15:02:49,269901,13,task-pkec,repeat-7r7d#1,57237405,,16361732,,complete,,,computer,Desktop or Laptop,Mac OS 10.15,Firefox 150.0,1470x956,1470x810,,,0,Phonetic categorization,25,full_List_10,pass,$${overridespreadsheet},full_List_10,35,phonetic categorization,2AFC,6i7z8o,4,response,tip,,244.55999999999767,233.32000000000698,244.55999999999767,244.55999999999767,233.32000000000698,244.55999999999767,1,0,0,,Keyboard Response,Keyboard Response,1,object-119,phonetic categorization,tip,dip_80.wav,,,tip,tin,,,,expo-10ms,80,,2,labeled,,,234,,exposure,A,C,50,16.431676725155,d-right,t,
289,1784152970743,15/07/2026 22:02:50,1784152970743,-7,15/07/2026 15:02:50,269901,13,task-pkec,repeat-7r7d#1,57237405,,16361732,,complete,,,computer,Desktop or Laptop,Mac OS 10.15,Firefox 150.0,1470x956,1470x810,,,0,Phonetic categorization,25,full_List_10,pass,$${overridespreadsheet},full_List_10,35,phonetic categorization,1.2 second pause,dp6plq,5,timedOut,,,1204.2399999999907,1200,1204.2399999999907,1204.2399999999907,1200,1204.2399999999907,1,0,0,,Time Limit,screen,0,screen,phonetic categorization,tip,dip_80.wav,,,tip,tin,,,,expo-10ms,80,,2,labeled,,,234,,exposure,A,C,50,16.431676725155,d-right,t,
290,1784152971240,15/07/2026 22:02:51,1784152971240,-7,15/07/2026 15:02:51,269901,13,task-pkec,repeat-7r7d#1,57237405,,16361732,,complete,,,computer,Desktop or Laptop,Mac OS 10.15,Firefox 150.0,1470x956,1470x810,,,0,Phonetic categorization,25,full_List_10,pass,$${overridespreadsheet},full_List_10,36,phonetic categorization,fixation,99n54d,1,response,,,500,500,500,500,500,500,0,0,0,,Time Limit,screen,0,screen,phonetic categorization,dip,dip_20.wav,,,tip,dip,,,,expo-10ms,20,,2,unlabeled,,,234,,exposure,A,C,5,8.94427190999916,d-right,d,
291,1784152971739,15/07/2026 22:02:51,1784152971739,-7,15/07/2026 15:02:51,269901,13,task-pkec,repeat-7r7d#1,57237405,,16361732,,complete,,,computer,Desktop or Laptop,Mac OS 10.15,Firefox 150.0,1470x956,1470x810,,,0,Phonetic categorization,25,full_List_10,pass,$${overridespreadsheet},full_List_10,36,phonetic categorization,show option,yef3xk,2,response,,,499.7599999999802,499.7599999999802,499.7599999999802,499.7599999999802,499.7599999999802,499.7599999999802,1,0,0,,Time Limit,screen,0,screen,phonetic categorization,dip,dip_20.wav,,,tip,dip,,,,expo-10ms,20,,2,unlabeled,,,234,,exposure,A,C,5,8.94427190999916,d-right,d,
292,1784152971744,15/07/2026 22:02:51,1784152971744,-7,15/07/2026 15:02:51,269901,13,task-pkec,repeat-7r7d#1,57237405,,16361732,,complete,,,computer,Desktop or Laptop,Mac OS 10.15,Firefox 150.0,1470x956,1470x810,,,0,Phonetic categorization,25,full_List_10,pass,$${overridespreadsheet},full_List_10,36,phonetic categorization,soundplay,x8jhtp,3,info,audio started,,6.480000000010477,0,6.480000000010477,6.480000000010477,0,6.480000000010477,0,0,0,,Audio Clip,Audio,1,object-207,phonetic categorization,dip,dip_20.wav,,,tip,dip,,,,expo-10ms,20,,2,unlabeled,,,234,,exposure,A,C,5,8.94427190999916,d-right,d,
293,1784152972153,15/07/2026 22:02:52,1784152972153,-7,15/07/2026 15:02:52,269901,13,task-pkec,repeat-7r7d#1,57237405,,16361732,,complete,,,computer,Desktop or Laptop,Mac OS 10.15,Firefox 150.0,1470x956,1470x810,,,0,Phonetic categorization,25,full_List_10,pass,$${overridespreadsheet},full_List_10,36,phonetic categorization,soundplay,x8jhtp,3,info,audio finished,,414.4800000000105,400.2400000000198,414.4800000000105,414.4800000000105,400.2400000000198,414.4800000000105,0,0,0,,Audio Clip,Audio,1,object-207,phonetic categorization,dip,dip_20.wav,,,tip,dip,,,,expo-10ms,20,,2,unlabeled,,,234,,exposure,A,C,5,8.94427190999916,d-right,d,
294,1784152972154,15/07/2026 22:02:52,1784152972154,-7,15/07/2026 15:02:52,269901,13,task-pkec,repeat-7r7d#1,57237405,,16361732,,complete,,,computer,Desktop or Laptop,Mac OS 10.15,Firefox 150.0,1470x956,1470x810,,,0,Phonetic categorization,25,full_List_10,pass,$${overridespreadsheet},full_List_10,36,phonetic categorization,soundplay,x8jhtp,3,continue,,,415.4800000000105,400.2400000000198,415.4800000000105,415.4800000000105,400.2400000000198,415.4800000000105,0,0,0,,Audio Clip,Audio,1,object-207,phonetic categorization,dip,dip_20.wav,,,tip,dip,,,,expo-10ms,20,,2,unlabeled,,,234,,exposure,A,C,5,8.94427190999916,d-right,d,
295,1784152972446,15/07/2026 22:02:52,1784152972446,-7,15/07/2026 15:02:52,269901,13,task-pkec,repeat-7r7d#1,57237405,,16361732,,complete,,,computer,Desktop or Laptop,Mac OS 10.15,Firefox 150.0,1470x956,1470x810,,,0,Phonetic categorization,25,full_List_10,pass,$${overridespreadsheet},full_List_10,36,phonetic categorization,2AFC,6i7z8o,4,response,dip,,307.2399999999907,300,307.2399999999907,307.2399999999907,300,307.2399999999907,1,0,0,,Keyboard Response,Keyboard Response,1,object-119,phonetic categorization,dip,dip_20.wav,,,tip,dip,,,,expo-10ms,20,,2,unlabeled,,,234,,exposure,A,C,5,8.94427190999916,d-right,d,
296,1784152973641,15/07/2026 22:02:53,1784152973641,-7,15/07/2026 15:02:53,269901,13,task-pkec,repeat-7r7d#1,57237405,,16361732,,complete,,,computer,Desktop or Laptop,Mac OS 10.15,Firefox 150.0,1470x956,1470x810,,,0,Phonetic categorization,25,full_List_10,pass,$${overridespreadsheet},full_List_10,36,phonetic categorization,1.2 second pause,dp6plq,5,timedOut,,,1202.2399999999907,1200,1202.2399999999907,1202.2399999999907,1200,1202.2399999999907,1,0,0,,Time Limit,screen,0,screen,phonetic categorization,dip,dip_20.wav,,,tip,dip,,,,expo-10ms,20,,2,unlabeled,,,234,,exposure,A,C,5,8.94427190999916,d-right,d,
297,1784152974142,15/07/2026 22:02:54,1784152974142,-7,15/07/2026 15:02:54,269901,13,task-pkec,repeat-7r7d#1,57237405,,16361732,,complete,,,computer,Desktop or Laptop,Mac OS 10.15,Firefox 150.0,1470x956,1470x810,,,0,Phonetic categorization,25,full_List_10,pass,$${overridespreadsheet},full_List_10,37,phonetic categorization,fixation,99n54d,1,response,,,500,500,500,500,500,500,0,0,0,,Time Limit,screen,0,screen,phonetic categorization,tin,din_40.wav,,,tin,din,,,,expo-10ms,40,,2,unlabeled,,,234,,exposure,A,C,50,16.431676725155,d-right,t,
298,1784152974640,15/07/2026 22:02:54,1784152974640,-7,15/07/2026 15:02:54,269901,13,task-pkec,repeat-7r7d#1,57237405,,16361732,,complete,,,computer,Desktop or Laptop,Mac OS 10.15,Firefox 150.0,1470x956,1470x810,,,0,Phonetic categorization,25,full_List_10,pass,$${overridespreadsheet},full_List_10,37,phonetic categorization,show option,yef3xk,2,response,,,500,500,500,500,500,500,1,0,0,,Time Limit,screen,0,screen,phonetic categorization,tin,din_40.wav,,,tin,din,,,,expo-10ms,40,,2,unlabeled,,,234,,exposure,A,C,50,16.431676725155,d-right,t,
299,1784152974645,15/07/2026 22:02:54,1784152974645,-7,15/07/2026 15:02:54,269901,13,task-pkec,repeat-7r7d#1,57237405,,16361732,,complete,,,computer,Desktop or Laptop,Mac OS 10.15,Firefox 150.0,1470x956,1470x810,,,0,Phonetic categorization,25,full_List_10,pass,$${overridespreadsheet},full_List_10,37,phonetic categorization,soundplay,x8jhtp,3,info,audio started,,5.239999999990687,0,5.239999999990687,5.239999999990687,0,5.239999999990687,0,0,0,,Audio Clip,Audio,1,object-207,phonetic categorization,tin,din_40.wav,,,tin,din,,,,expo-10ms,40,,2,unlabeled,,,234,,exposure,A,C,50,16.431676725155,d-right,t,
300,1784152974999,15/07/2026 22:02:54,1784152974999,-7,15/07/2026 15:02:54,269901,13,task-pkec,repeat-7r7d#1,57237405,,16361732,,complete,,,computer,Desktop or Laptop,Mac OS 10.15,Firefox 150.0,1470x956,1470x810,,,0,Phonetic categorization,25,full_List_10,pass,$${overridespreadsheet},full_List_10,37,phonetic categorization,soundplay,x8jhtp,3,info,audio finished,,360.2399999999907,350,360.2399999999907,360.2399999999907,350,360.2399999999907,0,0,0,,Audio Clip,Audio,1,object-207,phonetic categorization,tin,din_40.wav,,,tin,din,,,,expo-10ms,40,,2,unlabeled,,,234,,exposure,A,C,50,16.431676725155,d-right,t,
301,1784152975000,15/07/2026 22:02:55,1784152975000,-7,15/07/2026 15:02:55,269901,13,task-pkec,repeat-7r7d#1,57237405,,16361732,,complete,,,computer,Desktop or Laptop,Mac OS 10.15,Firefox 150.0,1470x956,1470x810,,,0,Phonetic categorization,25,full_List_10,pass,$${overridespreadsheet},full_List_10,37,phonetic categorization,soundplay,x8jhtp,3,continue,,,361.2399999999907,350,361.2399999999907,361.2399999999907,350,361.2399999999907,0,0,0,,Audio Clip,Audio,1,object-207,phonetic categorization,tin,din_40.wav,,,tin,din,,,,expo-10ms,40,,2,unlabeled,,,234,,exposure,A,C,50,16.431676725155,d-right,t,
302,1784152975579,15/07/2026 22:02:55,1784152975579,-7,15/07/2026 15:02:55,269901,13,task-pkec,repeat-7r7d#1,57237405,,16361732,,complete,,,computer,Desktop or Laptop,Mac OS 10.15,Firefox 150.0,1470x956,1470x810,,,0,Phonetic categorization,25,full_List_10,pass,$${overridespreadsheet},full_List_10,37,phonetic categorization,2AFC,6i7z8o,4,response,tin,,590.2399999999907,583.3399999999965,590.2399999999907,590.2399999999907,583.3399999999965,590.2399999999907,1,0,0,,Keyboard Response,Keyboard Response,1,object-119,phonetic categorization,tin,din_40.wav,,,tin,din,,,,expo-10ms,40,,2,unlabeled,,,234,,exposure,A,C,50,16.431676725155,d-right,t,
303,1784152976773,15/07/2026 22:02:56,1784152976773,-7,15/07/2026 15:02:56,269901,13,task-pkec,repeat-7r7d#1,57237405,,16361732,,complete,,,computer,Desktop or Laptop,Mac OS 10.15,Firefox 150.0,1470x956,1470x810,,,0,Phonetic categorization,25,full_List_10,pass,$${overridespreadsheet},full_List_10,37,phonetic categorization,1.2 second pause,dp6plq,5,timedOut,,,1200.8999999999942,1200,1200.8999999999942,1200.8999999999942,1200,1200.8999999999942,1,0,0,,Time Limit,screen,0,screen,phonetic categorization,tin,din_40.wav,,,tin,din,,,,expo-10ms,40,,2,unlabeled,,,234,,exposure,A,C,50,16.431676725155,d-right,t,
304,1784152977275,15/07/2026 22:02:57,1784152977275,-7,15/07/2026 15:02:57,269901,13,task-pkec,repeat-7r7d#1,57237405,,16361732,,complete,,,computer,Desktop or Laptop,Mac OS 10.15,Firefox 150.0,1470x956,1470x810,,,0,Phonetic categorization,25,full_List_10,pass,$${overridespreadsheet},full_List_10,38,phonetic categorization,fixation,99n54d,1,response,,,500,500,500,500,500,500,0,0,0,,Time Limit,screen,0,screen,phonetic categorization,till,dill_45.wav,,,till,dill,,,,expo-10ms,45,,2,unlabeled,,,234,,exposure,A,C,50,16.431676725155,d-right,t,
305,1784152977776,15/07/2026 22:02:57,1784152977776,-7,15/07/2026 15:02:57,269901,13,task-pkec,repeat-7r7d#1,57237405,,16361732,,complete,,,computer,Desktop or Laptop,Mac OS 10.15,Firefox 150.0,1470x956,1470x810,,,0,Phonetic categorization,25,full_List_10,pass,$${overridespreadsheet},full_List_10,38,phonetic categorization,show option,yef3xk,2,response,,,500,500,500,500,500,500,1,0,0,,Time Limit,screen,0,screen,phonetic categorization,till,dill_45.wav,,,till,dill,,,,expo-10ms,45,,2,unlabeled,,,234,,exposure,A,C,50,16.431676725155,d-right,t,
306,1784152977781,15/07/2026 22:02:57,1784152977781,-7,15/07/2026 15:02:57,269901,13,task-pkec,repeat-7r7d#1,57237405,,16361732,,complete,,,computer,Desktop or Laptop,Mac OS 10.15,Firefox 150.0,1470x956,1470x810,,,0,Phonetic categorization,25,full_List_10,pass,$${overridespreadsheet},full_List_10,38,phonetic categorization,soundplay,x8jhtp,3,info,audio started,,8.89999999999418,0,8.89999999999418,8.89999999999418,0,8.89999999999418,0,0,0,,Audio Clip,Audio,1,object-207,phonetic categorization,till,dill_45.wav,,,till,dill,,,,expo-10ms,45,,2,unlabeled,,,234,,exposure,A,C,50,16.431676725155,d-right,t,
307,1784152978153,15/07/2026 22:02:58,1784152978153,-7,15/07/2026 15:02:58,269901,13,task-pkec,repeat-7r7d#1,57237405,,16361732,,complete,,,computer,Desktop or Laptop,Mac OS 10.15,Firefox 150.0,1470x956,1470x810,,,0,Phonetic categorization,25,full_List_10,pass,$${overridespreadsheet},full_List_10,38,phonetic categorization,soundplay,x8jhtp,3,info,audio finished,,380.8999999999942,366.6600000000035,380.8999999999942,380.8999999999942,366.6600000000035,380.8999999999942,0,0,0,,Audio Clip,Audio,1,object-207,phonetic categorization,till,dill_45.wav,,,till,dill,,,,expo-10ms,45,,2,unlabeled,,,234,,exposure,A,C,50,16.431676725155,d-right,t,
308,1784152978154,15/07/2026 22:02:58,1784152978154,-7,15/07/2026 15:02:58,269901,13,task-pkec,repeat-7r7d#1,57237405,,16361732,,complete,,,computer,Desktop or Laptop,Mac OS 10.15,Firefox 150.0,1470x956,1470x810,,,0,Phonetic categorization,25,full_List_10,pass,$${overridespreadsheet},full_List_10,38,phonetic categorization,soundplay,x8jhtp,3,continue,,,381.8999999999942,366.6600000000035,381.8999999999942,381.8999999999942,366.6600000000035,381.8999999999942,0,0,0,,Audio Clip,Audio,1,object-207,phonetic categorization,till,dill_45.wav,,,till,dill,,,,expo-10ms,45,,2,unlabeled,,,234,,exposure,A,C,50,16.431676725155,d-right,t,
309,1784152978466,15/07/2026 22:02:58,1784152978466,-7,15/07/2026 15:02:58,269901,13,task-pkec,repeat-7r7d#1,57237405,,16361732,,complete,,,computer,Desktop or Laptop,Mac OS 10.15,Firefox 150.0,1470x956,1470x810,,,0,Phonetic categorization,25,full_List_10,pass,$${overridespreadsheet},full_List_10,38,phonetic categorization,2AFC,6i7z8o,4,response,till,,327.2399999999907,316.679999999993,327.2399999999907,327.2399999999907,316.679999999993,327.2399999999907,1,0,0,,Keyboard Response,Keyboard Response,1,object-119,phonetic categorization,till,dill_45.wav,,,till,dill,,,,expo-10ms,45,,2,unlabeled,,,234,,exposure,A,C,50,16.431676725155,d-right,t,
310,1784152979659,15/07/2026 22:02:59,1784152979659,-7,15/07/2026 15:02:59,269901,13,task-pkec,repeat-7r7d#1,57237405,,16361732,,complete,,,computer,Desktop or Laptop,Mac OS 10.15,Firefox 150.0,1470x956,1470x810,,,0,Phonetic categorization,25,full_List_10,pass,$${overridespreadsheet},full_List_10,38,phonetic categorization,1.2 second pause,dp6plq,5,timedOut,,,1204.5599999999977,1200,1204.5599999999977,1204.5599999999977,1200,1204.5599999999977,1,0,0,,Time Limit,screen,0,screen,phonetic categorization,till,dill_45.wav,,,till,dill,,,,expo-10ms,45,,2,unlabeled,,,234,,exposure,A,C,50,16.431676725155,d-right,t,
311,1784152980162,15/07/2026 22:03:00,1784152980162,-7,15/07/2026 15:03:00,269901,13,task-pkec,repeat-7r7d#1,57237405,,16361732,,complete,,,computer,Desktop or Laptop,Mac OS 10.15,Firefox 150.0,1470x956,1470x810,,,0,Phonetic categorization,25,full_List_10,pass,$${overridespreadsheet},full_List_10,39,phonetic categorization,fixation,99n54d,1,response,,,500,500,500,500,500,500,0,0,0,,Time Limit,screen,0,screen,phonetic categorization,tin,din_60.wav,,,tin,din,,,,expo-10ms,60,,2,unlabeled,,,234,,exposure,A,C,50,16.431676725155,d-right,t,
312,1784152980656,15/07/2026 22:03:00,1784152980656,-7,15/07/2026 15:03:00,269901,13,task-pkec,repeat-7r7d#1,57237405,,16361732,,complete,,,computer,Desktop or Laptop,Mac OS 10.15,Firefox 150.0,1470x956,1470x810,,,0,Phonetic categorization,25,full_List_10,pass,$${overridespreadsheet},full_List_10,39,phonetic categorization,show option,yef3xk,2,response,,,500,500,500,500,500,500,1,0,0,,Time Limit,screen,0,screen,phonetic categorization,tin,din_60.wav,,,tin,din,,,,expo-10ms,60,,2,unlabeled,,,234,,exposure,A,C,50,16.431676725155,d-right,t,
313,1784152980663,15/07/2026 22:03:00,1784152980663,-7,15/07/2026 15:03:00,269901,13,task-pkec,repeat-7r7d#1,57237405,,16361732,,complete,,,computer,Desktop or Laptop,Mac OS 10.15,Firefox 150.0,1470x956,1470x810,,,0,Phonetic categorization,25,full_List_10,pass,$${overridespreadsheet},full_List_10,39,phonetic categorization,soundplay,x8jhtp,3,info,audio started,,7.559999999997672,0,7.559999999997672,7.559999999997672,0,7.559999999997672,0,0,0,,Audio Clip,Audio,1,object-207,phonetic categorization,tin,din_60.wav,,,tin,din,,,,expo-10ms,60,,2,unlabeled,,,234,,exposure,A,C,50,16.431676725155,d-right,t,
314,1784152981030,15/07/2026 22:03:01,1784152981030,-7,15/07/2026 15:03:01,269901,13,task-pkec,repeat-7r7d#1,57237405,,16361732,,complete,,,computer,Desktop or Laptop,Mac OS 10.15,Firefox 150.0,1470x956,1470x810,,,0,Phonetic categorization,25,full_List_10,pass,$${overridespreadsheet},full_List_10,39,phonetic categorization,soundplay,x8jhtp,3,info,audio finished,,375.5599999999977,366.6600000000035,375.5599999999977,375.5599999999977,366.6600000000035,375.5599999999977,0,0,0,,Audio Clip,Audio,1,object-207,phonetic categorization,tin,din_60.wav,,,tin,din,,,,expo-10ms,60,,2,unlabeled,,,234,,exposure,A,C,50,16.431676725155,d-right,t,
315,1784152981031,15/07/2026 22:03:01,1784152981031,-7,15/07/2026 15:03:01,269901,13,task-pkec,repeat-7r7d#1,57237405,,16361732,,complete,,,computer,Desktop or Laptop,Mac OS 10.15,Firefox 150.0,1470x956,1470x810,,,0,Phonetic categorization,25,full_List_10,pass,$${overridespreadsheet},full_List_10,39,phonetic categorization,soundplay,x8jhtp,3,continue,,,375.5599999999977,366.6600000000035,375.5599999999977,375.5599999999977,366.6600000000035,375.5599999999977,0,0,0,,Audio Clip,Audio,1,object-207,phonetic categorization,tin,din_60.wav,,,tin,din,,,,expo-10ms,60,,2,unlabeled,,,234,,exposure,A,C,50,16.431676725155,d-right,t,
316,1784152981276,15/07/2026 22:03:01,1784152981276,-7,15/07/2026 15:03:01,269901,13,task-pkec,repeat-7r7d#1,57237405,,16361732,,complete,,,computer,Desktop or Laptop,Mac OS 10.15,Firefox 150.0,1470x956,1470x810,,,0,Phonetic categorization,25,full_List_10,pass,$${overridespreadsheet},full_List_10,39,phonetic categorization,2AFC,6i7z8o,4,response,tin,,250.01999999998952,233.3399999999965,250.01999999998952,250.01999999998952,233.3399999999965,250.01999999998952,1,0,0,,Keyboard Response,Keyboard Response,1,object-119,phonetic categorization,tin,din_60.wav,,,tin,din,,,,expo-10ms,60,,2,unlabeled,,,234,,exposure,A,C,50,16.431676725155,d-right,t,
317,1784152982456,15/07/2026 22:03:02,1784152982456,-7,15/07/2026 15:03:02,269901,13,task-pkec,repeat-7r7d#1,57237405,,16361732,,complete,,,computer,Desktop or Laptop,Mac OS 10.15,Firefox 150.0,1470x956,1470x810,,,0,Phonetic categorization,25,full_List_10,pass,$${overridespreadsheet},full_List_10,39,phonetic categorization,1.2 second pause,dp6plq,5,timedOut,,,1201.5599999999977,1200,1201.5599999999977,1201.5599999999977,1200,1201.5599999999977,1,0,0,,Time Limit,screen,0,screen,phonetic categorization,tin,din_60.wav,,,tin,din,,,,expo-10ms,60,,2,unlabeled,,,234,,exposure,A,C,50,16.431676725155,d-right,t,
318,1784152982958,15/07/2026 22:03:02,1784152982958,-7,15/07/2026 15:03:02,269901,13,task-pkec,repeat-7r7d#1,57237405,,16361732,,complete,,,computer,Desktop or Laptop,Mac OS 10.15,Firefox 150.0,1470x956,1470x810,,,0,Phonetic categorization,25,full_List_10,pass,$${overridespreadsheet},full_List_10,40,phonetic categorization,fixation,99n54d,1,response,,,500,500,500,500,500,500,0,0,0,,Time Limit,screen,0,screen,phonetic categorization,tip,dip_40.wav,,,tip,tin,,,,expo-10ms,40,,2,labeled,,,234,,exposure,A,C,50,16.431676725155,d-right,t,
319,1784152983459,15/07/2026 22:03:03,1784152983459,-7,15/07/2026 15:03:03,269901,13,task-pkec,repeat-7r7d#1,57237405,,16361732,,complete,,,computer,Desktop or Laptop,Mac OS 10.15,Firefox 150.0,1470x956,1470x810,,,0,Phonetic categorization,25,full_List_10,pass,$${overridespreadsheet},full_List_10,40,phonetic categorization,show option,yef3xk,2,response,,,500,500,500,500,500,500,1,0,0,,Time Limit,screen,0,screen,phonetic categorization,tip,dip_40.wav,,,tip,tin,,,,expo-10ms,40,,2,labeled,,,234,,exposure,A,C,50,16.431676725155,d-right,t,
320,1784152983465,15/07/2026 22:03:03,1784152983465,-7,15/07/2026 15:03:03,269901,13,task-pkec,repeat-7r7d#1,57237405,,16361732,,complete,,,computer,Desktop or Laptop,Mac OS 10.15,Firefox 150.0,1470x956,1470x810,,,0,Phonetic categorization,25,full_List_10,pass,$${overridespreadsheet},full_List_10,40,phonetic categorization,soundplay,x8jhtp,3,info,audio started,,9.559999999997672,0,9.559999999997672,9.559999999997672,0,9.559999999997672,0,0,0,,Audio Clip,Audio,1,object-207,phonetic categorization,tip,dip_40.wav,,,tip,tin,,,,expo-10ms,40,,2,labeled,,,234,,exposure,A,C,50,16.431676725155,d-right,t,
321,1784152983886,15/07/2026 22:03:03,1784152983886,-7,15/07/2026 15:03:03,269901,13,task-pkec,repeat-7r7d#1,57237405,,16361732,,complete,,,computer,Desktop or Laptop,Mac OS 10.15,Firefox 150.0,1470x956,1470x810,,,0,Phonetic categorization,25,full_List_10,pass,$${overridespreadsheet},full_List_10,40,phonetic categorization,soundplay,x8jhtp,3,info,audio finished,,431.5599999999977,416.6600000000035,431.5599999999977,431.5599999999977,416.6600000000035,431.5599999999977,0,0,0,,Audio Clip,Audio,1,object-207,phonetic categorization,tip,dip_40.wav,,,tip,tin,,,,expo-10ms,40,,2,labeled,,,234,,exposure,A,C,50,16.431676725155,d-right,t,
322,1784152983887,15/07/2026 22:03:03,1784152983887,-7,15/07/2026 15:03:03,269901,13,task-pkec,repeat-7r7d#1,57237405,,16361732,,complete,,,computer,Desktop or Laptop,Mac OS 10.15,Firefox 150.0,1470x956,1470x810,,,0,Phonetic categorization,25,full_List_10,pass,$${overridespreadsheet},full_List_10,40,phonetic categorization,soundplay,x8jhtp,3,continue,,,432.5599999999977,416.6600000000035,432.5599999999977,432.5599999999977,416.6600000000035,432.5599999999977,0,0,0,,Audio Clip,Audio,1,object-207,phonetic categorization,tip,dip_40.wav,,,tip,tin,,,,expo-10ms,40,,2,labeled,,,234,,exposure,A,C,50,16.431676725155,d-right,t,
323,1784152984347,15/07/2026 22:03:04,1784152984347,-7,15/07/2026 15:03:04,269901,13,task-pkec,repeat-7r7d#1,57237405,,16361732,,complete,,,computer,Desktop or Laptop,Mac OS 10.15,Firefox 150.0,1470x956,1470x810,,,0,Phonetic categorization,25,full_List_10,pass,$${overridespreadsheet},full_List_10,40,phonetic categorization,2AFC,6i7z8o,4,response,tip,,473.8999999999942,466.6600000000035,473.8999999999942,473.8999999999942,466.6600000000035,473.8999999999942,1,0,0,,Keyboard Response,Keyboard Response,1,object-119,phonetic categorization,tip,dip_40.wav,,,tip,tin,,,,expo-10ms,40,,2,labeled,,,234,,exposure,A,C,50,16.431676725155,d-right,t,
324,1784152985542,15/07/2026 22:03:05,1784152985542,-7,15/07/2026 15:03:05,269901,13,task-pkec,repeat-7r7d#1,57237405,,16361732,,complete,,,computer,Desktop or Laptop,Mac OS 10.15,Firefox 150.0,1470x956,1470x810,,,0,Phonetic categorization,25,full_List_10,pass,$${overridespreadsheet},full_List_10,40,phonetic categorization,1.2 second pause,dp6plq,5,timedOut,,,1203.2399999999907,1200,1203.2399999999907,1203.2399999999907,1200,1203.2399999999907,1,0,0,,Time Limit,screen,0,screen,phonetic categorization,tip,dip_40.wav,,,tip,tin,,,,expo-10ms,40,,2,labeled,,,234,,exposure,A,C,50,16.431676725155,d-right,t,
325,1784152986043,15/07/2026 22:03:06,1784152986043,-7,15/07/2026 15:03:06,269901,13,task-pkec,repeat-7r7d#1,57237405,,16361732,,complete,,,computer,Desktop or Laptop,Mac OS 10.15,Firefox 150.0,1470x956,1470x810,,,0,Phonetic categorization,25,full_List_10,pass,$${overridespreadsheet},full_List_10,41,phonetic categorization,fixation,99n54d,1,response,,,500,500,500,500,500,500,0,0,0,,Time Limit,screen,0,screen,phonetic categorization,din,din_20.wav,,,tin,din,,,,expo-10ms,20,,2,unlabeled,,,234,,exposure,A,C,5,8.94427190999916,d-right,d,
326,1784152986539,15/07/2026 22:03:06,1784152986539,-7,15/07/2026 15:03:06,269901,13,task-pkec,repeat-7r7d#1,57237405,,16361732,,complete,,,computer,Desktop or Laptop,Mac OS 10.15,Firefox 150.0,1470x956,1470x810,,,0,Phonetic categorization,25,full_List_10,pass,$${overridespreadsheet},full_List_10,41,phonetic categorization,show option,yef3xk,2,response,,,499.79999999998836,499.79999999998836,499.79999999998836,499.79999999998836,499.79999999998836,499.79999999998836,1,0,0,,Time Limit,screen,0,screen,phonetic categorization,din,din_20.wav,,,tin,din,,,,expo-10ms,20,,2,unlabeled,,,234,,exposure,A,C,5,8.94427190999916,d-right,d,
327,1784152986545,15/07/2026 22:03:06,1784152986545,-7,15/07/2026 15:03:06,269901,13,task-pkec,repeat-7r7d#1,57237405,,16361732,,complete,,,computer,Desktop or Laptop,Mac OS 10.15,Firefox 150.0,1470x956,1470x810,,,0,Phonetic categorization,25,full_List_10,pass,$${overridespreadsheet},full_List_10,41,phonetic categorization,soundplay,x8jhtp,3,info,audio started,,6.440000000002328,0,6.440000000002328,6.440000000002328,0,6.440000000002328,0,0,0,,Audio Clip,Audio,1,object-207,phonetic categorization,din,din_20.wav,,,tin,din,,,,expo-10ms,20,,2,unlabeled,,,234,,exposure,A,C,5,8.94427190999916,d-right,d,
328,1784152986883,15/07/2026 22:03:06,1784152986883,-7,15/07/2026 15:03:06,269901,13,task-pkec,repeat-7r7d#1,57237405,,16361732,,complete,,,computer,Desktop or Laptop,Mac OS 10.15,Firefox 150.0,1470x956,1470x810,,,0,Phonetic categorization,25,full_List_10,pass,$${overridespreadsheet},full_List_10,41,phonetic categorization,soundplay,x8jhtp,3,info,audio finished,,344.4400000000023,333.54000000000815,344.4400000000023,344.4400000000023,333.54000000000815,344.4400000000023,0,0,0,,Audio Clip,Audio,1,object-207,phonetic categorization,din,din_20.wav,,,tin,din,,,,expo-10ms,20,,2,unlabeled,,,234,,exposure,A,C,5,8.94427190999916,d-right,d,
329,1784152986884,15/07/2026 22:03:06,1784152986884,-7,15/07/2026 15:03:06,269901,13,task-pkec,repeat-7r7d#1,57237405,,16361732,,complete,,,computer,Desktop or Laptop,Mac OS 10.15,Firefox 150.0,1470x956,1470x810,,,0,Phonetic categorization,25,full_List_10,pass,$${overridespreadsheet},full_List_10,41,phonetic categorization,soundplay,x8jhtp,3,continue,,,345.4400000000023,333.54000000000815,345.4400000000023,345.4400000000023,333.54000000000815,345.4400000000023,0,0,0,,Audio Clip,Audio,1,object-207,phonetic categorization,din,din_20.wav,,,tin,din,,,,expo-10ms,20,,2,unlabeled,,,234,,exposure,A,C,5,8.94427190999916,d-right,d,
330,1784152987238,15/07/2026 22:03:07,1784152987238,-7,15/07/2026 15:03:07,269901,13,task-pkec,repeat-7r7d#1,57237405,,16361732,,complete,,,computer,Desktop or Laptop,Mac OS 10.15,Firefox 150.0,1470x956,1470x810,,,0,Phonetic categorization,25,full_List_10,pass,$${overridespreadsheet},full_List_10,41,phonetic categorization,2AFC,6i7z8o,4,response,din,,365.8999999999942,350,365.8999999999942,365.8999999999942,350,365.8999999999942,1,0,0,,Keyboard Response,Keyboard Response,1,object-119,phonetic categorization,din,din_20.wav,,,tin,din,,,,expo-10ms,20,,2,unlabeled,,,234,,exposure,A,C,5,8.94427190999916,d-right,d,
331,1784152988425,15/07/2026 22:03:08,1784152988425,-7,15/07/2026 15:03:08,269901,13,task-pkec,repeat-7r7d#1,57237405,,16361732,,complete,,,computer,Desktop or Laptop,Mac OS 10.15,Firefox 150.0,1470x956,1470x810,,,0,Phonetic categorization,25,full_List_10,pass,$${overridespreadsheet},full_List_10,41,phonetic categorization,1.2 second pause,dp6plq,5,timedOut,,,1201.8999999999942,1200,1201.8999999999942,1201.8999999999942,1200,1201.8999999999942,1,0,0,,Time Limit,screen,0,screen,phonetic categorization,din,din_20.wav,,,tin,din,,,,expo-10ms,20,,2,unlabeled,,,234,,exposure,A,C,5,8.94427190999916,d-right,d,
332,1784152988921,15/07/2026 22:03:08,1784152988921,-7,15/07/2026 15:03:08,269901,13,task-pkec,repeat-7r7d#1,57237405,,16361732,,complete,,,computer,Desktop or Laptop,Mac OS 10.15,Firefox 150.0,1470x956,1470x810,,,0,Phonetic categorization,25,full_List_10,pass,$${overridespreadsheet},full_List_10,42,phonetic categorization,fixation,99n54d,1,response,,,499.45999999999185,499.45999999999185,499.45999999999185,499.45999999999185,499.45999999999185,499.45999999999185,0,0,0,,Time Limit,screen,0,screen,phonetic categorization,dill,dill_25.wav,,,till,dill,,,,expo-10ms,25,,2,unlabeled,,,234,,exposure,A,C,5,8.94427190999916,d-right,d,
333,1784152989425,15/07/2026 22:03:09,1784152989425,-7,15/07/2026 15:03:09,269901,13,task-pkec,repeat-7r7d#1,57237405,,16361732,,complete,,,computer,Desktop or Laptop,Mac OS 10.15,Firefox 150.0,1470x956,1470x810,,,0,Phonetic categorization,25,full_List_10,pass,$${overridespreadsheet},full_List_10,42,phonetic categorization,show option,yef3xk,2,response,,,500.54000000000815,500.54000000000815,500.54000000000815,500.54000000000815,500.54000000000815,500.54000000000815,1,0,0,,Time Limit,screen,0,screen,phonetic categorization,dill,dill_25.wav,,,till,dill,,,,expo-10ms,25,,2,unlabeled,,,234,,exposure,A,C,5,8.94427190999916,d-right,d,
334,1784152989426,15/07/2026 22:03:09,1784152989426,-7,15/07/2026 15:03:09,269901,13,task-pkec,repeat-7r7d#1,57237405,,16361732,,complete,,,computer,Desktop or Laptop,Mac OS 10.15,Firefox 150.0,1470x956,1470x810,,,0,Phonetic categorization,25,full_List_10,pass,$${overridespreadsheet},full_List_10,42,phonetic categorization,soundplay,x8jhtp,3,info,audio started,,4.899999999994179,0,4.899999999994179,4.899999999994179,0,4.899999999994179,0,0,0,,Audio Clip,Audio,1,object-207,phonetic categorization,dill,dill_25.wav,,,till,dill,,,,expo-10ms,25,,2,unlabeled,,,234,,exposure,A,C,5,8.94427190999916,d-right,d,
335,1784152989785,15/07/2026 22:03:09,1784152989785,-7,15/07/2026 15:03:09,269901,13,task-pkec,repeat-7r7d#1,57237405,,16361732,,complete,,,computer,Desktop or Laptop,Mac OS 10.15,Firefox 150.0,1470x956,1470x810,,,0,Phonetic categorization,25,full_List_10,pass,$${overridespreadsheet},full_List_10,42,phonetic categorization,soundplay,x8jhtp,3,info,audio finished,,363.8999999999942,350,363.8999999999942,363.8999999999942,350,363.8999999999942,0,0,0,,Audio Clip,Audio,1,object-207,phonetic categorization,dill,dill_25.wav,,,till,dill,,,,expo-10ms,25,,2,unlabeled,,,234,,exposure,A,C,5,8.94427190999916,d-right,d,
336,1784152989789,15/07/2026 22:03:09,1784152989789,-7,15/07/2026 15:03:09,269901,13,task-pkec,repeat-7r7d#1,57237405,,16361732,,complete,,,computer,Desktop or Laptop,Mac OS 10.15,Firefox 150.0,1470x956,1470x810,,,0,Phonetic categorization,25,full_List_10,pass,$${overridespreadsheet},full_List_10,42,phonetic categorization,soundplay,x8jhtp,3,continue,,,366.6600000000035,350,366.6600000000035,366.6600000000035,350,366.6600000000035,0,0,0,,Audio Clip,Audio,1,object-207,phonetic categorization,dill,dill_25.wav,,,till,dill,,,,expo-10ms,25,,2,unlabeled,,,234,,exposure,A,C,5,8.94427190999916,d-right,d,
337,1784152990372,15/07/2026 22:03:10,1784152990372,-7,15/07/2026 15:03:10,269901,13,task-pkec,repeat-7r7d#1,57237405,,16361732,,complete,,,computer,Desktop or Laptop,Mac OS 10.15,Firefox 150.0,1470x956,1470x810,,,0,Phonetic categorization,25,full_List_10,pass,$${overridespreadsheet},full_List_10,42,phonetic categorization,2AFC,6i7z8o,4,response,dill,,598.2200000000012,582.4400000000023,598.2200000000012,598.2200000000012,582.4400000000023,598.2200000000012,1,0,0,,Keyboard Response,Keyboard Response,1,object-119,phonetic categorization,dill,dill_25.wav,,,till,dill,,,,expo-10ms,25,,2,unlabeled,,,234,,exposure,A,C,5,8.94427190999916,d-right,d,
338,1784152991558,15/07/2026 22:03:11,1784152991558,-7,15/07/2026 15:03:11,269901,13,task-pkec,repeat-7r7d#1,57237405,,16361732,,complete,,,computer,Desktop or Laptop,Mac OS 10.15,Firefox 150.0,1470x956,1470x810,,,0,Phonetic categorization,25,full_List_10,pass,$${overridespreadsheet},full_List_10,42,phonetic categorization,1.2 second pause,dp6plq,5,timedOut,,,1202.4599999999919,1200.8999999999942,1202.4599999999919,1202.4599999999919,1200.8999999999942,1202.4599999999919,1,0,0,,Time Limit,screen,0,screen,phonetic categorization,dill,dill_25.wav,,,till,dill,,,,expo-10ms,25,,2,unlabeled,,,234,,exposure,A,C,5,8.94427190999916,d-right,d,
339,1784152992059,15/07/2026 22:03:12,1784152992059,-7,15/07/2026 15:03:12,269901,13,task-pkec,repeat-7r7d#1,57237405,,16361732,,complete,,,computer,Desktop or Laptop,Mac OS 10.15,Firefox 150.0,1470x956,1470x810,,,0,Phonetic categorization,25,full_List_10,pass,$${overridespreadsheet},full_List_10,43,phonetic categorization,fixation,99n54d,1,response,,,500,500,500,500,500,500,0,0,0,,Time Limit,screen,0,screen,phonetic categorization,till,dill_80.wav,,,tin,till,,,,expo-10ms,80,,2,labeled,,,234,,exposure,A,C,50,16.431676725155,d-right,t,
340,1784152992558,15/07/2026 22:03:12,1784152992558,-7,15/07/2026 15:03:12,269901,13,task-pkec,repeat-7r7d#1,57237405,,16361732,,complete,,,computer,Desktop or Laptop,Mac OS 10.15,Firefox 150.0,1470x956,1470x810,,,0,Phonetic categorization,25,full_List_10,pass,$${overridespreadsheet},full_List_10,43,phonetic categorization,show option,yef3xk,2,response,,,500,500,500,500,500,500,1,0,0,,Time Limit,screen,0,screen,phonetic categorization,till,dill_80.wav,,,tin,till,,,,expo-10ms,80,,2,labeled,,,234,,exposure,A,C,50,16.431676725155,d-right,t,
341,1784152992560,15/07/2026 22:03:12,1784152992560,-7,15/07/2026 15:03:12,269901,13,task-pkec,repeat-7r7d#1,57237405,,16361732,,complete,,,computer,Desktop or Laptop,Mac OS 10.15,Firefox 150.0,1470x956,1470x810,,,0,Phonetic categorization,25,full_List_10,pass,$${overridespreadsheet},full_List_10,43,phonetic categorization,soundplay,x8jhtp,3,info,audio started,,5.559999999997672,0,5.559999999997672,5.559999999997672,0,5.559999999997672,0,0,0,,Audio Clip,Audio,1,object-207,phonetic categorization,till,dill_80.wav,,,tin,till,,,,expo-10ms,80,,2,labeled,,,234,,exposure,A,C,50,16.431676725155,d-right,t,
342,1784152992956,15/07/2026 22:03:12,1784152992956,-7,15/07/2026 15:03:12,269901,13,task-pkec,repeat-7r7d#1,57237405,,16361732,,complete,,,computer,Desktop or Laptop,Mac OS 10.15,Firefox 150.0,1470x956,1470x810,,,0,Phonetic categorization,25,full_List_10,pass,$${overridespreadsheet},full_List_10,43,phonetic categorization,soundplay,x8jhtp,3,info,audio finished,,399.9800000000105,383.320000000007,399.9800000000105,399.9800000000105,383.320000000007,399.9800000000105,0,0,0,,Audio Clip,Audio,1,object-207,phonetic categorization,till,dill_80.wav,,,tin,till,,,,expo-10ms,80,,2,labeled,,,234,,exposure,A,C,50,16.431676725155,d-right,t,
343,1784152992957,15/07/2026 22:03:12,1784152992957,-7,15/07/2026 15:03:12,269901,13,task-pkec,repeat-7r7d#1,57237405,,16361732,,complete,,,computer,Desktop or Laptop,Mac OS 10.15,Firefox 150.0,1470x956,1470x810,,,0,Phonetic categorization,25,full_List_10,pass,$${overridespreadsheet},full_List_10,43,phonetic categorization,soundplay,x8jhtp,3,continue,,,399.9800000000105,383.320000000007,399.9800000000105,399.9800000000105,383.320000000007,399.9800000000105,0,0,0,,Audio Clip,Audio,1,object-207,phonetic categorization,till,dill_80.wav,,,tin,till,,,,expo-10ms,80,,2,labeled,,,234,,exposure,A,C,50,16.431676725155,d-right,t,
344,1784152993601,15/07/2026 22:03:13,1784152993601,-7,15/07/2026 15:03:13,269901,13,task-pkec,repeat-7r7d#1,57237405,,16361732,,complete,,,computer,Desktop or Laptop,Mac OS 10.15,Firefox 150.0,1470x956,1470x810,,,0,Phonetic categorization,25,full_List_10,pass,$${overridespreadsheet},full_List_10,43,phonetic categorization,2AFC,6i7z8o,4,response,till,,661.2399999999907,650,661.2399999999907,661.2399999999907,650,661.2399999999907,1,0,0,,Keyboard Response,Keyboard Response,1,object-119,phonetic categorization,till,dill_80.wav,,,tin,till,,,,expo-10ms,80,,2,labeled,,,234,,exposure,A,C,50,16.431676725155,d-right,t,
345,1784152994792,15/07/2026 22:03:14,1784152994792,-7,15/07/2026 15:03:14,269901,13,task-pkec,repeat-7r7d#1,57237405,,16361732,,complete,,,computer,Desktop or Laptop,Mac OS 10.15,Firefox 150.0,1470x956,1470x810,,,0,Phonetic categorization,25,full_List_10,pass,$${overridespreadsheet},full_List_10,43,phonetic categorization,1.2 second pause,dp6plq,5,timedOut,,,1203.2399999999907,1200,1203.2399999999907,1203.2399999999907,1200,1203.2399999999907,1,0,0,,Time Limit,screen,0,screen,phonetic categorization,till,dill_80.wav,,,tin,till,,,,expo-10ms,80,,2,labeled,,,234,,exposure,A,C,50,16.431676725155,d-right,t,
346,1784152995292,15/07/2026 22:03:15,1784152995292,-7,15/07/2026 15:03:15,269901,13,task-pkec,repeat-7r7d#1,57237405,,16361732,,complete,,,computer,Desktop or Laptop,Mac OS 10.15,Firefox 150.0,1470x956,1470x810,,,0,Phonetic categorization,25,full_List_10,pass,$${overridespreadsheet},full_List_10,44,phonetic categorization,fixation,99n54d,1,response,,,500,500,500,500,500,500,0,0,0,,Time Limit,screen,0,screen,phonetic categorization,dill,dill_30.wav,,,dill,din,,,,expo-10ms,30,,2,labeled,,,234,,exposure,A,C,5,8.94427190999916,d-right,d,
347,1784152995790,15/07/2026 22:03:15,1784152995790,-7,15/07/2026 15:03:15,269901,13,task-pkec,repeat-7r7d#1,57237405,,16361732,,complete,,,computer,Desktop or Laptop,Mac OS 10.15,Firefox 150.0,1470x956,1470x810,,,0,Phonetic categorization,25,full_List_10,pass,$${overridespreadsheet},full_List_10,44,phonetic categorization,show option,yef3xk,2,response,,,500,500,500,500,500,500,1,0,0,,Time Limit,screen,0,screen,phonetic categorization,dill,dill_30.wav,,,dill,din,,,,expo-10ms,30,,2,labeled,,,234,,exposure,A,C,5,8.94427190999916,d-right,d,
348,1784152995797,15/07/2026 22:03:15,1784152995797,-7,15/07/2026 15:03:15,269901,13,task-pkec,repeat-7r7d#1,57237405,,16361732,,complete,,,computer,Desktop or Laptop,Mac OS 10.15,Firefox 150.0,1470x956,1470x810,,,0,Phonetic categorization,25,full_List_10,pass,$${overridespreadsheet},full_List_10,44,phonetic categorization,soundplay,x8jhtp,3,info,audio started,,8.239999999990687,0,8.239999999990687,8.239999999990687,0,8.239999999990687,0,0,0,,Audio Clip,Audio,1,object-207,phonetic categorization,dill,dill_30.wav,,,dill,din,,,,expo-10ms,30,,2,labeled,,,234,,exposure,A,C,5,8.94427190999916,d-right,d,
349,1784152996159,15/07/2026 22:03:16,1784152996159,-7,15/07/2026 15:03:16,269901,13,task-pkec,repeat-7r7d#1,57237405,,16361732,,complete,,,computer,Desktop or Laptop,Mac OS 10.15,Firefox 150.0,1470x956,1470x810,,,0,Phonetic categorization,25,full_List_10,pass,$${overridespreadsheet},full_List_10,44,phonetic categorization,soundplay,x8jhtp,3,info,audio finished,,369.2399999999907,366.679999999993,369.2399999999907,369.2399999999907,366.679999999993,369.2399999999907,0,0,0,,Audio Clip,Audio,1,object-207,phonetic categorization,dill,dill_30.wav,,,dill,din,,,,expo-10ms,30,,2,labeled,,,234,,exposure,A,C,5,8.94427190999916,d-right,d,
350,1784152996160,15/07/2026 22:03:16,1784152996160,-7,15/07/2026 15:03:16,269901,13,task-pkec,repeat-7r7d#1,57237405,,16361732,,complete,,,computer,Desktop or Laptop,Mac OS 10.15,Firefox 150.0,1470x956,1470x810,,,0,Phonetic categorization,25,full_List_10,pass,$${overridespreadsheet},full_List_10,44,phonetic categorization,soundplay,x8jhtp,3,continue,,,370.2399999999907,366.679999999993,370.2399999999907,370.2399999999907,366.679999999993,370.2399999999907,0,0,0,,Audio Clip,Audio,1,object-207,phonetic categorization,dill,dill_30.wav,,,dill,din,,,,expo-10ms,30,,2,labeled,,,234,,exposure,A,C,5,8.94427190999916,d-right,d,
351,1784152996670,15/07/2026 22:03:16,1784152996670,-7,15/07/2026 15:03:16,269901,13,task-pkec,repeat-7r7d#1,57237405,,16361732,,complete,,,computer,Desktop or Laptop,Mac OS 10.15,Firefox 150.0,1470x956,1470x810,,,0,Phonetic categorization,25,full_List_10,pass,$${overridespreadsheet},full_List_10,44,phonetic categorization,2AFC,6i7z8o,4,response,dill,,513.5599999999977,500,513.5599999999977,513.5599999999977,500,513.5599999999977,1,0,0,,Keyboard Response,Keyboard Response,1,object-119,phonetic categorization,dill,dill_30.wav,,,dill,din,,,,expo-10ms,30,,2,labeled,,,234,,exposure,A,C,5,8.94427190999916,d-right,d,
352,1784152997859,15/07/2026 22:03:17,1784152997859,-7,15/07/2026 15:03:17,269901,13,task-pkec,repeat-7r7d#1,57237405,,16361732,,complete,,,computer,Desktop or Laptop,Mac OS 10.15,Firefox 150.0,1470x956,1470x810,,,0,Phonetic categorization,25,full_List_10,pass,$${overridespreadsheet},full_List_10,44,phonetic categorization,1.2 second pause,dp6plq,5,timedOut,,,1203.5599999999977,1200,1203.5599999999977,1203.5599999999977,1200,1203.5599999999977,1,0,0,,Time Limit,screen,0,screen,phonetic categorization,dill,dill_30.wav,,,dill,din,,,,expo-10ms,30,,2,labeled,,,234,,exposure,A,C,5,8.94427190999916,d-right,d,
353,1784152998358,15/07/2026 22:03:18,1784152998358,-7,15/07/2026 15:03:18,269901,13,task-pkec,repeat-7r7d#1,57237405,,16361732,,complete,,,computer,Desktop or Laptop,Mac OS 10.15,Firefox 150.0,1470x956,1470x810,,,0,Phonetic categorization,25,full_List_10,pass,$${overridespreadsheet},full_List_10,45,phonetic categorization,fixation,99n54d,1,response,,,500,500,500,500,500,500,0,0,0,,Time Limit,screen,0,screen,phonetic categorization,tip,dip_50.wav,,,tip,dip,,,,expo-10ms,50,,2,unlabeled,,,234,,exposure,A,C,50,16.431676725155,d-right,t,
354,1784152998859,15/07/2026 22:03:18,1784152998859,-7,15/07/2026 15:03:18,269901,13,task-pkec,repeat-7r7d#1,57237405,,16361732,,complete,,,computer,Desktop or Laptop,Mac OS 10.15,Firefox 150.0,1470x956,1470x810,,,0,Phonetic categorization,25,full_List_10,pass,$${overridespreadsheet},full_List_10,45,phonetic categorization,show option,yef3xk,2,response,,,500,500,500,500,500,500,1,0,0,,Time Limit,screen,0,screen,phonetic categorization,tip,dip_50.wav,,,tip,dip,,,,expo-10ms,50,,2,unlabeled,,,234,,exposure,A,C,50,16.431676725155,d-right,t,
355,1784152998865,15/07/2026 22:03:18,1784152998865,-7,15/07/2026 15:03:18,269901,13,task-pkec,repeat-7r7d#1,57237405,,16361732,,complete,,,computer,Desktop or Laptop,Mac OS 10.15,Firefox 150.0,1470x956,1470x810,,,0,Phonetic categorization,25,full_List_10,pass,$${overridespreadsheet},full_List_10,45,phonetic categorization,soundplay,x8jhtp,3,info,audio started,,9.559999999997672,0,9.559999999997672,9.559999999997672,0,9.559999999997672,0,0,0,,Audio Clip,Audio,1,object-207,phonetic categorization,tip,dip_50.wav,,,tip,dip,,,,expo-10ms,50,,2,unlabeled,,,234,,exposure,A,C,50,16.431676725155,d-right,t,
356,1784152999292,15/07/2026 22:03:19,1784152999292,-7,15/07/2026 15:03:19,269901,13,task-pkec,repeat-7r7d#1,57237405,,16361732,,complete,,,computer,Desktop or Laptop,Mac OS 10.15,Firefox 150.0,1470x956,1470x810,,,0,Phonetic categorization,25,full_List_10,pass,$${overridespreadsheet},full_List_10,45,phonetic categorization,soundplay,x8jhtp,3,info,audio finished,,436.5599999999977,433.320000000007,436.5599999999977,436.5599999999977,433.320000000007,436.5599999999977,0,0,0,,Audio Clip,Audio,1,object-207,phonetic categorization,tip,dip_50.wav,,,tip,dip,,,,expo-10ms,50,,2,unlabeled,,,234,,exposure,A,C,50,16.431676725155,d-right,t,
357,1784152999293,15/07/2026 22:03:19,1784152999293,-7,15/07/2026 15:03:19,269901,13,task-pkec,repeat-7r7d#1,57237405,,16361732,,complete,,,computer,Desktop or Laptop,Mac OS 10.15,Firefox 150.0,1470x956,1470x810,,,0,Phonetic categorization,25,full_List_10,pass,$${overridespreadsheet},full_List_10,45,phonetic categorization,soundplay,x8jhtp,3,continue,,,437.5599999999977,433.320000000007,437.5599999999977,437.5599999999977,433.320000000007,437.5599999999977,0,0,0,,Audio Clip,Audio,1,object-207,phonetic categorization,tip,dip_50.wav,,,tip,dip,,,,expo-10ms,50,,2,unlabeled,,,234,,exposure,A,C,50,16.431676725155,d-right,t,
358,1784152999809,15/07/2026 22:03:19,1784152999809,-7,15/07/2026 15:03:19,269901,13,task-pkec,repeat-7r7d#1,57237405,,16361732,,complete,,,computer,Desktop or Laptop,Mac OS 10.15,Firefox 150.0,1470x956,1470x810,,,0,Phonetic categorization,25,full_List_10,pass,$${overridespreadsheet},full_List_10,45,phonetic categorization,2AFC,6i7z8o,4,response,tip,,520.2399999999907,516.5999999999767,520.2399999999907,520.2399999999907,516.5999999999767,520.2399999999907,1,0,0,,Keyboard Response,Keyboard Response,1,object-119,phonetic categorization,tip,dip_50.wav,,,tip,dip,,,,expo-10ms,50,,2,unlabeled,,,234,,exposure,A,C,50,16.431676725155,d-right,t,
359,1784153001006,15/07/2026 22:03:21,1784153001006,-7,15/07/2026 15:03:21,269901,13,task-pkec,repeat-7r7d#1,57237405,,16361732,,complete,,,computer,Desktop or Laptop,Mac OS 10.15,Firefox 150.0,1470x956,1470x810,,,0,Phonetic categorization,25,full_List_10,pass,$${overridespreadsheet},full_List_10,45,phonetic categorization,1.2 second pause,dp6plq,5,timedOut,,,1200.640000000014,1200.0800000000163,1200.640000000014,1200.640000000014,1200.0800000000163,1200.640000000014,1,0,0,,Time Limit,screen,0,screen,phonetic categorization,tip,dip_50.wav,,,tip,dip,,,,expo-10ms,50,,2,unlabeled,,,234,,exposure,A,C,50,16.431676725155,d-right,t,
360,1784153001508,15/07/2026 22:03:21,1784153001508,-7,15/07/2026 15:03:21,269901,13,task-pkec,repeat-7r7d#1,57237405,,16361732,,complete,,,computer,Desktop or Laptop,Mac OS 10.15,Firefox 150.0,1470x956,1470x810,,,0,Phonetic categorization,25,full_List_10,pass,$${overridespreadsheet},full_List_10,46,phonetic categorization,fixation,99n54d,1,response,,,500,500,500,500,500,500,0,0,0,,Time Limit,screen,0,screen,phonetic categorization,till,dill_95.wav,,,till,dill,,,,expo-10ms,95,,2,unlabeled,,,234,,exposure,A,C,50,16.431676725155,d-right,t,
361,1784153002008,15/07/2026 22:03:22,1784153002008,-7,15/07/2026 15:03:22,269901,13,task-pkec,repeat-7r7d#1,57237405,,16361732,,complete,,,computer,Desktop or Laptop,Mac OS 10.15,Firefox 150.0,1470x956,1470x810,,,0,Phonetic categorization,25,full_List_10,pass,$${overridespreadsheet},full_List_10,46,phonetic categorization,show option,yef3xk,2,response,,,500,500,500,500,500,500,1,0,0,,Time Limit,screen,0,screen,phonetic categorization,till,dill_95.wav,,,till,dill,,,,expo-10ms,95,,2,unlabeled,,,234,,exposure,A,C,50,16.431676725155,d-right,t,
362,1784153002014,15/07/2026 22:03:22,1784153002014,-7,15/07/2026 15:03:22,269901,13,task-pkec,repeat-7r7d#1,57237405,,16361732,,complete,,,computer,Desktop or Laptop,Mac OS 10.15,Firefox 150.0,1470x956,1470x810,,,0,Phonetic categorization,25,full_List_10,pass,$${overridespreadsheet},full_List_10,46,phonetic categorization,soundplay,x8jhtp,3,info,audio started,,9.559999999997672,0,9.559999999997672,9.559999999997672,0,9.559999999997672,0,0,0,,Audio Clip,Audio,1,object-207,phonetic categorization,till,dill_95.wav,,,till,dill,,,,expo-10ms,95,,2,unlabeled,,,234,,exposure,A,C,50,16.431676725155,d-right,t,
363,1784153002419,15/07/2026 22:03:22,1784153002419,-7,15/07/2026 15:03:22,269901,13,task-pkec,repeat-7r7d#1,57237405,,16361732,,complete,,,computer,Desktop or Laptop,Mac OS 10.15,Firefox 150.0,1470x956,1470x810,,,0,Phonetic categorization,25,full_List_10,pass,$${overridespreadsheet},full_List_10,46,phonetic categorization,soundplay,x8jhtp,3,info,audio finished,,413.5599999999977,400,413.5599999999977,413.5599999999977,400,413.5599999999977,0,0,0,,Audio Clip,Audio,1,object-207,phonetic categorization,till,dill_95.wav,,,till,dill,,,,expo-10ms,95,,2,unlabeled,,,234,,exposure,A,C,50,16.431676725155,d-right,t,
364,1784153002419,15/07/2026 22:03:22,1784153002419,-7,15/07/2026 15:03:22,269901,13,task-pkec,repeat-7r7d#1,57237405,,16361732,,complete,,,computer,Desktop or Laptop,Mac OS 10.15,Firefox 150.0,1470x956,1470x810,,,0,Phonetic categorization,25,full_List_10,pass,$${overridespreadsheet},full_List_10,46,phonetic categorization,soundplay,x8jhtp,3,continue,,,414.5599999999977,400,414.5599999999977,414.5599999999977,400,414.5599999999977,0,0,0,,Audio Clip,Audio,1,object-207,phonetic categorization,till,dill_95.wav,,,till,dill,,,,expo-10ms,95,,2,unlabeled,,,234,,exposure,A,C,50,16.431676725155,d-right,t,
365,1784153002805,15/07/2026 22:03:22,1784153002805,-7,15/07/2026 15:03:22,269901,13,task-pkec,repeat-7r7d#1,57237405,,16361732,,complete,,,computer,Desktop or Laptop,Mac OS 10.15,Firefox 150.0,1470x956,1470x810,,,0,Phonetic categorization,25,full_List_10,pass,$${overridespreadsheet},full_List_10,46,phonetic categorization,2AFC,6i7z8o,4,response,till,,398.5599999999977,383.320000000007,398.5599999999977,398.5599999999977,383.320000000007,398.5599999999977,1,0,0,,Keyboard Response,Keyboard Response,1,object-119,phonetic categorization,till,dill_95.wav,,,till,dill,,,,expo-10ms,95,,2,unlabeled,,,234,,exposure,A,C,50,16.431676725155,d-right,t,
366,1784153003992,15/07/2026 22:03:23,1784153003992,-7,15/07/2026 15:03:23,269901,13,task-pkec,repeat-7r7d#1,57237405,,16361732,,complete,,,computer,Desktop or Laptop,Mac OS 10.15,Firefox 150.0,1470x956,1470x810,,,0,Phonetic categorization,25,full_List_10,pass,$${overridespreadsheet},full_List_10,46,phonetic categorization,1.2 second pause,dp6plq,5,timedOut,,,1203.2399999999907,1200,1203.2399999999907,1203.2399999999907,1200,1203.2399999999907,1,0,0,,Time Limit,screen,0,screen,phonetic categorization,till,dill_95.wav,,,till,dill,,,,expo-10ms,95,,2,unlabeled,,,234,,exposure,A,C,50,16.431676725155,d-right,t,
367,1784153004492,15/07/2026 22:03:24,1784153004492,-7,15/07/2026 15:03:24,269901,13,task-pkec,repeat-7r7d#1,57237405,,16361732,,complete,,,computer,Desktop or Laptop,Mac OS 10.15,Firefox 150.0,1470x956,1470x810,,,0,Phonetic categorization,25,full_List_10,pass,$${overridespreadsheet},full_List_10,47,phonetic categorization,fixation,99n54d,1,response,,,500,500,500,500,500,500,0,0,0,,Time Limit,screen,0,screen,phonetic categorization,dip,dip_5.wav,,,din,dip,,,,expo-10ms,5,,2,labeled,,,234,,exposure,A,C,5,8.94427190999916,d-right,d,
368,1784153004993,15/07/2026 22:03:24,1784153004993,-7,15/07/2026 15:03:24,269901,13,task-pkec,repeat-7r7d#1,57237405,,16361732,,complete,,,computer,Desktop or Laptop,Mac OS 10.15,Firefox 150.0,1470x956,1470x810,,,0,Phonetic categorization,25,full_List_10,pass,$${overridespreadsheet},full_List_10,47,phonetic categorization,show option,yef3xk,2,response,,,500,500,500,500,500,500,1,0,0,,Time Limit,screen,0,screen,phonetic categorization,dip,dip_5.wav,,,din,dip,,,,expo-10ms,5,,2,labeled,,,234,,exposure,A,C,5,8.94427190999916,d-right,d,
369,1784153004996,15/07/2026 22:03:24,1784153004996,-7,15/07/2026 15:03:24,269901,13,task-pkec,repeat-7r7d#1,57237405,,16361732,,complete,,,computer,Desktop or Laptop,Mac OS 10.15,Firefox 150.0,1470x956,1470x810,,,0,Phonetic categorization,25,full_List_10,pass,$${overridespreadsheet},full_List_10,47,phonetic categorization,soundplay,x8jhtp,3,info,audio started,,7.239999999990687,0,7.239999999990687,7.239999999990687,0,7.239999999990687,0,0,0,,Audio Clip,Audio,1,object-207,phonetic categorization,dip,dip_5.wav,,,din,dip,,,,expo-10ms,5,,2,labeled,,,234,,exposure,A,C,5,8.94427190999916,d-right,d,
370,1784153005398,15/07/2026 22:03:25,1784153005398,-7,15/07/2026 15:03:25,269901,13,task-pkec,repeat-7r7d#1,57237405,,16361732,,complete,,,computer,Desktop or Laptop,Mac OS 10.15,Firefox 150.0,1470x956,1470x810,,,0,Phonetic categorization,25,full_List_10,pass,$${overridespreadsheet},full_List_10,47,phonetic categorization,soundplay,x8jhtp,3,info,audio finished,,408.2399999999907,400,408.2399999999907,408.2399999999907,400,408.2399999999907,0,0,0,,Audio Clip,Audio,1,object-207,phonetic categorization,dip,dip_5.wav,,,din,dip,,,,expo-10ms,5,,2,labeled,,,234,,exposure,A,C,5,8.94427190999916,d-right,d,
371,1784153005399,15/07/2026 22:03:25,1784153005399,-7,15/07/2026 15:03:25,269901,13,task-pkec,repeat-7r7d#1,57237405,,16361732,,complete,,,computer,Desktop or Laptop,Mac OS 10.15,Firefox 150.0,1470x956,1470x810,,,0,Phonetic categorization,25,full_List_10,pass,$${overridespreadsheet},full_List_10,47,phonetic categorization,soundplay,x8jhtp,3,continue,,,410.2399999999907,400,410.2399999999907,410.2399999999907,400,410.2399999999907,0,0,0,,Audio Clip,Audio,1,object-207,phonetic categorization,dip,dip_5.wav,,,din,dip,,,,expo-10ms,5,,2,labeled,,,234,,exposure,A,C,5,8.94427190999916,d-right,d,
372,1784153005815,15/07/2026 22:03:25,1784153005815,-7,15/07/2026 15:03:25,269901,13,task-pkec,repeat-7r7d#1,57237405,,16361732,,complete,,,computer,Desktop or Laptop,Mac OS 10.15,Firefox 150.0,1470x956,1470x810,,,0,Phonetic categorization,25,full_List_10,pass,$${overridespreadsheet},full_List_10,47,phonetic categorization,2AFC,6i7z8o,4,response,dip,,426.2399999999907,416.679999999993,426.2399999999907,426.2399999999907,416.679999999993,426.2399999999907,1,0,0,,Keyboard Response,Keyboard Response,1,object-119,phonetic categorization,dip,dip_5.wav,,,din,dip,,,,expo-10ms,5,,2,labeled,,,234,,exposure,A,C,5,8.94427190999916,d-right,d,
373,1784153007008,15/07/2026 22:03:27,1784153007008,-7,15/07/2026 15:03:27,269901,13,task-pkec,repeat-7r7d#1,57237405,,16361732,,complete,,,computer,Desktop or Laptop,Mac OS 10.15,Firefox 150.0,1470x956,1470x810,,,0,Phonetic categorization,25,full_List_10,pass,$${overridespreadsheet},full_List_10,47,phonetic categorization,1.2 second pause,dp6plq,5,timedOut,,,1202.5599999999977,1200,1202.5599999999977,1202.5599999999977,1200,1202.5599999999977,1,0,0,,Time Limit,screen,0,screen,phonetic categorization,dip,dip_5.wav,,,din,dip,,,,expo-10ms,5,,2,labeled,,,234,,exposure,A,C,5,8.94427190999916,d-right,d,
374,1784153007506,15/07/2026 22:03:27,1784153007506,-7,15/07/2026 15:03:27,269901,13,task-pkec,repeat-7r7d#1,57237405,,16361732,,complete,,,computer,Desktop or Laptop,Mac OS 10.15,Firefox 150.0,1470x956,1470x810,,,0,Phonetic categorization,25,full_List_10,pass,$${overridespreadsheet},full_List_10,48,phonetic categorization,fixation,99n54d,1,response,,,500,500,500,500,500,500,0,0,0,,Time Limit,screen,0,screen,phonetic categorization,share,share.wav,,,rare,share,,,,expo-10ms,,,2,,,,234,,catch,A,C,,,d-right,,
375,1784153008010,15/07/2026 22:03:28,1784153008010,-7,15/07/2026 15:03:28,269901,13,task-pkec,repeat-7r7d#1,57237405,,16361732,,complete,,,computer,Desktop or Laptop,Mac OS 10.15,Firefox 150.0,1470x956,1470x810,,,0,Phonetic categorization,25,full_List_10,pass,$${overridespreadsheet},full_List_10,48,phonetic categorization,show option,yef3xk,2,response,,,500,500,500,500,500,500,1,0,0,,Time Limit,screen,0,screen,phonetic categorization,share,share.wav,,,rare,share,,,,expo-10ms,,,2,,,,234,,catch,A,C,,,d-right,,
376,1784153008019,15/07/2026 22:03:28,1784153008019,-7,15/07/2026 15:03:28,269901,13,task-pkec,repeat-7r7d#1,57237405,,16361732,,complete,,,computer,Desktop or Laptop,Mac OS 10.15,Firefox 150.0,1470x956,1470x810,,,0,Phonetic categorization,25,full_List_10,pass,$${overridespreadsheet},full_List_10,48,phonetic categorization,soundplay,x8jhtp,3,info,audio started,,13.559999999997672,0,13.559999999997672,13.559999999997672,0,13.559999999997672,0,0,0,,Audio Clip,Audio,1,object-207,phonetic categorization,share,share.wav,,,rare,share,,,,expo-10ms,,,2,,,,234,,catch,A,C,,,d-right,,
377,1784153008568,15/07/2026 22:03:28,1784153008568,-7,15/07/2026 15:03:28,269901,13,task-pkec,repeat-7r7d#1,57237405,,16361732,,complete,,,computer,Desktop or Laptop,Mac OS 10.15,Firefox 150.0,1470x956,1470x810,,,0,Phonetic categorization,25,full_List_10,pass,$${overridespreadsheet},full_List_10,48,phonetic categorization,soundplay,x8jhtp,3,info,audio finished,,561.5599999999977,550,561.5599999999977,561.5599999999977,550,561.5599999999977,0,0,0,,Audio Clip,Audio,1,object-207,phonetic categorization,share,share.wav,,,rare,share,,,,expo-10ms,,,2,,,,234,,catch,A,C,,,d-right,,
378,1784153008568,15/07/2026 22:03:28,1784153008568,-7,15/07/2026 15:03:28,269901,13,task-pkec,repeat-7r7d#1,57237405,,16361732,,complete,,,computer,Desktop or Laptop,Mac OS 10.15,Firefox 150.0,1470x956,1470x810,,,0,Phonetic categorization,25,full_List_10,pass,$${overridespreadsheet},full_List_10,48,phonetic categorization,soundplay,x8jhtp,3,continue,,,563.5599999999977,550,563.5599999999977,563.5599999999977,550,563.5599999999977,0,0,0,,Audio Clip,Audio,1,object-207,phonetic categorization,share,share.wav,,,rare,share,,,,expo-10ms,,,2,,,,234,,catch,A,C,,,d-right,,
379,1784153008788,15/07/2026 22:03:28,1784153008788,-7,15/07/2026 15:03:28,269901,13,task-pkec,repeat-7r7d#1,57237405,,16361732,,complete,,,computer,Desktop or Laptop,Mac OS 10.15,Firefox 150.0,1470x956,1470x810,,,0,Phonetic categorization,25,full_List_10,pass,$${overridespreadsheet},full_List_10,48,phonetic categorization,2AFC,6i7z8o,4,response,share,,233.32000000000698,216.6600000000035,233.32000000000698,233.32000000000698,216.6600000000035,233.32000000000698,1,0,0,,Keyboard Response,Keyboard Response,1,object-119,phonetic categorization,share,share.wav,,,rare,share,,,,expo-10ms,,,2,,,,234,,catch,A,C,,,d-right,,
380,1784153009975,15/07/2026 22:03:29,1784153009975,-7,15/07/2026 15:03:29,269901,13,task-pkec,repeat-7r7d#1,57237405,,16361732,,complete,,,computer,Desktop or Laptop,Mac OS 10.15,Firefox 150.0,1470x956,1470x810,,,0,Phonetic categorization,25,full_List_10,pass,$${overridespreadsheet},full_List_10,48,phonetic categorization,1.2 second pause,dp6plq,5,timedOut,,,1202.8999999999942,1200,1202.8999999999942,1202.8999999999942,1200,1202.8999999999942,1,0,0,,Time Limit,screen,0,screen,phonetic categorization,share,share.wav,,,rare,share,,,,expo-10ms,,,2,,,,234,,catch,A,C,,,d-right,,
381,1784153010472,15/07/2026 22:03:30,1784153010472,-7,15/07/2026 15:03:30,269901,13,task-pkec,repeat-7r7d#1,57237405,,16361732,,complete,,,computer,Desktop or Laptop,Mac OS 10.15,Firefox 150.0,1470x956,1470x810,,,0,Phonetic categorization,25,full_List_10,pass,$${overridespreadsheet},full_List_10,49,phonetic categorization,fixation,99n54d,1,response,,,499.69999999998254,499.69999999998254,499.69999999998254,499.69999999998254,499.69999999998254,499.69999999998254,0,0,0,,Time Limit,screen,0,screen,phonetic categorization,tin,din_45.wav,,,till,tin,,,,expo-10ms,45,,2,labeled,,,234,,exposure,A,C,50,16.431676725155,d-right,t,
382,1784153010976,15/07/2026 22:03:30,1784153010976,-7,15/07/2026 15:03:30,269901,13,task-pkec,repeat-7r7d#1,57237405,,16361732,,complete,,,computer,Desktop or Laptop,Mac OS 10.15,Firefox 150.0,1470x956,1470x810,,,0,Phonetic categorization,25,full_List_10,pass,$${overridespreadsheet},full_List_10,49,phonetic categorization,show option,yef3xk,2,response,,,500.30000000001746,500.30000000001746,500.30000000001746,500.30000000001746,500.30000000001746,500.30000000001746,1,0,0,,Time Limit,screen,0,screen,phonetic categorization,tin,din_45.wav,,,till,tin,,,,expo-10ms,45,,2,labeled,,,234,,exposure,A,C,50,16.431676725155,d-right,t,
383,1784153010983,15/07/2026 22:03:30,1784153010983,-7,15/07/2026 15:03:30,269901,13,task-pkec,repeat-7r7d#1,57237405,,16361732,,complete,,,computer,Desktop or Laptop,Mac OS 10.15,Firefox 150.0,1470x956,1470x810,,,0,Phonetic categorization,25,full_List_10,pass,$${overridespreadsheet},full_List_10,49,phonetic categorization,soundplay,x8jhtp,3,info,audio started,,10.89999999999418,0,10.89999999999418,10.89999999999418,0,10.89999999999418,0,0,0,,Audio Clip,Audio,1,object-207,phonetic categorization,tin,din_45.wav,,,till,tin,,,,expo-10ms,45,,2,labeled,,,234,,exposure,A,C,50,16.431676725155,d-right,t,
384,1784153011340,15/07/2026 22:03:31,1784153011340,-7,15/07/2026 15:03:31,269901,13,task-pkec,repeat-7r7d#1,57237405,,16361732,,complete,,,computer,Desktop or Laptop,Mac OS 10.15,Firefox 150.0,1470x956,1470x810,,,0,Phonetic categorization,25,full_List_10,pass,$${overridespreadsheet},full_List_10,49,phonetic categorization,soundplay,x8jhtp,3,info,audio finished,,366.6600000000035,350,366.6600000000035,366.6600000000035,350,366.6600000000035,0,0,0,,Audio Clip,Audio,1,object-207,phonetic categorization,tin,din_45.wav,,,till,tin,,,,expo-10ms,45,,2,labeled,,,234,,exposure,A,C,50,16.431676725155,d-right,t,
385,1784153011341,15/07/2026 22:03:31,1784153011341,-7,15/07/2026 15:03:31,269901,13,task-pkec,repeat-7r7d#1,57237405,,16361732,,complete,,,computer,Desktop or Laptop,Mac OS 10.15,Firefox 150.0,1470x956,1470x810,,,0,Phonetic categorization,25,full_List_10,pass,$${overridespreadsheet},full_List_10,49,phonetic categorization,soundplay,x8jhtp,3,continue,,,366.6600000000035,350,366.6600000000035,366.6600000000035,350,366.6600000000035,0,0,0,,Audio Clip,Audio,1,object-207,phonetic categorization,tin,din_45.wav,,,till,tin,,,,expo-10ms,45,,2,labeled,,,234,,exposure,A,C,50,16.431676725155,d-right,t,
386,1784153011764,15/07/2026 22:03:31,1784153011764,-7,15/07/2026 15:03:31,269901,13,task-pkec,repeat-7r7d#1,57237405,,16361732,,complete,,,computer,Desktop or Laptop,Mac OS 10.15,Firefox 150.0,1470x956,1470x810,,,0,Phonetic categorization,25,full_List_10,pass,$${overridespreadsheet},full_List_10,49,phonetic categorization,2AFC,6i7z8o,4,response,tin,,440.8999999999942,433.3399999999965,440.8999999999942,440.8999999999942,433.3399999999965,440.8999999999942,1,0,0,,Keyboard Response,Keyboard Response,1,object-119,phonetic categorization,tin,din_45.wav,,,till,tin,,,,expo-10ms,45,,2,labeled,,,234,,exposure,A,C,50,16.431676725155,d-right,t,
387,1784153012959,15/07/2026 22:03:32,1784153012959,-7,15/07/2026 15:03:32,269901,13,task-pkec,repeat-7r7d#1,57237405,,16361732,,complete,,,computer,Desktop or Laptop,Mac OS 10.15,Firefox 150.0,1470x956,1470x810,,,0,Phonetic categorization,25,full_List_10,pass,$${overridespreadsheet},full_List_10,49,phonetic categorization,1.2 second pause,dp6plq,5,timedOut,,,1203.5599999999977,1200,1203.5599999999977,1203.5599999999977,1200,1203.5599999999977,1,0,0,,Time Limit,screen,0,screen,phonetic categorization,tin,din_45.wav,,,till,tin,,,,expo-10ms,45,,2,labeled,,,234,,exposure,A,C,50,16.431676725155,d-right,t,
388,1784153013458,15/07/2026 22:03:33,1784153013458,-7,15/07/2026 15:03:33,269901,13,task-pkec,repeat-7r7d#1,57237405,,16361732,,complete,,,computer,Desktop or Laptop,Mac OS 10.15,Firefox 150.0,1470x956,1470x810,,,0,Phonetic categorization,25,full_List_10,pass,$${overridespreadsheet},full_List_10,50,phonetic categorization,fixation,99n54d,1,response,,,500,500,500,500,500,500,0,0,0,,Time Limit,screen,0,screen,phonetic categorization,dip,dip_-10.wav,,,tip,dip,,,,expo-10ms,-10,,2,unlabeled,,,234,,exposure,A,C,5,8.94427190999916,d-right,d,
389,1784153013960,15/07/2026 22:03:33,1784153013960,-7,15/07/2026 15:03:33,269901,13,task-pkec,repeat-7r7d#1,57237405,,16361732,,complete,,,computer,Desktop or Laptop,Mac OS 10.15,Firefox 150.0,1470x956,1470x810,,,0,Phonetic categorization,25,full_List_10,pass,$${overridespreadsheet},full_List_10,50,phonetic categorization,show option,yef3xk,2,response,,,500,500,500,500,500,500,1,0,0,,Time Limit,screen,0,screen,phonetic categorization,dip,dip_-10.wav,,,tip,dip,,,,expo-10ms,-10,,2,unlabeled,,,234,,exposure,A,C,5,8.94427190999916,d-right,d,
390,1784153013965,15/07/2026 22:03:33,1784153013965,-7,15/07/2026 15:03:33,269901,13,task-pkec,repeat-7r7d#1,57237405,,16361732,,complete,,,computer,Desktop or Laptop,Mac OS 10.15,Firefox 150.0,1470x956,1470x810,,,0,Phonetic categorization,25,full_List_10,pass,$${overridespreadsheet},full_List_10,50,phonetic categorization,soundplay,x8jhtp,3,info,audio started,,8.559999999997672,0,8.559999999997672,8.559999999997672,0,8.559999999997672,0,0,0,,Audio Clip,Audio,1,object-207,phonetic categorization,dip,dip_-10.wav,,,tip,dip,,,,expo-10ms,-10,,2,unlabeled,,,234,,exposure,A,C,5,8.94427190999916,d-right,d,
391,1784153014371,15/07/2026 22:03:34,1784153014371,-7,15/07/2026 15:03:34,269901,13,task-pkec,repeat-7r7d#1,57237405,,16361732,,complete,,,computer,Desktop or Laptop,Mac OS 10.15,Firefox 150.0,1470x956,1470x810,,,0,Phonetic categorization,25,full_List_10,pass,$${overridespreadsheet},full_List_10,50,phonetic categorization,soundplay,x8jhtp,3,info,audio finished,,415.5599999999977,400,415.5599999999977,415.5599999999977,400,415.5599999999977,0,0,0,,Audio Clip,Audio,1,object-207,phonetic categorization,dip,dip_-10.wav,,,tip,dip,,,,expo-10ms,-10,,2,unlabeled,,,234,,exposure,A,C,5,8.94427190999916,d-right,d,
392,1784153014371,15/07/2026 22:03:34,1784153014371,-7,15/07/2026 15:03:34,269901,13,task-pkec,repeat-7r7d#1,57237405,,16361732,,complete,,,computer,Desktop or Laptop,Mac OS 10.15,Firefox 150.0,1470x956,1470x810,,,0,Phonetic categorization,25,full_List_10,pass,$${overridespreadsheet},full_List_10,50,phonetic categorization,soundplay,x8jhtp,3,continue,,,416.5599999999977,400,416.5599999999977,416.5599999999977,400,416.5599999999977,0,0,0,,Audio Clip,Audio,1,object-207,phonetic categorization,dip,dip_-10.wav,,,tip,dip,,,,expo-10ms,-10,,2,unlabeled,,,234,,exposure,A,C,5,8.94427190999916,d-right,d,
393,1784153014796,15/07/2026 22:03:34,1784153014796,-7,15/07/2026 15:03:34,269901,13,task-pkec,repeat-7r7d#1,57237405,,16361732,,complete,,,computer,Desktop or Laptop,Mac OS 10.15,Firefox 150.0,1470x956,1470x810,,,0,Phonetic categorization,25,full_List_10,pass,$${overridespreadsheet},full_List_10,50,phonetic categorization,2AFC,6i7z8o,4,response,dip,,439.5599999999977,433.320000000007,439.5599999999977,439.5599999999977,433.320000000007,439.5599999999977,1,0,0,,Keyboard Response,Keyboard Response,1,object-119,phonetic categorization,dip,dip_-10.wav,,,tip,dip,,,,expo-10ms,-10,,2,unlabeled,,,234,,exposure,A,C,5,8.94427190999916,d-right,d,
394,1784153015992,15/07/2026 22:03:35,1784153015992,-7,15/07/2026 15:03:35,269901,13,task-pkec,repeat-7r7d#1,57237405,,16361732,,complete,,,computer,Desktop or Laptop,Mac OS 10.15,Firefox 150.0,1470x956,1470x810,,,0,Phonetic categorization,25,full_List_10,pass,$${overridespreadsheet},full_List_10,50,phonetic categorization,1.2 second pause,dp6plq,5,timedOut,,,1203.2399999999907,1200,1203.2399999999907,1203.2399999999907,1200,1203.2399999999907,1,0,0,,Time Limit,screen,0,screen,phonetic categorization,dip,dip_-10.wav,,,tip,dip,,,,expo-10ms,-10,,2,unlabeled,,,234,,exposure,A,C,5,8.94427190999916,d-right,d,
395,1784153016494,15/07/2026 22:03:36,1784153016494,-7,15/07/2026 15:03:36,269901,13,task-pkec,repeat-7r7d#1,57237405,,16361732,,complete,,,computer,Desktop or Laptop,Mac OS 10.15,Firefox 150.0,1470x956,1470x810,,,0,Phonetic categorization,25,full_List_10,pass,$${overridespreadsheet},full_List_10,51,phonetic categorization,fixation,99n54d,1,response,,,500,500,500,500,500,500,0,0,0,,Time Limit,screen,0,screen,phonetic categorization,din,din_10.wav,,,tin,din,,,,expo-10ms,10,,2,unlabeled,,,234,,exposure,A,C,5,8.94427190999916,d-right,d,
396,1784153016993,15/07/2026 22:03:36,1784153016993,-7,15/07/2026 15:03:36,269901,13,task-pkec,repeat-7r7d#1,57237405,,16361732,,complete,,,computer,Desktop or Laptop,Mac OS 10.15,Firefox 150.0,1470x956,1470x810,,,0,Phonetic categorization,25,full_List_10,pass,$${overridespreadsheet},full_List_10,51,phonetic categorization,show option,yef3xk,2,response,,,500,500,500,500,500,500,1,0,0,,Time Limit,screen,0,screen,phonetic categorization,din,din_10.wav,,,tin,din,,,,expo-10ms,10,,2,unlabeled,,,234,,exposure,A,C,5,8.94427190999916,d-right,d,
397,1784153017000,15/07/2026 22:03:37,1784153017000,-7,15/07/2026 15:03:37,269901,13,task-pkec,repeat-7r7d#1,57237405,,16361732,,complete,,,computer,Desktop or Laptop,Mac OS 10.15,Firefox 150.0,1470x956,1470x810,,,0,Phonetic categorization,25,full_List_10,pass,$${overridespreadsheet},full_List_10,51,phonetic categorization,soundplay,x8jhtp,3,info,audio started,,12.239999999990687,0,12.239999999990687,12.239999999990687,0,12.239999999990687,0,0,0,,Audio Clip,Audio,1,object-207,phonetic categorization,din,din_10.wav,,,tin,din,,,,expo-10ms,10,,2,unlabeled,,,234,,exposure,A,C,5,8.94427190999916,d-right,d,
398,1784153017333,15/07/2026 22:03:37,1784153017333,-7,15/07/2026 15:03:37,269901,13,task-pkec,repeat-7r7d#1,57237405,,16361732,,complete,,,computer,Desktop or Laptop,Mac OS 10.15,Firefox 150.0,1470x956,1470x810,,,0,Phonetic categorization,25,full_List_10,pass,$${overridespreadsheet},full_List_10,51,phonetic categorization,soundplay,x8jhtp,3,info,audio finished,,344.2399999999907,333.3399999999965,344.2399999999907,344.2399999999907,333.3399999999965,344.2399999999907,0,0,0,,Audio Clip,Audio,1,object-207,phonetic categorization,din,din_10.wav,,,tin,din,,,,expo-10ms,10,,2,unlabeled,,,234,,exposure,A,C,5,8.94427190999916,d-right,d,
399,1784153017334,15/07/2026 22:03:37,1784153017334,-7,15/07/2026 15:03:37,269901,13,task-pkec,repeat-7r7d#1,57237405,,16361732,,complete,,,computer,Desktop or Laptop,Mac OS 10.15,Firefox 150.0,1470x956,1470x810,,,0,Phonetic categorization,25,full_List_10,pass,$${overridespreadsheet},full_List_10,51,phonetic categorization,soundplay,x8jhtp,3,continue,,,344.2399999999907,333.3399999999965,344.2399999999907,344.2399999999907,333.3399999999965,344.2399999999907,0,0,0,,Audio Clip,Audio,1,object-207,phonetic categorization,din,din_10.wav,,,tin,din,,,,expo-10ms,10,,2,unlabeled,,,234,,exposure,A,C,5,8.94427190999916,d-right,d,
400,1784153017880,15/07/2026 22:03:37,1784153017880,-7,15/07/2026 15:03:37,269901,13,task-pkec,repeat-7r7d#1,57237405,,16361732,,complete,,,computer,Desktop or Laptop,Mac OS 10.15,Firefox 150.0,1470x956,1470x810,,,0,Phonetic categorization,25,full_List_10,pass,$${overridespreadsheet},full_List_10,51,phonetic categorization,2AFC,6i7z8o,4,response,din,,556.8999999999942,550,556.8999999999942,556.8999999999942,550,556.8999999999942,1,0,0,,Keyboard Response,Keyboard Response,1,object-119,phonetic categorization,din,din_10.wav,,,tin,din,,,,expo-10ms,10,,2,unlabeled,,,234,,exposure,A,C,5,8.94427190999916,d-right,d,
401,1784153019073,15/07/2026 22:03:39,1784153019073,-7,15/07/2026 15:03:39,269901,13,task-pkec,repeat-7r7d#1,57237405,,16361732,,complete,,,computer,Desktop or Laptop,Mac OS 10.15,Firefox 150.0,1470x956,1470x810,,,0,Phonetic categorization,25,full_List_10,pass,$${overridespreadsheet},full_List_10,51,phonetic categorization,1.2 second pause,dp6plq,5,timedOut,,,1200.8999999999942,1200,1200.8999999999942,1200.8999999999942,1200,1200.8999999999942,1,0,0,,Time Limit,screen,0,screen,phonetic categorization,din,din_10.wav,,,tin,din,,,,expo-10ms,10,,2,unlabeled,,,234,,exposure,A,C,5,8.94427190999916,d-right,d,
402,1784153019575,15/07/2026 22:03:39,1784153019575,-7,15/07/2026 15:03:39,269901,13,task-pkec,repeat-7r7d#1,57237405,,16361732,,complete,,,computer,Desktop or Laptop,Mac OS 10.15,Firefox 150.0,1470x956,1470x810,,,0,Phonetic categorization,25,full_List_10,pass,$${overridespreadsheet},full_List_10,52,phonetic categorization,fixation,99n54d,1,response,,,500,500,500,500,500,500,0,0,0,,Time Limit,screen,0,screen,phonetic categorization,dill,dill_-5.wav,,,till,dill,,,,expo-10ms,-5,,2,unlabeled,,,234,,exposure,A,C,5,8.94427190999916,d-right,d,
403,1784153020075,15/07/2026 22:03:40,1784153020075,-7,15/07/2026 15:03:40,269901,13,task-pkec,repeat-7r7d#1,57237405,,16361732,,complete,,,computer,Desktop or Laptop,Mac OS 10.15,Firefox 150.0,1470x956,1470x810,,,0,Phonetic categorization,25,full_List_10,pass,$${overridespreadsheet},full_List_10,52,phonetic categorization,show option,yef3xk,2,response,,,500,500,500,500,500,500,1,0,0,,Time Limit,screen,0,screen,phonetic categorization,dill,dill_-5.wav,,,till,dill,,,,expo-10ms,-5,,2,unlabeled,,,234,,exposure,A,C,5,8.94427190999916,d-right,d,
404,1784153020082,15/07/2026 22:03:40,1784153020082,-7,15/07/2026 15:03:40,269901,13,task-pkec,repeat-7r7d#1,57237405,,16361732,,complete,,,computer,Desktop or Laptop,Mac OS 10.15,Firefox 150.0,1470x956,1470x810,,,0,Phonetic categorization,25,full_List_10,pass,$${overridespreadsheet},full_List_10,52,phonetic categorization,soundplay,x8jhtp,3,info,audio started,,9.89999999999418,0,9.89999999999418,9.89999999999418,0,9.89999999999418,0,0,0,,Audio Clip,Audio,1,object-207,phonetic categorization,dill,dill_-5.wav,,,till,dill,,,,expo-10ms,-5,,2,unlabeled,,,234,,exposure,A,C,5,8.94427190999916,d-right,d,
405,1784153020426,15/07/2026 22:03:40,1784153020426,-7,15/07/2026 15:03:40,269901,13,task-pkec,repeat-7r7d#1,57237405,,16361732,,complete,,,computer,Desktop or Laptop,Mac OS 10.15,Firefox 150.0,1470x956,1470x810,,,0,Phonetic categorization,25,full_List_10,pass,$${overridespreadsheet},full_List_10,52,phonetic categorization,soundplay,x8jhtp,3,info,audio finished,,353.8999999999942,350,353.8999999999942,353.8999999999942,350,353.8999999999942,0,0,0,,Audio Clip,Audio,1,object-207,phonetic categorization,dill,dill_-5.wav,,,till,dill,,,,expo-10ms,-5,,2,unlabeled,,,234,,exposure,A,C,5,8.94427190999916,d-right,d,
406,1784153020427,15/07/2026 22:03:40,1784153020427,-7,15/07/2026 15:03:40,269901,13,task-pkec,repeat-7r7d#1,57237405,,16361732,,complete,,,computer,Desktop or Laptop,Mac OS 10.15,Firefox 150.0,1470x956,1470x810,,,0,Phonetic categorization,25,full_List_10,pass,$${overridespreadsheet},full_List_10,52,phonetic categorization,soundplay,x8jhtp,3,continue,,,354.8999999999942,350,354.8999999999942,354.8999999999942,350,354.8999999999942,0,0,0,,Audio Clip,Audio,1,object-207,phonetic categorization,dill,dill_-5.wav,,,till,dill,,,,expo-10ms,-5,,2,unlabeled,,,234,,exposure,A,C,5,8.94427190999916,d-right,d,
407,1784153020747,15/07/2026 22:03:40,1784153020747,-7,15/07/2026 15:03:40,269901,13,task-pkec,repeat-7r7d#1,57237405,,16361732,,complete,,,computer,Desktop or Laptop,Mac OS 10.15,Firefox 150.0,1470x956,1470x810,,,0,Phonetic categorization,25,full_List_10,pass,$${overridespreadsheet},full_List_10,52,phonetic categorization,2AFC,6i7z8o,4,response,dill,,324.8999999999942,316.45999999999185,324.8999999999942,324.8999999999942,316.45999999999185,324.8999999999942,1,0,0,,Keyboard Response,Keyboard Response,1,object-119,phonetic categorization,dill,dill_-5.wav,,,till,dill,,,,expo-10ms,-5,,2,unlabeled,,,234,,exposure,A,C,5,8.94427190999916,d-right,d,
408,1784153021942,15/07/2026 22:03:41,1784153021942,-7,15/07/2026 15:03:41,269901,13,task-pkec,repeat-7r7d#1,57237405,,16361732,,complete,,,computer,Desktop or Laptop,Mac OS 10.15,Firefox 150.0,1470x956,1470x810,,,0,Phonetic categorization,25,full_List_10,pass,$${overridespreadsheet},full_List_10,52,phonetic categorization,1.2 second pause,dp6plq,5,timedOut,,,1203.4400000000023,1200.2000000000116,1203.4400000000023,1203.4400000000023,1200.2000000000116,1203.4400000000023,1,0,0,,Time Limit,screen,0,screen,phonetic categorization,dill,dill_-5.wav,,,till,dill,,,,expo-10ms,-5,,2,unlabeled,,,234,,exposure,A,C,5,8.94427190999916,d-right,d,
409,1784153022443,15/07/2026 22:03:42,1784153022443,-7,15/07/2026 15:03:42,269901,13,task-pkec,repeat-7r7d#1,57237405,,16361732,,complete,,,computer,Desktop or Laptop,Mac OS 10.15,Firefox 150.0,1470x956,1470x810,,,0,Phonetic categorization,25,full_List_10,pass,$${overridespreadsheet},full_List_10,53,phonetic categorization,fixation,99n54d,1,response,,,500,500,500,500,500,500,0,0,0,,Time Limit,screen,0,screen,phonetic categorization,dill,dill_5.wav,,,dill,din,,,,expo-10ms,5,,2,labeled,,,234,,exposure,A,C,5,8.94427190999916,d-right,d,
410,1784153022942,15/07/2026 22:03:42,1784153022942,-7,15/07/2026 15:03:42,269901,13,task-pkec,repeat-7r7d#1,57237405,,16361732,,complete,,,computer,Desktop or Laptop,Mac OS 10.15,Firefox 150.0,1470x956,1470x810,,,0,Phonetic categorization,25,full_List_10,pass,$${overridespreadsheet},full_List_10,53,phonetic categorization,show option,yef3xk,2,response,,,500,500,500,500,500,500,1,0,0,,Time Limit,screen,0,screen,phonetic categorization,dill,dill_5.wav,,,dill,din,,,,expo-10ms,5,,2,labeled,,,234,,exposure,A,C,5,8.94427190999916,d-right,d,
411,1784153022950,15/07/2026 22:03:42,1784153022950,-7,15/07/2026 15:03:42,269901,13,task-pkec,repeat-7r7d#1,57237405,,16361732,,complete,,,computer,Desktop or Laptop,Mac OS 10.15,Firefox 150.0,1470x956,1470x810,,,0,Phonetic categorization,25,full_List_10,pass,$${overridespreadsheet},full_List_10,53,phonetic categorization,soundplay,x8jhtp,3,info,audio started,,11.239999999990687,0,11.239999999990687,11.239999999990687,0,11.239999999990687,0,0,0,,Audio Clip,Audio,1,object-207,phonetic categorization,dill,dill_5.wav,,,dill,din,,,,expo-10ms,5,,2,labeled,,,234,,exposure,A,C,5,8.94427190999916,d-right,d,
412,1784153023291,15/07/2026 22:03:43,1784153023291,-7,15/07/2026 15:03:43,269901,13,task-pkec,repeat-7r7d#1,57237405,,16361732,,complete,,,computer,Desktop or Laptop,Mac OS 10.15,Firefox 150.0,1470x956,1470x810,,,0,Phonetic categorization,25,full_List_10,pass,$${overridespreadsheet},full_List_10,53,phonetic categorization,soundplay,x8jhtp,3,info,audio finished,,352.2399999999907,350,352.2399999999907,352.2399999999907,350,352.2399999999907,0,0,0,,Audio Clip,Audio,1,object-207,phonetic categorization,dill,dill_5.wav,,,dill,din,,,,expo-10ms,5,,2,labeled,,,234,,exposure,A,C,5,8.94427190999916,d-right,d,
413,1784153023293,15/07/2026 22:03:43,1784153023293,-7,15/07/2026 15:03:43,269901,13,task-pkec,repeat-7r7d#1,57237405,,16361732,,complete,,,computer,Desktop or Laptop,Mac OS 10.15,Firefox 150.0,1470x956,1470x810,,,0,Phonetic categorization,25,full_List_10,pass,$${overridespreadsheet},full_List_10,53,phonetic categorization,soundplay,x8jhtp,3,continue,,,354.2399999999907,350,354.2399999999907,354.2399999999907,350,354.2399999999907,0,0,0,,Audio Clip,Audio,1,object-207,phonetic categorization,dill,dill_5.wav,,,dill,din,,,,expo-10ms,5,,2,labeled,,,234,,exposure,A,C,5,8.94427190999916,d-right,d,
414,1784153023733,15/07/2026 22:03:43,1784153023733,-7,15/07/2026 15:03:43,269901,13,task-pkec,repeat-7r7d#1,57237405,,16361732,,complete,,,computer,Desktop or Laptop,Mac OS 10.15,Firefox 150.0,1470x956,1470x810,,,0,Phonetic categorization,25,full_List_10,pass,$${overridespreadsheet},full_List_10,53,phonetic categorization,2AFC,6i7z8o,4,response,dill,,443.2399999999907,433.3399999999965,443.2399999999907,443.2399999999907,433.3399999999965,443.2399999999907,1,0,0,,Keyboard Response,Keyboard Response,1,object-119,phonetic categorization,dill,dill_5.wav,,,dill,din,,,,expo-10ms,5,,2,labeled,,,234,,exposure,A,C,5,8.94427190999916,d-right,d,
415,1784153024925,15/07/2026 22:03:44,1784153024925,-7,15/07/2026 15:03:44,269901,13,task-pkec,repeat-7r7d#1,57237405,,16361732,,complete,,,computer,Desktop or Laptop,Mac OS 10.15,Firefox 150.0,1470x956,1470x810,,,0,Phonetic categorization,25,full_List_10,pass,$${overridespreadsheet},full_List_10,53,phonetic categorization,1.2 second pause,dp6plq,5,timedOut,,,1203.8999999999942,1200,1203.8999999999942,1203.8999999999942,1200,1203.8999999999942,1,0,0,,Time Limit,screen,0,screen,phonetic categorization,dill,dill_5.wav,,,dill,din,,,,expo-10ms,5,,2,labeled,,,234,,exposure,A,C,5,8.94427190999916,d-right,d,
416,1784153025425,15/07/2026 22:03:45,1784153025425,-7,15/07/2026 15:03:45,269901,13,task-pkec,repeat-7r7d#1,57237405,,16361732,,complete,,,computer,Desktop or Laptop,Mac OS 10.15,Firefox 150.0,1470x956,1470x810,,,0,Phonetic categorization,25,full_List_10,pass,$${overridespreadsheet},full_List_10,54,phonetic categorization,fixation,99n54d,1,response,,,500,500,500,500,500,500,0,0,0,,Time Limit,screen,0,screen,phonetic categorization,tip,dip_60.wav,,,tip,dip,,,,expo-10ms,60,,2,unlabeled,,,234,,exposure,A,C,50,16.431676725155,d-right,t,
417,1784153025925,15/07/2026 22:03:45,1784153025925,-7,15/07/2026 15:03:45,269901,13,task-pkec,repeat-7r7d#1,57237405,,16361732,,complete,,,computer,Desktop or Laptop,Mac OS 10.15,Firefox 150.0,1470x956,1470x810,,,0,Phonetic categorization,25,full_List_10,pass,$${overridespreadsheet},full_List_10,54,phonetic categorization,show option,yef3xk,2,response,,,500,500,500,500,500,500,1,0,0,,Time Limit,screen,0,screen,phonetic categorization,tip,dip_60.wav,,,tip,dip,,,,expo-10ms,60,,2,unlabeled,,,234,,exposure,A,C,50,16.431676725155,d-right,t,
418,1784153025932,15/07/2026 22:03:45,1784153025932,-7,15/07/2026 15:03:45,269901,13,task-pkec,repeat-7r7d#1,57237405,,16361732,,complete,,,computer,Desktop or Laptop,Mac OS 10.15,Firefox 150.0,1470x956,1470x810,,,0,Phonetic categorization,25,full_List_10,pass,$${overridespreadsheet},full_List_10,54,phonetic categorization,soundplay,x8jhtp,3,info,audio started,,9.89999999999418,0,9.89999999999418,9.89999999999418,0,9.89999999999418,0,0,0,,Audio Clip,Audio,1,object-207,phonetic categorization,tip,dip_60.wav,,,tip,dip,,,,expo-10ms,60,,2,unlabeled,,,234,,exposure,A,C,50,16.431676725155,d-right,t,
419,1784153026367,15/07/2026 22:03:46,1784153026367,-7,15/07/2026 15:03:46,269901,13,task-pkec,repeat-7r7d#1,57237405,,16361732,,complete,,,computer,Desktop or Laptop,Mac OS 10.15,Firefox 150.0,1470x956,1470x810,,,0,Phonetic categorization,25,full_List_10,pass,$${overridespreadsheet},full_List_10,54,phonetic categorization,soundplay,x8jhtp,3,info,audio finished,,443.8999999999942,433.3399999999965,443.8999999999942,443.8999999999942,433.3399999999965,443.8999999999942,0,0,0,,Audio Clip,Audio,1,object-207,phonetic categorization,tip,dip_60.wav,,,tip,dip,,,,expo-10ms,60,,2,unlabeled,,,234,,exposure,A,C,50,16.431676725155,d-right,t,
420,1784153026367,15/07/2026 22:03:46,1784153026367,-7,15/07/2026 15:03:46,269901,13,task-pkec,repeat-7r7d#1,57237405,,16361732,,complete,,,computer,Desktop or Laptop,Mac OS 10.15,Firefox 150.0,1470x956,1470x810,,,0,Phonetic categorization,25,full_List_10,pass,$${overridespreadsheet},full_List_10,54,phonetic categorization,soundplay,x8jhtp,3,continue,,,444.8999999999942,433.3399999999965,444.8999999999942,444.8999999999942,433.3399999999965,444.8999999999942,0,0,0,,Audio Clip,Audio,1,object-207,phonetic categorization,tip,dip_60.wav,,,tip,dip,,,,expo-10ms,60,,2,unlabeled,,,234,,exposure,A,C,50,16.431676725155,d-right,t,
421,1784153026696,15/07/2026 22:03:46,1784153026696,-7,15/07/2026 15:03:46,269901,13,task-pkec,repeat-7r7d#1,57237405,,16361732,,complete,,,computer,Desktop or Laptop,Mac OS 10.15,Firefox 150.0,1470x956,1470x810,,,0,Phonetic categorization,25,full_List_10,pass,$${overridespreadsheet},full_List_10,54,phonetic categorization,2AFC,6i7z8o,4,response,tip,,340.5599999999977,332,340.5599999999977,340.5599999999977,332,340.5599999999977,1,0,0,,Keyboard Response,Keyboard Response,1,object-119,phonetic categorization,tip,dip_60.wav,,,tip,dip,,,,expo-10ms,60,,2,unlabeled,,,234,,exposure,A,C,50,16.431676725155,d-right,t,
422,1784153027891,15/07/2026 22:03:47,1784153027891,-7,15/07/2026 15:03:47,269901,13,task-pkec,repeat-7r7d#1,57237405,,16361732,,complete,,,computer,Desktop or Laptop,Mac OS 10.15,Firefox 150.0,1470x956,1470x810,,,0,Phonetic categorization,25,full_List_10,pass,$${overridespreadsheet},full_List_10,54,phonetic categorization,1.2 second pause,dp6plq,5,timedOut,,,1203.5599999999977,1200,1203.5599999999977,1203.5599999999977,1200,1203.5599999999977,1,0,0,,Time Limit,screen,0,screen,phonetic categorization,tip,dip_60.wav,,,tip,dip,,,,expo-10ms,60,,2,unlabeled,,,234,,exposure,A,C,50,16.431676725155,d-right,t,
423,1784153028387,15/07/2026 22:03:48,1784153028387,-7,15/07/2026 15:03:48,269901,13,task-pkec,repeat-7r7d#1,57237405,,16361732,,complete,,,computer,Desktop or Laptop,Mac OS 10.15,Firefox 150.0,1470x956,1470x810,,,0,Phonetic categorization,25,full_List_10,pass,$${overridespreadsheet},full_List_10,55,phonetic categorization,fixation,99n54d,1,response,,,500,500,500,500,500,500,0,0,0,,Time Limit,screen,0,screen,phonetic categorization,tip,dip_55.wav,,,tip,dip,,,,expo-10ms,55,,2,unlabeled,,,234,,exposure,A,C,50,16.431676725155,d-right,t,
424,1784153028890,15/07/2026 22:03:48,1784153028890,-7,15/07/2026 15:03:48,269901,13,task-pkec,repeat-7r7d#1,57237405,,16361732,,complete,,,computer,Desktop or Laptop,Mac OS 10.15,Firefox 150.0,1470x956,1470x810,,,0,Phonetic categorization,25,full_List_10,pass,$${overridespreadsheet},full_List_10,55,phonetic categorization,show option,yef3xk,2,response,,,500,500,500,500,500,500,1,0,0,,Time Limit,screen,0,screen,phonetic categorization,tip,dip_55.wav,,,tip,dip,,,,expo-10ms,55,,2,unlabeled,,,234,,exposure,A,C,50,16.431676725155,d-right,t,
425,1784153028893,15/07/2026 22:03:48,1784153028893,-7,15/07/2026 15:03:48,269901,13,task-pkec,repeat-7r7d#1,57237405,,16361732,,complete,,,computer,Desktop or Laptop,Mac OS 10.15,Firefox 150.0,1470x956,1470x810,,,0,Phonetic categorization,25,full_List_10,pass,$${overridespreadsheet},full_List_10,55,phonetic categorization,soundplay,x8jhtp,3,info,audio started,,4.559999999997672,0,4.559999999997672,4.559999999997672,0,4.559999999997672,0,0,0,,Audio Clip,Audio,1,object-207,phonetic categorization,tip,dip_55.wav,,,tip,dip,,,,expo-10ms,55,,2,unlabeled,,,234,,exposure,A,C,50,16.431676725155,d-right,t,
426,1784153029324,15/07/2026 22:03:49,1784153029324,-7,15/07/2026 15:03:49,269901,13,task-pkec,repeat-7r7d#1,57237405,,16361732,,complete,,,computer,Desktop or Laptop,Mac OS 10.15,Firefox 150.0,1470x956,1470x810,,,0,Phonetic categorization,25,full_List_10,pass,$${overridespreadsheet},full_List_10,55,phonetic categorization,soundplay,x8jhtp,3,info,audio finished,,437.5599999999977,433.3399999999965,437.5599999999977,437.5599999999977,433.3399999999965,437.5599999999977,0,0,0,,Audio Clip,Audio,1,object-207,phonetic categorization,tip,dip_55.wav,,,tip,dip,,,,expo-10ms,55,,2,unlabeled,,,234,,exposure,A,C,50,16.431676725155,d-right,t,
427,1784153029324,15/07/2026 22:03:49,1784153029324,-7,15/07/2026 15:03:49,269901,13,task-pkec,repeat-7r7d#1,57237405,,16361732,,complete,,,computer,Desktop or Laptop,Mac OS 10.15,Firefox 150.0,1470x956,1470x810,,,0,Phonetic categorization,25,full_List_10,pass,$${overridespreadsheet},full_List_10,55,phonetic categorization,soundplay,x8jhtp,3,continue,,,437.5599999999977,433.3399999999965,437.5599999999977,437.5599999999977,433.3399999999965,437.5599999999977,0,0,0,,Audio Clip,Audio,1,object-207,phonetic categorization,tip,dip_55.wav,,,tip,dip,,,,expo-10ms,55,,2,unlabeled,,,234,,exposure,A,C,50,16.431676725155,d-right,t,
428,1784153029589,15/07/2026 22:03:49,1784153029589,-7,15/07/2026 15:03:49,269901,13,task-pkec,repeat-7r7d#1,57237405,,16361732,,complete,,,computer,Desktop or Laptop,Mac OS 10.15,Firefox 150.0,1470x956,1470x810,,,0,Phonetic categorization,25,full_List_10,pass,$${overridespreadsheet},full_List_10,55,phonetic categorization,2AFC,6i7z8o,4,response,tip,,266.679999999993,250,266.679999999993,266.679999999993,250,266.679999999993,1,0,0,,Keyboard Response,Keyboard Response,1,object-119,phonetic categorization,tip,dip_55.wav,,,tip,dip,,,,expo-10ms,55,,2,unlabeled,,,234,,exposure,A,C,50,16.431676725155,d-right,t,
429,1784153030774,15/07/2026 22:03:50,1784153030774,-7,15/07/2026 15:03:50,269901,13,task-pkec,repeat-7r7d#1,57237405,,16361732,,complete,,,computer,Desktop or Laptop,Mac OS 10.15,Firefox 150.0,1470x956,1470x810,,,0,Phonetic categorization,25,full_List_10,pass,$${overridespreadsheet},full_List_10,55,phonetic categorization,1.2 second pause,dp6plq,5,timedOut,,,1203.2200000000012,1200,1203.2200000000012,1203.2200000000012,1200,1203.2200000000012,1,0,0,,Time Limit,screen,0,screen,phonetic categorization,tip,dip_55.wav,,,tip,dip,,,,expo-10ms,55,,2,unlabeled,,,234,,exposure,A,C,50,16.431676725155,d-right,t,
430,1784153031275,15/07/2026 22:03:51,1784153031275,-7,15/07/2026 15:03:51,269901,13,task-pkec,repeat-7r7d#1,57237405,,16361732,,complete,,,computer,Desktop or Laptop,Mac OS 10.15,Firefox 150.0,1470x956,1470x810,,,0,Phonetic categorization,25,full_List_10,pass,$${overridespreadsheet},full_List_10,56,phonetic categorization,fixation,99n54d,1,response,,,500,500,500,500,500,500,0,0,0,,Time Limit,screen,0,screen,phonetic categorization,share,share.wav,,,rare,share,,,,expo-10ms,,,2,,,,234,,catch,A,C,,,d-right,,
431,1784153031774,15/07/2026 22:03:51,1784153031774,-7,15/07/2026 15:03:51,269901,13,task-pkec,repeat-7r7d#1,57237405,,16361732,,complete,,,computer,Desktop or Laptop,Mac OS 10.15,Firefox 150.0,1470x956,1470x810,,,0,Phonetic categorization,25,full_List_10,pass,$${overridespreadsheet},full_List_10,56,phonetic categorization,show option,yef3xk,2,response,,,500,500,500,500,500,500,1,0,0,,Time Limit,screen,0,screen,phonetic categorization,share,share.wav,,,rare,share,,,,expo-10ms,,,2,,,,234,,catch,A,C,,,d-right,,
432,1784153031787,15/07/2026 22:03:51,1784153031787,-7,15/07/2026 15:03:51,269901,13,task-pkec,repeat-7r7d#1,57237405,,16361732,,complete,,,computer,Desktop or Laptop,Mac OS 10.15,Firefox 150.0,1470x956,1470x810,,,0,Phonetic categorization,25,full_List_10,pass,$${overridespreadsheet},full_List_10,56,phonetic categorization,soundplay,x8jhtp,3,info,audio started,,16.220000000001164,0,16.220000000001164,16.220000000001164,0,16.220000000001164,0,0,0,,Audio Clip,Audio,1,object-207,phonetic categorization,share,share.wav,,,rare,share,,,,expo-10ms,,,2,,,,234,,catch,A,C,,,d-right,,
433,1784153032331,15/07/2026 22:03:52,1784153032331,-7,15/07/2026 15:03:52,269901,13,task-pkec,repeat-7r7d#1,57237405,,16361732,,complete,,,computer,Desktop or Laptop,Mac OS 10.15,Firefox 150.0,1470x956,1470x810,,,0,Phonetic categorization,25,full_List_10,pass,$${overridespreadsheet},full_List_10,56,phonetic categorization,soundplay,x8jhtp,3,info,audio finished,,560.2200000000012,550,560.2200000000012,560.2200000000012,550,560.2200000000012,0,0,0,,Audio Clip,Audio,1,object-207,phonetic categorization,share,share.wav,,,rare,share,,,,expo-10ms,,,2,,,,234,,catch,A,C,,,d-right,,
434,1784153032332,15/07/2026 22:03:52,1784153032332,-7,15/07/2026 15:03:52,269901,13,task-pkec,repeat-7r7d#1,57237405,,16361732,,complete,,,computer,Desktop or Laptop,Mac OS 10.15,Firefox 150.0,1470x956,1470x810,,,0,Phonetic categorization,25,full_List_10,pass,$${overridespreadsheet},full_List_10,56,phonetic categorization,soundplay,x8jhtp,3,continue,,,561.2200000000012,550,561.2200000000012,561.2200000000012,550,561.2200000000012,0,0,0,,Audio Clip,Audio,1,object-207,phonetic categorization,share,share.wav,,,rare,share,,,,expo-10ms,,,2,,,,234,,catch,A,C,,,d-right,,
435,1784153032451,15/07/2026 22:03:52,1784153032451,-7,15/07/2026 15:03:52,269901,13,task-pkec,repeat-7r7d#1,57237405,,16361732,,complete,,,computer,Desktop or Laptop,Mac OS 10.15,Firefox 150.0,1470x956,1470x810,,,0,Phonetic categorization,25,full_List_10,pass,$${overridespreadsheet},full_List_10,56,phonetic categorization,2AFC,6i7z8o,4,response,share,,131.22000000000116,116.66000000000349,131.22000000000116,131.22000000000116,116.66000000000349,131.22000000000116,1,0,0,,Keyboard Response,Keyboard Response,1,object-119,phonetic categorization,share,share.wav,,,rare,share,,,,expo-10ms,,,2,,,,234,,catch,A,C,,,d-right,,
436,1784153033641,15/07/2026 22:03:53,1784153033641,-7,15/07/2026 15:03:53,269901,13,task-pkec,repeat-7r7d#1,57237405,,16361732,,complete,,,computer,Desktop or Laptop,Mac OS 10.15,Firefox 150.0,1470x956,1470x810,,,0,Phonetic categorization,25,full_List_10,pass,$${overridespreadsheet},full_List_10,56,phonetic categorization,1.2 second pause,dp6plq,5,timedOut,,,1202.5599999999977,1200,1202.5599999999977,1202.5599999999977,1200,1202.5599999999977,1,0,0,,Time Limit,screen,0,screen,phonetic categorization,share,share.wav,,,rare,share,,,,expo-10ms,,,2,,,,234,,catch,A,C,,,d-right,,
437,1784153034139,15/07/2026 22:03:54,1784153034139,-7,15/07/2026 15:03:54,269901,13,task-pkec,repeat-7r7d#1,57237405,,16361732,,complete,,,computer,Desktop or Laptop,Mac OS 10.15,Firefox 150.0,1470x956,1470x810,,,0,Phonetic categorization,25,full_List_10,pass,$${overridespreadsheet},full_List_10,57,phonetic categorization,fixation,99n54d,1,response,,,500,500,500,500,500,500,0,0,0,,Time Limit,screen,0,screen,phonetic categorization,till,dill_65.wav,,,till,dill,,,,expo-10ms,65,,2,unlabeled,,,234,,exposure,A,C,50,16.431676725155,d-right,t,
438,1784153034640,15/07/2026 22:03:54,1784153034640,-7,15/07/2026 15:03:54,269901,13,task-pkec,repeat-7r7d#1,57237405,,16361732,,complete,,,computer,Desktop or Laptop,Mac OS 10.15,Firefox 150.0,1470x956,1470x810,,,0,Phonetic categorization,25,full_List_10,pass,$${overridespreadsheet},full_List_10,57,phonetic categorization,show option,yef3xk,2,response,,,500,500,500,500,500,500,1,0,0,,Time Limit,screen,0,screen,phonetic categorization,till,dill_65.wav,,,till,dill,,,,expo-10ms,65,,2,unlabeled,,,234,,exposure,A,C,50,16.431676725155,d-right,t,
439,1784153034646,15/07/2026 22:03:54,1784153034646,-7,15/07/2026 15:03:54,269901,13,task-pkec,repeat-7r7d#1,57237405,,16361732,,complete,,,computer,Desktop or Laptop,Mac OS 10.15,Firefox 150.0,1470x956,1470x810,,,0,Phonetic categorization,25,full_List_10,pass,$${overridespreadsheet},full_List_10,57,phonetic categorization,soundplay,x8jhtp,3,info,audio started,,8.559999999997672,0,8.559999999997672,8.559999999997672,0,8.559999999997672,0,0,0,,Audio Clip,Audio,1,object-207,phonetic categorization,till,dill_65.wav,,,till,dill,,,,expo-10ms,65,,2,unlabeled,,,234,,exposure,A,C,50,16.431676725155,d-right,t,
440,1784153035029,15/07/2026 22:03:55,1784153035029,-7,15/07/2026 15:03:55,269901,13,task-pkec,repeat-7r7d#1,57237405,,16361732,,complete,,,computer,Desktop or Laptop,Mac OS 10.15,Firefox 150.0,1470x956,1470x810,,,0,Phonetic categorization,25,full_List_10,pass,$${overridespreadsheet},full_List_10,57,phonetic categorization,soundplay,x8jhtp,3,info,audio finished,,391.5599999999977,383.3399999999965,391.5599999999977,391.5599999999977,383.3399999999965,391.5599999999977,0,0,0,,Audio Clip,Audio,1,object-207,phonetic categorization,till,dill_65.wav,,,till,dill,,,,expo-10ms,65,,2,unlabeled,,,234,,exposure,A,C,50,16.431676725155,d-right,t,
441,1784153035029,15/07/2026 22:03:55,1784153035029,-7,15/07/2026 15:03:55,269901,13,task-pkec,repeat-7r7d#1,57237405,,16361732,,complete,,,computer,Desktop or Laptop,Mac OS 10.15,Firefox 150.0,1470x956,1470x810,,,0,Phonetic categorization,25,full_List_10,pass,$${overridespreadsheet},full_List_10,57,phonetic categorization,soundplay,x8jhtp,3,continue,,,391.5599999999977,383.3399999999965,391.5599999999977,391.5599999999977,383.3399999999965,391.5599999999977,0,0,0,,Audio Clip,Audio,1,object-207,phonetic categorization,till,dill_65.wav,,,till,dill,,,,expo-10ms,65,,2,unlabeled,,,234,,exposure,A,C,50,16.431676725155,d-right,t,
442,1784153035568,15/07/2026 22:03:55,1784153035568,-7,15/07/2026 15:03:55,269901,13,task-pkec,repeat-7r7d#1,57237405,,16361732,,complete,,,computer,Desktop or Laptop,Mac OS 10.15,Firefox 150.0,1470x956,1470x810,,,0,Phonetic categorization,25,full_List_10,pass,$${overridespreadsheet},full_List_10,57,phonetic categorization,2AFC,6i7z8o,4,response,till,,546.2200000000012,533.320000000007,546.2200000000012,546.2200000000012,533.320000000007,546.2200000000012,1,0,0,,Keyboard Response,Keyboard Response,1,object-119,phonetic categorization,till,dill_65.wav,,,till,dill,,,,expo-10ms,65,,2,unlabeled,,,234,,exposure,A,C,50,16.431676725155,d-right,t,
443,1784153036755,15/07/2026 22:03:56,1784153036755,-7,15/07/2026 15:03:56,269901,13,task-pkec,repeat-7r7d#1,57237405,,16361732,,complete,,,computer,Desktop or Laptop,Mac OS 10.15,Firefox 150.0,1470x956,1470x810,,,0,Phonetic categorization,25,full_List_10,pass,$${overridespreadsheet},full_List_10,57,phonetic categorization,1.2 second pause,dp6plq,5,timedOut,,,1201.8999999999942,1200,1201.8999999999942,1201.8999999999942,1200,1201.8999999999942,1,0,0,,Time Limit,screen,0,screen,phonetic categorization,till,dill_65.wav,,,till,dill,,,,expo-10ms,65,,2,unlabeled,,,234,,exposure,A,C,50,16.431676725155,d-right,t,
444,1784153037257,15/07/2026 22:03:57,1784153037257,-7,15/07/2026 15:03:57,269901,13,task-pkec,repeat-7r7d#1,57237405,,16361732,,complete,,,computer,Desktop or Laptop,Mac OS 10.15,Firefox 150.0,1470x956,1470x810,,,0,Phonetic categorization,25,full_List_10,pass,$${overridespreadsheet},full_List_10,58,phonetic categorization,fixation,99n54d,1,response,,,500,500,500,500,500,500,0,0,0,,Time Limit,screen,0,screen,phonetic categorization,tip,dip_75.wav,,,tip,dip,,,,expo-10ms,75,,2,unlabeled,,,234,,exposure,A,C,50,16.431676725155,d-right,t,
445,1784153037757,15/07/2026 22:03:57,1784153037757,-7,15/07/2026 15:03:57,269901,13,task-pkec,repeat-7r7d#1,57237405,,16361732,,complete,,,computer,Desktop or Laptop,Mac OS 10.15,Firefox 150.0,1470x956,1470x810,,,0,Phonetic categorization,25,full_List_10,pass,$${overridespreadsheet},full_List_10,58,phonetic categorization,show option,yef3xk,2,response,,,500,500,500,500,500,500,1,0,0,,Time Limit,screen,0,screen,phonetic categorization,tip,dip_75.wav,,,tip,dip,,,,expo-10ms,75,,2,unlabeled,,,234,,exposure,A,C,50,16.431676725155,d-right,t,
446,1784153037764,15/07/2026 22:03:57,1784153037764,-7,15/07/2026 15:03:57,269901,13,task-pkec,repeat-7r7d#1,57237405,,16361732,,complete,,,computer,Desktop or Laptop,Mac OS 10.15,Firefox 150.0,1470x956,1470x810,,,0,Phonetic categorization,25,full_List_10,pass,$${overridespreadsheet},full_List_10,58,phonetic categorization,soundplay,x8jhtp,3,info,audio started,,9.89999999999418,0,9.89999999999418,9.89999999999418,0,9.89999999999418,0,0,0,,Audio Clip,Audio,1,object-207,phonetic categorization,tip,dip_75.wav,,,tip,dip,,,,expo-10ms,75,,2,unlabeled,,,234,,exposure,A,C,50,16.431676725155,d-right,t,
447,1784153038207,15/07/2026 22:03:58,1784153038207,-7,15/07/2026 15:03:58,269901,13,task-pkec,repeat-7r7d#1,57237405,,16361732,,complete,,,computer,Desktop or Laptop,Mac OS 10.15,Firefox 150.0,1470x956,1470x810,,,0,Phonetic categorization,25,full_List_10,pass,$${overridespreadsheet},full_List_10,58,phonetic categorization,soundplay,x8jhtp,3,info,audio finished,,452.8999999999942,450,452.8999999999942,452.8999999999942,450,452.8999999999942,0,0,0,,Audio Clip,Audio,1,object-207,phonetic categorization,tip,dip_75.wav,,,tip,dip,,,,expo-10ms,75,,2,unlabeled,,,234,,exposure,A,C,50,16.431676725155,d-right,t,
448,1784153038208,15/07/2026 22:03:58,1784153038208,-7,15/07/2026 15:03:58,269901,13,task-pkec,repeat-7r7d#1,57237405,,16361732,,complete,,,computer,Desktop or Laptop,Mac OS 10.15,Firefox 150.0,1470x956,1470x810,,,0,Phonetic categorization,25,full_List_10,pass,$${overridespreadsheet},full_List_10,58,phonetic categorization,soundplay,x8jhtp,3,continue,,,453.8999999999942,450,453.8999999999942,453.8999999999942,450,453.8999999999942,0,0,0,,Audio Clip,Audio,1,object-207,phonetic categorization,tip,dip_75.wav,,,tip,dip,,,,expo-10ms,75,,2,unlabeled,,,234,,exposure,A,C,50,16.431676725155,d-right,t,
449,1784153038569,15/07/2026 22:03:58,1784153038569,-7,15/07/2026 15:03:58,269901,13,task-pkec,repeat-7r7d#1,57237405,,16361732,,complete,,,computer,Desktop or Laptop,Mac OS 10.15,Firefox 150.0,1470x956,1470x810,,,0,Phonetic categorization,25,full_List_10,pass,$${overridespreadsheet},full_List_10,58,phonetic categorization,2AFC,6i7z8o,4,response,tip,,364.8999999999942,350,364.8999999999942,364.8999999999942,350,364.8999999999942,1,0,0,,Keyboard Response,Keyboard Response,1,object-119,phonetic categorization,tip,dip_75.wav,,,tip,dip,,,,expo-10ms,75,,2,unlabeled,,,234,,exposure,A,C,50,16.431676725155,d-right,t,
450,1784153039758,15/07/2026 22:03:59,1784153039758,-7,15/07/2026 15:03:59,269901,13,task-pkec,repeat-7r7d#1,57237405,,16361732,,complete,,,computer,Desktop or Laptop,Mac OS 10.15,Firefox 150.0,1470x956,1470x810,,,0,Phonetic categorization,25,full_List_10,pass,$${overridespreadsheet},full_List_10,58,phonetic categorization,1.2 second pause,dp6plq,5,timedOut,,,1203.8999999999942,1200,1203.8999999999942,1203.8999999999942,1200,1203.8999999999942,1,0,0,,Time Limit,screen,0,screen,phonetic categorization,tip,dip_75.wav,,,tip,dip,,,,expo-10ms,75,,2,unlabeled,,,234,,exposure,A,C,50,16.431676725155,d-right,t,
451,1784153040257,15/07/2026 22:04:00,1784153040257,-7,15/07/2026 15:04:00,269901,13,task-pkec,repeat-7r7d#1,57237405,,16361732,,complete,,,computer,Desktop or Laptop,Mac OS 10.15,Firefox 150.0,1470x956,1470x810,,,0,Phonetic categorization,25,full_List_10,pass,$${overridespreadsheet},full_List_10,59,phonetic categorization,fixation,99n54d,1,response,,,500,500,500,500,500,500,0,0,0,,Time Limit,screen,0,screen,phonetic categorization,dip,dip_10.wav,,,tip,dip,,,,expo-10ms,10,,2,unlabeled,,,234,,exposure,A,C,5,8.94427190999916,d-right,d,
452,1784153040757,15/07/2026 22:04:00,1784153040757,-7,15/07/2026 15:04:00,269901,13,task-pkec,repeat-7r7d#1,57237405,,16361732,,complete,,,computer,Desktop or Laptop,Mac OS 10.15,Firefox 150.0,1470x956,1470x810,,,0,Phonetic categorization,25,full_List_10,pass,$${overridespreadsheet},full_List_10,59,phonetic categorization,show option,yef3xk,2,response,,,500,500,500,500,500,500,1,0,0,,Time Limit,screen,0,screen,phonetic categorization,dip,dip_10.wav,,,tip,dip,,,,expo-10ms,10,,2,unlabeled,,,234,,exposure,A,C,5,8.94427190999916,d-right,d,
453,1784153040764,15/07/2026 22:04:00,1784153040764,-7,15/07/2026 15:04:00,269901,13,task-pkec,repeat-7r7d#1,57237405,,16361732,,complete,,,computer,Desktop or Laptop,Mac OS 10.15,Firefox 150.0,1470x956,1470x810,,,0,Phonetic categorization,25,full_List_10,pass,$${overridespreadsheet},full_List_10,59,phonetic categorization,soundplay,x8jhtp,3,info,audio started,,9.89999999999418,0,9.89999999999418,9.89999999999418,0,9.89999999999418,0,0,0,,Audio Clip,Audio,1,object-207,phonetic categorization,dip,dip_10.wav,,,tip,dip,,,,expo-10ms,10,,2,unlabeled,,,234,,exposure,A,C,5,8.94427190999916,d-right,d,
454,1784153041167,15/07/2026 22:04:01,1784153041167,-7,15/07/2026 15:04:01,269901,13,task-pkec,repeat-7r7d#1,57237405,,16361732,,complete,,,computer,Desktop or Laptop,Mac OS 10.15,Firefox 150.0,1470x956,1470x810,,,0,Phonetic categorization,25,full_List_10,pass,$${overridespreadsheet},full_List_10,59,phonetic categorization,soundplay,x8jhtp,3,info,audio finished,,413.8999999999942,400,413.8999999999942,413.8999999999942,400,413.8999999999942,0,0,0,,Audio Clip,Audio,1,object-207,phonetic categorization,dip,dip_10.wav,,,tip,dip,,,,expo-10ms,10,,2,unlabeled,,,234,,exposure,A,C,5,8.94427190999916,d-right,d,
455,1784153041168,15/07/2026 22:04:01,1784153041168,-7,15/07/2026 15:04:01,269901,13,task-pkec,repeat-7r7d#1,57237405,,16361732,,complete,,,computer,Desktop or Laptop,Mac OS 10.15,Firefox 150.0,1470x956,1470x810,,,0,Phonetic categorization,25,full_List_10,pass,$${overridespreadsheet},full_List_10,59,phonetic categorization,soundplay,x8jhtp,3,continue,,,414.8999999999942,400,414.8999999999942,414.8999999999942,400,414.8999999999942,0,0,0,,Audio Clip,Audio,1,object-207,phonetic categorization,dip,dip_10.wav,,,tip,dip,,,,expo-10ms,10,,2,unlabeled,,,234,,exposure,A,C,5,8.94427190999916,d-right,d,
456,1784153041325,15/07/2026 22:04:01,1784153041325,-7,15/07/2026 15:04:01,269901,13,task-pkec,repeat-7r7d#1,57237405,,16361732,,complete,,,computer,Desktop or Laptop,Mac OS 10.15,Firefox 150.0,1470x956,1470x810,,,0,Phonetic categorization,25,full_List_10,pass,$${overridespreadsheet},full_List_10,59,phonetic categorization,2AFC,6i7z8o,4,response,dip,,170.89999999999418,166.67999999999302,170.89999999999418,170.89999999999418,166.67999999999302,170.89999999999418,1,0,0,,Keyboard Response,Keyboard Response,1,object-119,phonetic categorization,dip,dip_10.wav,,,tip,dip,,,,expo-10ms,10,,2,unlabeled,,,234,,exposure,A,C,5,8.94427190999916,d-right,d,
457,1784153042524,15/07/2026 22:04:02,1784153042524,-7,15/07/2026 15:04:02,269901,13,task-pkec,repeat-7r7d#1,57237405,,16361732,,complete,,,computer,Desktop or Laptop,Mac OS 10.15,Firefox 150.0,1470x956,1470x810,,,0,Phonetic categorization,25,full_List_10,pass,$${overridespreadsheet},full_List_10,59,phonetic categorization,1.2 second pause,dp6plq,5,timedOut,,,1202.2200000000012,1200,1202.2200000000012,1202.2200000000012,1200,1202.2200000000012,1,0,0,,Time Limit,screen,0,screen,phonetic categorization,dip,dip_10.wav,,,tip,dip,,,,expo-10ms,10,,2,unlabeled,,,234,,exposure,A,C,5,8.94427190999916,d-right,d,
458,1784153043022,15/07/2026 22:04:03,1784153043022,-7,15/07/2026 15:04:03,269901,13,task-pkec,repeat-7r7d#1,57237405,,16361732,,complete,,,computer,Desktop or Laptop,Mac OS 10.15,Firefox 150.0,1470x956,1470x810,,,0,Phonetic categorization,25,full_List_10,pass,$${overridespreadsheet},full_List_10,60,phonetic categorization,fixation,99n54d,1,response,,,500,500,500,500,500,500,0,0,0,,Time Limit,screen,0,screen,phonetic categorization,din,din_15.wav,,,tin,din,,,,expo-10ms,15,,2,unlabeled,,,234,,exposure,A,C,5,8.94427190999916,d-right,d,
459,1784153043524,15/07/2026 22:04:03,1784153043524,-7,15/07/2026 15:04:03,269901,13,task-pkec,repeat-7r7d#1,57237405,,16361732,,complete,,,computer,Desktop or Laptop,Mac OS 10.15,Firefox 150.0,1470x956,1470x810,,,0,Phonetic categorization,25,full_List_10,pass,$${overridespreadsheet},full_List_10,60,phonetic categorization,show option,yef3xk,2,response,,,500,500,500,500,500,500,1,0,0,,Time Limit,screen,0,screen,phonetic categorization,din,din_15.wav,,,tin,din,,,,expo-10ms,15,,2,unlabeled,,,234,,exposure,A,C,5,8.94427190999916,d-right,d,
460,1784153043528,15/07/2026 22:04:03,1784153043528,-7,15/07/2026 15:04:03,269901,13,task-pkec,repeat-7r7d#1,57237405,,16361732,,complete,,,computer,Desktop or Laptop,Mac OS 10.15,Firefox 150.0,1470x956,1470x810,,,0,Phonetic categorization,25,full_List_10,pass,$${overridespreadsheet},full_List_10,60,phonetic categorization,soundplay,x8jhtp,3,info,audio started,,7.220000000001164,0,7.220000000001164,7.220000000001164,0,7.220000000001164,0,0,0,,Audio Clip,Audio,1,object-207,phonetic categorization,din,din_15.wav,,,tin,din,,,,expo-10ms,15,,2,unlabeled,,,234,,exposure,A,C,5,8.94427190999916,d-right,d,
461,1784153043903,15/07/2026 22:04:03,1784153043903,-7,15/07/2026 15:04:03,269901,13,task-pkec,repeat-7r7d#1,57237405,,16361732,,complete,,,computer,Desktop or Laptop,Mac OS 10.15,Firefox 150.0,1470x956,1470x810,,,0,Phonetic categorization,25,full_List_10,pass,$${overridespreadsheet},full_List_10,60,phonetic categorization,soundplay,x8jhtp,3,info,audio finished,,382.22000000000116,366.6600000000035,382.22000000000116,382.22000000000116,366.6600000000035,382.22000000000116,0,0,0,,Audio Clip,Audio,1,object-207,phonetic categorization,din,din_15.wav,,,tin,din,,,,expo-10ms,15,,2,unlabeled,,,234,,exposure,A,C,5,8.94427190999916,d-right,d,
462,1784153043903,15/07/2026 22:04:03,1784153043903,-7,15/07/2026 15:04:03,269901,13,task-pkec,repeat-7r7d#1,57237405,,16361732,,complete,,,computer,Desktop or Laptop,Mac OS 10.15,Firefox 150.0,1470x956,1470x810,,,0,Phonetic categorization,25,full_List_10,pass,$${overridespreadsheet},full_List_10,60,phonetic categorization,soundplay,x8jhtp,3,continue,,,383.22000000000116,366.6600000000035,383.22000000000116,383.22000000000116,366.6600000000035,383.22000000000116,0,0,0,,Audio Clip,Audio,1,object-207,phonetic categorization,din,din_15.wav,,,tin,din,,,,expo-10ms,15,,2,unlabeled,,,234,,exposure,A,C,5,8.94427190999916,d-right,d,
463,1784153044298,15/07/2026 22:04:04,1784153044298,-7,15/07/2026 15:04:04,269901,13,task-pkec,repeat-7r7d#1,57237405,,16361732,,complete,,,computer,Desktop or Laptop,Mac OS 10.15,Firefox 150.0,1470x956,1470x810,,,0,Phonetic categorization,25,full_List_10,pass,$${overridespreadsheet},full_List_10,60,phonetic categorization,2AFC,6i7z8o,4,response,din,,410.5599999999977,400,410.5599999999977,410.5599999999977,400,410.5599999999977,1,0,0,,Keyboard Response,Keyboard Response,1,object-119,phonetic categorization,din,din_15.wav,,,tin,din,,,,expo-10ms,15,,2,unlabeled,,,234,,exposure,A,C,5,8.94427190999916,d-right,d,
464,1784153045492,15/07/2026 22:04:05,1784153045492,-7,15/07/2026 15:04:05,269901,13,task-pkec,repeat-7r7d#1,57237405,,16361732,,complete,,,computer,Desktop or Laptop,Mac OS 10.15,Firefox 150.0,1470x956,1470x810,,,0,Phonetic categorization,25,full_List_10,pass,$${overridespreadsheet},full_List_10,60,phonetic categorization,1.2 second pause,dp6plq,5,timedOut,,,1202.5599999999977,1200,1202.5599999999977,1202.5599999999977,1200,1202.5599999999977,1,0,0,,Time Limit,screen,0,screen,phonetic categorization,din,din_15.wav,,,tin,din,,,,expo-10ms,15,,2,unlabeled,,,234,,exposure,A,C,5,8.94427190999916,d-right,d,
465,1784153096550,15/07/2026 22:04:56,1784153096550,-7,15/07/2026 15:04:56,269901,13,task-pkec,repeat-7r7d#1,57237405,,16361732,,complete,,,computer,Desktop or Laptop,Mac OS 10.15,Firefox 150.0,1470x956,1470x810,,,0,Phonetic categorization,25,full_List_10,pass,$${overridespreadsheet},full_List_10,1,break1,break,x1hiwl,1,continue,,,51062.56,51055.03999999998,51062.56,51062.56,51055.03999999998,51062.56,1,0,0,,Click To Continue,Continue Button,3,object-174,break1,,,,,,,,,,,,,,,,,,,,,,,,,,
466,1784153097048,15/07/2026 22:04:57,1784153097048,-7,15/07/2026 15:04:57,269901,13,task-pkec,repeat-7r7d#1,57237405,,16361732,,complete,,,computer,Desktop or Laptop,Mac OS 10.15,Firefox 150.0,1470x956,1470x810,,,0,Phonetic categorization,25,full_List_10,pass,$${overridespreadsheet},full_List_10,61,phonetic categorization,fixation,99n54d,1,response,,,500,500,500,500,500,500,0,0,0,,Time Limit,screen,0,screen,phonetic categorization,flare,flare.wav,,,flare,share,,,,expo-10ms,,,2,,,,234,,catch,A,C,,,d-right,,
467,1784153097542,15/07/2026 22:04:57,1784153097542,-7,15/07/2026 15:04:57,269901,13,task-pkec,repeat-7r7d#1,57237405,,16361732,,complete,,,computer,Desktop or Laptop,Mac OS 10.15,Firefox 150.0,1470x956,1470x810,,,0,Phonetic categorization,25,full_List_10,pass,$${overridespreadsheet},full_List_10,61,phonetic categorization,show option,yef3xk,2,response,,,499.4000000000233,499.4000000000233,499.4000000000233,499.4000000000233,499.4000000000233,499.4000000000233,1,0,0,,Time Limit,screen,0,screen,phonetic categorization,flare,flare.wav,,,flare,share,,,,expo-10ms,,,2,,,,234,,catch,A,C,,,d-right,,
468,1784153097545,15/07/2026 22:04:57,1784153097545,-7,15/07/2026 15:04:57,269901,13,task-pkec,repeat-7r7d#1,57237405,,16361732,,complete,,,computer,Desktop or Laptop,Mac OS 10.15,Firefox 150.0,1470x956,1470x810,,,0,Phonetic categorization,25,full_List_10,pass,$${overridespreadsheet},full_List_10,61,phonetic categorization,soundplay,x8jhtp,3,info,audio started,,2.1199999999953434,0,2.1199999999953434,2.1199999999953434,0,2.1199999999953434,0,0,0,,Audio Clip,Audio,1,object-207,phonetic categorization,flare,flare.wav,,,flare,share,,,,expo-10ms,,,2,,,,234,,catch,A,C,,,d-right,,
469,1784153098423,15/07/2026 22:04:58,1784153098423,-7,15/07/2026 15:04:58,269901,13,task-pkec,repeat-7r7d#1,57237405,,16361732,,complete,,,computer,Desktop or Laptop,Mac OS 10.15,Firefox 150.0,1470x956,1470x810,,,0,Phonetic categorization,25,full_List_10,pass,$${overridespreadsheet},full_List_10,61,phonetic categorization,soundplay,x8jhtp,3,info,audio finished,,882.1199999999953,867.2799999999697,882.1199999999953,882.1199999999953,867.2799999999697,882.1199999999953,0,0,0,,Audio Clip,Audio,1,object-207,phonetic categorization,flare,flare.wav,,,flare,share,,,,expo-10ms,,,2,,,,234,,catch,A,C,,,d-right,,
470,1784153098425,15/07/2026 22:04:58,1784153098425,-7,15/07/2026 15:04:58,269901,13,task-pkec,repeat-7r7d#1,57237405,,16361732,,complete,,,computer,Desktop or Laptop,Mac OS 10.15,Firefox 150.0,1470x956,1470x810,,,0,Phonetic categorization,25,full_List_10,pass,$${overridespreadsheet},full_List_10,61,phonetic categorization,soundplay,x8jhtp,3,continue,,,883.1199999999953,867.2799999999697,883.1199999999953,883.1199999999953,867.2799999999697,883.1199999999953,0,0,0,,Audio Clip,Audio,1,object-207,phonetic categorization,flare,flare.wav,,,flare,share,,,,expo-10ms,,,2,,,,234,,catch,A,C,,,d-right,,
471,1784153098719,15/07/2026 22:04:58,1784153098719,-7,15/07/2026 15:04:58,269901,13,task-pkec,repeat-7r7d#1,57237405,,16361732,,complete,,,computer,Desktop or Laptop,Mac OS 10.15,Firefox 150.0,1470x956,1470x810,,,0,Phonetic categorization,25,full_List_10,pass,$${overridespreadsheet},full_List_10,61,phonetic categorization,2AFC,6i7z8o,4,response,flare,,308.8400000000256,300,308.8400000000256,308.8400000000256,300,308.8400000000256,1,0,0,,Keyboard Response,Keyboard Response,1,object-119,phonetic categorization,flare,flare.wav,,,flare,share,,,,expo-10ms,,,2,,,,234,,catch,A,C,,,d-right,,
472,1784153099911,15/07/2026 22:04:59,1784153099911,-7,15/07/2026 15:04:59,269901,13,task-pkec,repeat-7r7d#1,57237405,,16361732,,complete,,,computer,Desktop or Laptop,Mac OS 10.15,Firefox 150.0,1470x956,1470x810,,,0,Phonetic categorization,25,full_List_10,pass,$${overridespreadsheet},full_List_10,61,phonetic categorization,1.2 second pause,dp6plq,5,timedOut,,,1200.8400000000256,1200,1200.8400000000256,1200.8400000000256,1200,1200.8400000000256,1,0,0,,Time Limit,screen,0,screen,phonetic categorization,flare,flare.wav,,,flare,share,,,,expo-10ms,,,2,,,,234,,catch,A,C,,,d-right,,
473,1784153100412,15/07/2026 22:05:00,1784153100412,-7,15/07/2026 15:05:00,269901,13,task-pkec,repeat-7r7d#1,57237405,,16361732,,complete,,,computer,Desktop or Laptop,Mac OS 10.15,Firefox 150.0,1470x956,1470x810,,,0,Phonetic categorization,25,full_List_10,pass,$${overridespreadsheet},full_List_10,62,phonetic categorization,fixation,99n54d,1,response,,,500,500,500,500,500,500,0,0,0,,Time Limit,screen,0,screen,phonetic categorization,din,din_20.wav,,,din,dill,,,,expo-10ms,20,,2,labeled,,,234,,exposure,A,C,5,8.94427190999916,d-right,d,
474,1784153100912,15/07/2026 22:05:00,1784153100912,-7,15/07/2026 15:05:00,269901,13,task-pkec,repeat-7r7d#1,57237405,,16361732,,complete,,,computer,Desktop or Laptop,Mac OS 10.15,Firefox 150.0,1470x956,1470x810,,,0,Phonetic categorization,25,full_List_10,pass,$${overridespreadsheet},full_List_10,62,phonetic categorization,show option,yef3xk,2,response,,,500,500,500,500,500,500,1,0,0,,Time Limit,screen,0,screen,phonetic categorization,din,din_20.wav,,,din,dill,,,,expo-10ms,20,,2,labeled,,,234,,exposure,A,C,5,8.94427190999916,d-right,d,
475,1784153100918,15/07/2026 22:05:00,1784153100918,-7,15/07/2026 15:05:00,269901,13,task-pkec,repeat-7r7d#1,57237405,,16361732,,complete,,,computer,Desktop or Laptop,Mac OS 10.15,Firefox 150.0,1470x956,1470x810,,,0,Phonetic categorization,25,full_List_10,pass,$${overridespreadsheet},full_List_10,62,phonetic categorization,soundplay,x8jhtp,3,info,audio started,,8.840000000025611,0,8.840000000025611,8.840000000025611,0,8.840000000025611,0,0,0,,Audio Clip,Audio,1,object-207,phonetic categorization,din,din_20.wav,,,din,dill,,,,expo-10ms,20,,2,labeled,,,234,,exposure,A,C,5,8.94427190999916,d-right,d,
476,1784153101254,15/07/2026 22:05:01,1784153101254,-7,15/07/2026 15:05:01,269901,13,task-pkec,repeat-7r7d#1,57237405,,16361732,,complete,,,computer,Desktop or Laptop,Mac OS 10.15,Firefox 150.0,1470x956,1470x810,,,0,Phonetic categorization,25,full_List_10,pass,$${overridespreadsheet},full_List_10,62,phonetic categorization,soundplay,x8jhtp,3,info,audio finished,,344.8400000000256,333.320000000007,344.8400000000256,344.8400000000256,333.320000000007,344.8400000000256,0,0,0,,Audio Clip,Audio,1,object-207,phonetic categorization,din,din_20.wav,,,din,dill,,,,expo-10ms,20,,2,labeled,,,234,,exposure,A,C,5,8.94427190999916,d-right,d,
477,1784153101255,15/07/2026 22:05:01,1784153101255,-7,15/07/2026 15:05:01,269901,13,task-pkec,repeat-7r7d#1,57237405,,16361732,,complete,,,computer,Desktop or Laptop,Mac OS 10.15,Firefox 150.0,1470x956,1470x810,,,0,Phonetic categorization,25,full_List_10,pass,$${overridespreadsheet},full_List_10,62,phonetic categorization,soundplay,x8jhtp,3,continue,,,345.8400000000256,333.320000000007,345.8400000000256,345.8400000000256,333.320000000007,345.8400000000256,0,0,0,,Audio Clip,Audio,1,object-207,phonetic categorization,din,din_20.wav,,,din,dill,,,,expo-10ms,20,,2,labeled,,,234,,exposure,A,C,5,8.94427190999916,d-right,d,
478,1784153101665,15/07/2026 22:05:01,1784153101665,-7,15/07/2026 15:05:01,269901,13,task-pkec,repeat-7r7d#1,57237405,,16361732,,complete,,,computer,Desktop or Laptop,Mac OS 10.15,Firefox 150.0,1470x956,1470x810,,,0,Phonetic categorization,25,full_List_10,pass,$${overridespreadsheet},full_List_10,62,phonetic categorization,2AFC,6i7z8o,4,response,din,,422.5200000000186,416.679999999993,422.5200000000186,422.5200000000186,416.679999999993,422.5200000000186,1,0,0,,Keyboard Response,Keyboard Response,1,object-119,phonetic categorization,din,din_20.wav,,,din,dill,,,,expo-10ms,20,,2,labeled,,,234,,exposure,A,C,5,8.94427190999916,d-right,d,
479,1784153102863,15/07/2026 22:05:02,1784153102863,-7,15/07/2026 15:05:02,269901,13,task-pkec,repeat-7r7d#1,57237405,,16361732,,complete,,,computer,Desktop or Laptop,Mac OS 10.15,Firefox 150.0,1470x956,1470x810,,,0,Phonetic categorization,25,full_List_10,pass,$${overridespreadsheet},full_List_10,62,phonetic categorization,1.2 second pause,dp6plq,5,timedOut,,,1203.8400000000256,1200,1203.8400000000256,1203.8400000000256,1200,1203.8400000000256,1,0,0,,Time Limit,screen,0,screen,phonetic categorization,din,din_20.wav,,,din,dill,,,,expo-10ms,20,,2,labeled,,,234,,exposure,A,C,5,8.94427190999916,d-right,d,
480,1784153103360,15/07/2026 22:05:03,1784153103360,-7,15/07/2026 15:05:03,269901,13,task-pkec,repeat-7r7d#1,57237405,,16361732,,complete,,,computer,Desktop or Laptop,Mac OS 10.15,Firefox 150.0,1470x956,1470x810,,,0,Phonetic categorization,25,full_List_10,pass,$${overridespreadsheet},full_List_10,63,phonetic categorization,fixation,99n54d,1,response,,,500,500,500,500,500,500,0,0,0,,Time Limit,screen,0,screen,phonetic categorization,till,dill_35.wav,,,tin,till,,,,expo-10ms,35,,2,labeled,,,234,,exposure,A,C,50,16.431676725155,d-right,t,
481,1784153103861,15/07/2026 22:05:03,1784153103861,-7,15/07/2026 15:05:03,269901,13,task-pkec,repeat-7r7d#1,57237405,,16361732,,complete,,,computer,Desktop or Laptop,Mac OS 10.15,Firefox 150.0,1470x956,1470x810,,,0,Phonetic categorization,25,full_List_10,pass,$${overridespreadsheet},full_List_10,63,phonetic categorization,show option,yef3xk,2,response,,,500,500,500,500,500,500,1,0,0,,Time Limit,screen,0,screen,phonetic categorization,till,dill_35.wav,,,tin,till,,,,expo-10ms,35,,2,labeled,,,234,,exposure,A,C,50,16.431676725155,d-right,t,
482,1784153103868,15/07/2026 22:05:03,1784153103868,-7,15/07/2026 15:05:03,269901,13,task-pkec,repeat-7r7d#1,57237405,,16361732,,complete,,,computer,Desktop or Laptop,Mac OS 10.15,Firefox 150.0,1470x956,1470x810,,,0,Phonetic categorization,25,full_List_10,pass,$${overridespreadsheet},full_List_10,63,phonetic categorization,soundplay,x8jhtp,3,info,audio started,,9.840000000025611,0,9.840000000025611,9.840000000025611,0,9.840000000025611,0,0,0,,Audio Clip,Audio,1,object-207,phonetic categorization,till,dill_35.wav,,,tin,till,,,,expo-10ms,35,,2,labeled,,,234,,exposure,A,C,50,16.431676725155,d-right,t,
483,1784153104233,15/07/2026 22:05:04,1784153104233,-7,15/07/2026 15:05:04,269901,13,task-pkec,repeat-7r7d#1,57237405,,16361732,,complete,,,computer,Desktop or Laptop,Mac OS 10.15,Firefox 150.0,1470x956,1470x810,,,0,Phonetic categorization,25,full_List_10,pass,$${overridespreadsheet},full_List_10,63,phonetic categorization,soundplay,x8jhtp,3,info,audio finished,,372.8400000000256,366.6600000000326,372.8400000000256,372.8400000000256,366.6600000000326,372.8400000000256,0,0,0,,Audio Clip,Audio,1,object-207,phonetic categorization,till,dill_35.wav,,,tin,till,,,,expo-10ms,35,,2,labeled,,,234,,exposure,A,C,50,16.431676725155,d-right,t,
484,1784153104233,15/07/2026 22:05:04,1784153104233,-7,15/07/2026 15:05:04,269901,13,task-pkec,repeat-7r7d#1,57237405,,16361732,,complete,,,computer,Desktop or Laptop,Mac OS 10.15,Firefox 150.0,1470x956,1470x810,,,0,Phonetic categorization,25,full_List_10,pass,$${overridespreadsheet},full_List_10,63,phonetic categorization,soundplay,x8jhtp,3,continue,,,372.8400000000256,366.6600000000326,372.8400000000256,372.8400000000256,366.6600000000326,372.8400000000256,0,0,0,,Audio Clip,Audio,1,object-207,phonetic categorization,till,dill_35.wav,,,tin,till,,,,expo-10ms,35,,2,labeled,,,234,,exposure,A,C,50,16.431676725155,d-right,t,
485,1784153104914,15/07/2026 22:05:04,1784153104914,-7,15/07/2026 15:05:04,269901,13,task-pkec,repeat-7r7d#1,57237405,,16361732,,complete,,,computer,Desktop or Laptop,Mac OS 10.15,Firefox 150.0,1470x956,1470x810,,,0,Phonetic categorization,25,full_List_10,pass,$${overridespreadsheet},full_List_10,63,phonetic categorization,2AFC,6i7z8o,4,response,till,,688.179999999993,683.3399999999674,688.179999999993,688.179999999993,683.3399999999674,688.179999999993,1,0,0,,Keyboard Response,Keyboard Response,1,object-119,phonetic categorization,till,dill_35.wav,,,tin,till,,,,expo-10ms,35,,2,labeled,,,234,,exposure,A,C,50,16.431676725155,d-right,t,
486,1784153106113,15/07/2026 22:05:06,1784153106113,-7,15/07/2026 15:05:06,269901,13,task-pkec,repeat-7r7d#1,57237405,,16361732,,complete,,,computer,Desktop or Laptop,Mac OS 10.15,Firefox 150.0,1470x956,1470x810,,,0,Phonetic categorization,25,full_List_10,pass,$${overridespreadsheet},full_List_10,63,phonetic categorization,1.2 second pause,dp6plq,5,timedOut,,,1202.8400000000256,1200,1202.8400000000256,1202.8400000000256,1200,1202.8400000000256,1,0,0,,Time Limit,screen,0,screen,phonetic categorization,till,dill_35.wav,,,tin,till,,,,expo-10ms,35,,2,labeled,,,234,,exposure,A,C,50,16.431676725155,d-right,t,
487,1784153106611,15/07/2026 22:05:06,1784153106611,-7,15/07/2026 15:05:06,269901,13,task-pkec,repeat-7r7d#1,57237405,,16361732,,complete,,,computer,Desktop or Laptop,Mac OS 10.15,Firefox 150.0,1470x956,1470x810,,,0,Phonetic categorization,25,full_List_10,pass,$${overridespreadsheet},full_List_10,64,phonetic categorization,fixation,99n54d,1,response,,,500,500,500,500,500,500,0,0,0,,Time Limit,screen,0,screen,phonetic categorization,tin,din_60.wav,,,till,tin,,,,expo-10ms,60,,2,labeled,,,234,,exposure,A,C,50,16.431676725155,d-right,t,
488,1784153107113,15/07/2026 22:05:07,1784153107113,-7,15/07/2026 15:05:07,269901,13,task-pkec,repeat-7r7d#1,57237405,,16361732,,complete,,,computer,Desktop or Laptop,Mac OS 10.15,Firefox 150.0,1470x956,1470x810,,,0,Phonetic categorization,25,full_List_10,pass,$${overridespreadsheet},full_List_10,64,phonetic categorization,show option,yef3xk,2,response,,,500,500,500,500,500,500,1,0,0,,Time Limit,screen,0,screen,phonetic categorization,tin,din_60.wav,,,till,tin,,,,expo-10ms,60,,2,labeled,,,234,,exposure,A,C,50,16.431676725155,d-right,t,
489,1784153107119,15/07/2026 22:05:07,1784153107119,-7,15/07/2026 15:05:07,269901,13,task-pkec,repeat-7r7d#1,57237405,,16361732,,complete,,,computer,Desktop or Laptop,Mac OS 10.15,Firefox 150.0,1470x956,1470x810,,,0,Phonetic categorization,25,full_List_10,pass,$${overridespreadsheet},full_List_10,64,phonetic categorization,soundplay,x8jhtp,3,info,audio started,,9.840000000025611,0,9.840000000025611,9.840000000025611,0,9.840000000025611,0,0,0,,Audio Clip,Audio,1,object-207,phonetic categorization,tin,din_60.wav,,,till,tin,,,,expo-10ms,60,,2,labeled,,,234,,exposure,A,C,50,16.431676725155,d-right,t,
490,1784153107486,15/07/2026 22:05:07,1784153107486,-7,15/07/2026 15:05:07,269901,13,task-pkec,repeat-7r7d#1,57237405,,16361732,,complete,,,computer,Desktop or Laptop,Mac OS 10.15,Firefox 150.0,1470x956,1470x810,,,0,Phonetic categorization,25,full_List_10,pass,$${overridespreadsheet},full_List_10,64,phonetic categorization,soundplay,x8jhtp,3,info,audio finished,,376.8400000000256,366.6600000000326,376.8400000000256,376.8400000000256,366.6600000000326,376.8400000000256,0,0,0,,Audio Clip,Audio,1,object-207,phonetic categorization,tin,din_60.wav,,,till,tin,,,,expo-10ms,60,,2,labeled,,,234,,exposure,A,C,50,16.431676725155,d-right,t,
491,1784153107487,15/07/2026 22:05:07,1784153107487,-7,15/07/2026 15:05:07,269901,13,task-pkec,repeat-7r7d#1,57237405,,16361732,,complete,,,computer,Desktop or Laptop,Mac OS 10.15,Firefox 150.0,1470x956,1470x810,,,0,Phonetic categorization,25,full_List_10,pass,$${overridespreadsheet},full_List_10,64,phonetic categorization,soundplay,x8jhtp,3,continue,,,377.8400000000256,366.6600000000326,377.8400000000256,377.8400000000256,366.6600000000326,377.8400000000256,0,0,0,,Audio Clip,Audio,1,object-207,phonetic categorization,tin,din_60.wav,,,till,tin,,,,expo-10ms,60,,2,labeled,,,234,,exposure,A,C,50,16.431676725155,d-right,t,
492,1784153107955,15/07/2026 22:05:07,1784153107955,-7,15/07/2026 15:05:07,269901,13,task-pkec,repeat-7r7d#1,57237405,,16361732,,complete,,,computer,Desktop or Laptop,Mac OS 10.15,Firefox 150.0,1470x956,1470x810,,,0,Phonetic categorization,25,full_List_10,pass,$${overridespreadsheet},full_List_10,64,phonetic categorization,2AFC,6i7z8o,4,response,tin,,478.179999999993,466.6599999999744,478.179999999993,478.179999999993,466.6599999999744,478.179999999993,1,0,0,,Keyboard Response,Keyboard Response,1,object-119,phonetic categorization,tin,din_60.wav,,,till,tin,,,,expo-10ms,60,,2,labeled,,,234,,exposure,A,C,50,16.431676725155,d-right,t,
493,1784153109149,15/07/2026 22:05:09,1784153109149,-7,15/07/2026 15:05:09,269901,13,task-pkec,repeat-7r7d#1,57237405,,16361732,,complete,,,computer,Desktop or Laptop,Mac OS 10.15,Firefox 150.0,1470x956,1470x810,,,0,Phonetic categorization,25,full_List_10,pass,$${overridespreadsheet},full_List_10,64,phonetic categorization,1.2 second pause,dp6plq,5,timedOut,,,1204.5200000000186,1200,1204.5200000000186,1204.5200000000186,1200,1204.5200000000186,1,0,0,,Time Limit,screen,0,screen,phonetic categorization,tin,din_60.wav,,,till,tin,,,,expo-10ms,60,,2,labeled,,,234,,exposure,A,C,50,16.431676725155,d-right,t,
494,1784153109647,15/07/2026 22:05:09,1784153109647,-7,15/07/2026 15:05:09,269901,13,task-pkec,repeat-7r7d#1,57237405,,16361732,,complete,,,computer,Desktop or Laptop,Mac OS 10.15,Firefox 150.0,1470x956,1470x810,,,0,Phonetic categorization,25,full_List_10,pass,$${overridespreadsheet},full_List_10,65,phonetic categorization,fixation,99n54d,1,response,,,500,500,500,500,500,500,0,0,0,,Time Limit,screen,0,screen,phonetic categorization,dip,dip_10.wav,,,din,dip,,,,expo-10ms,10,,2,labeled,,,234,,exposure,A,C,5,8.94427190999916,d-right,d,
495,1784153110144,15/07/2026 22:05:10,1784153110144,-7,15/07/2026 15:05:10,269901,13,task-pkec,repeat-7r7d#1,57237405,,16361732,,complete,,,computer,Desktop or Laptop,Mac OS 10.15,Firefox 150.0,1470x956,1470x810,,,0,Phonetic categorization,25,full_List_10,pass,$${overridespreadsheet},full_List_10,65,phonetic categorization,show option,yef3xk,2,response,,,500,500,500,500,500,500,1,0,0,,Time Limit,screen,0,screen,phonetic categorization,dip,dip_10.wav,,,din,dip,,,,expo-10ms,10,,2,labeled,,,234,,exposure,A,C,5,8.94427190999916,d-right,d,
496,1784153110148,15/07/2026 22:05:10,1784153110148,-7,15/07/2026 15:05:10,269901,13,task-pkec,repeat-7r7d#1,57237405,,16361732,,complete,,,computer,Desktop or Laptop,Mac OS 10.15,Firefox 150.0,1470x956,1470x810,,,0,Phonetic categorization,25,full_List_10,pass,$${overridespreadsheet},full_List_10,65,phonetic categorization,soundplay,x8jhtp,3,info,audio started,,5.5200000000186265,0,5.5200000000186265,5.5200000000186265,0,5.5200000000186265,0,0,0,,Audio Clip,Audio,1,object-207,phonetic categorization,dip,dip_10.wav,,,din,dip,,,,expo-10ms,10,,2,labeled,,,234,,exposure,A,C,5,8.94427190999916,d-right,d,
497,1784153110558,15/07/2026 22:05:10,1784153110558,-7,15/07/2026 15:05:10,269901,13,task-pkec,repeat-7r7d#1,57237405,,16361732,,complete,,,computer,Desktop or Laptop,Mac OS 10.15,Firefox 150.0,1470x956,1470x810,,,0,Phonetic categorization,25,full_List_10,pass,$${overridespreadsheet},full_List_10,65,phonetic categorization,soundplay,x8jhtp,3,info,audio finished,,416.5200000000186,400,416.5200000000186,416.5200000000186,400,416.5200000000186,0,0,0,,Audio Clip,Audio,1,object-207,phonetic categorization,dip,dip_10.wav,,,din,dip,,,,expo-10ms,10,,2,labeled,,,234,,exposure,A,C,5,8.94427190999916,d-right,d,
498,1784153110559,15/07/2026 22:05:10,1784153110559,-7,15/07/2026 15:05:10,269901,13,task-pkec,repeat-7r7d#1,57237405,,16361732,,complete,,,computer,Desktop or Laptop,Mac OS 10.15,Firefox 150.0,1470x956,1470x810,,,0,Phonetic categorization,25,full_List_10,pass,$${overridespreadsheet},full_List_10,65,phonetic categorization,soundplay,x8jhtp,3,continue,,,416.5200000000186,400,416.5200000000186,416.5200000000186,400,416.5200000000186,0,0,0,,Audio Clip,Audio,1,object-207,phonetic categorization,dip,dip_10.wav,,,din,dip,,,,expo-10ms,10,,2,labeled,,,234,,exposure,A,C,5,8.94427190999916,d-right,d,
499,1784153110914,15/07/2026 22:05:10,1784153110914,-7,15/07/2026 15:05:10,269901,13,task-pkec,repeat-7r7d#1,57237405,,16361732,,complete,,,computer,Desktop or Laptop,Mac OS 10.15,Firefox 150.0,1470x956,1470x810,,,0,Phonetic categorization,25,full_List_10,pass,$${overridespreadsheet},full_List_10,65,phonetic categorization,2AFC,6i7z8o,4,response,dip,,370.5200000000186,366.679999999993,370.5200000000186,370.5200000000186,366.679999999993,370.5200000000186,1,0,0,,Keyboard Response,Keyboard Response,1,object-119,phonetic categorization,dip,dip_10.wav,,,din,dip,,,,expo-10ms,10,,2,labeled,,,234,,exposure,A,C,5,8.94427190999916,d-right,d,
500,1784153112112,15/07/2026 22:05:12,1784153112112,-7,15/07/2026 15:05:12,269901,13,task-pkec,repeat-7r7d#1,57237405,,16361732,,complete,,,computer,Desktop or Laptop,Mac OS 10.15,Firefox 150.0,1470x956,1470x810,,,0,Phonetic categorization,25,full_List_10,pass,$${overridespreadsheet},full_List_10,65,phonetic categorization,1.2 second pause,dp6plq,5,timedOut,,,1202.8400000000256,1200,1202.8400000000256,1202.8400000000256,1200,1202.8400000000256,1,0,0,,Time Limit,screen,0,screen,phonetic categorization,dip,dip_10.wav,,,din,dip,,,,expo-10ms,10,,2,labeled,,,234,,exposure,A,C,5,8.94427190999916,d-right,d,
501,1784153112613,15/07/2026 22:05:12,1784153112613,-7,15/07/2026 15:05:12,269901,13,task-pkec,repeat-7r7d#1,57237405,,16361732,,complete,,,computer,Desktop or Laptop,Mac OS 10.15,Firefox 150.0,1470x956,1470x810,,,0,Phonetic categorization,25,full_List_10,pass,$${overridespreadsheet},full_List_10,66,phonetic categorization,fixation,99n54d,1,response,,,500,500,500,500,500,500,0,0,0,,Time Limit,screen,0,screen,phonetic categorization,flare,flare.wav,,,flare,share,,,,expo-10ms,,,2,,,,234,,catch,A,C,,,d-right,,
502,1784153113110,15/07/2026 22:05:13,1784153113110,-7,15/07/2026 15:05:13,269901,13,task-pkec,repeat-7r7d#1,57237405,,16361732,,complete,,,computer,Desktop or Laptop,Mac OS 10.15,Firefox 150.0,1470x956,1470x810,,,0,Phonetic categorization,25,full_List_10,pass,$${overridespreadsheet},full_List_10,66,phonetic categorization,show option,yef3xk,2,response,,,500,500,500,500,500,500,1,0,0,,Time Limit,screen,0,screen,phonetic categorization,flare,flare.wav,,,flare,share,,,,expo-10ms,,,2,,,,234,,catch,A,C,,,d-right,,
503,1784153113116,15/07/2026 22:05:13,1784153113116,-7,15/07/2026 15:05:13,269901,13,task-pkec,repeat-7r7d#1,57237405,,16361732,,complete,,,computer,Desktop or Laptop,Mac OS 10.15,Firefox 150.0,1470x956,1470x810,,,0,Phonetic categorization,25,full_List_10,pass,$${overridespreadsheet},full_List_10,66,phonetic categorization,soundplay,x8jhtp,3,info,audio started,,7.840000000025611,0,7.840000000025611,7.840000000025611,0,7.840000000025611,0,0,0,,Audio Clip,Audio,1,object-207,phonetic categorization,flare,flare.wav,,,flare,share,,,,expo-10ms,,,2,,,,234,,catch,A,C,,,d-right,,
504,1784153113612,15/07/2026 22:05:13,1784153113612,-7,15/07/2026 15:05:13,269901,13,task-pkec,repeat-7r7d#1,57237405,,16361732,,complete,,,computer,Desktop or Laptop,Mac OS 10.15,Firefox 150.0,1470x956,1470x810,,,0,Phonetic categorization,25,full_List_10,pass,$${overridespreadsheet},full_List_10,66,phonetic categorization,soundplay,x8jhtp,3,info,audio finished,,499.9799999999814,483.320000000007,499.9799999999814,499.9799999999814,483.320000000007,499.9799999999814,0,0,0,,Audio Clip,Audio,1,object-207,phonetic categorization,flare,flare.wav,,,flare,share,,,,expo-10ms,,,2,,,,234,,catch,A,C,,,d-right,,
505,1784153113613,15/07/2026 22:05:13,1784153113613,-7,15/07/2026 15:05:13,269901,13,task-pkec,repeat-7r7d#1,57237405,,16361732,,complete,,,computer,Desktop or Laptop,Mac OS 10.15,Firefox 150.0,1470x956,1470x810,,,0,Phonetic categorization,25,full_List_10,pass,$${overridespreadsheet},full_List_10,66,phonetic categorization,soundplay,x8jhtp,3,continue,,,499.9799999999814,483.320000000007,499.9799999999814,499.9799999999814,483.320000000007,499.9799999999814,0,0,0,,Audio Clip,Audio,1,object-207,phonetic categorization,flare,flare.wav,,,flare,share,,,,expo-10ms,,,2,,,,234,,catch,A,C,,,d-right,,
506,1784153113835,15/07/2026 22:05:13,1784153113835,-7,15/07/2026 15:05:13,269901,13,task-pkec,repeat-7r7d#1,57237405,,16361732,,complete,,,computer,Desktop or Laptop,Mac OS 10.15,Firefox 150.0,1470x956,1470x810,,,0,Phonetic categorization,25,full_List_10,pass,$${overridespreadsheet},full_List_10,66,phonetic categorization,2AFC,6i7z8o,4,response,flare,,242.52000000001863,233.3400000000256,242.52000000001863,242.52000000001863,233.3400000000256,242.52000000001863,1,0,0,,Keyboard Response,Keyboard Response,1,object-119,phonetic categorization,flare,flare.wav,,,flare,share,,,,expo-10ms,,,2,,,,234,,catch,A,C,,,d-right,,
507,1784153115030,15/07/2026 22:05:15,1784153115030,-7,15/07/2026 15:05:15,269901,13,task-pkec,repeat-7r7d#1,57237405,,16361732,,complete,,,computer,Desktop or Laptop,Mac OS 10.15,Firefox 150.0,1470x956,1470x810,,,0,Phonetic categorization,25,full_List_10,pass,$${overridespreadsheet},full_List_10,66,phonetic categorization,1.2 second pause,dp6plq,5,timedOut,,,1204.179999999993,1200,1204.179999999993,1204.179999999993,1200,1204.179999999993,1,0,0,,Time Limit,screen,0,screen,phonetic categorization,flare,flare.wav,,,flare,share,,,,expo-10ms,,,2,,,,234,,catch,A,C,,,d-right,,
508,1784153115529,15/07/2026 22:05:15,1784153115529,-7,15/07/2026 15:05:15,269901,13,task-pkec,repeat-7r7d#1,57237405,,16361732,,complete,,,computer,Desktop or Laptop,Mac OS 10.15,Firefox 150.0,1470x956,1470x810,,,0,Phonetic categorization,25,full_List_10,pass,$${overridespreadsheet},full_List_10,67,phonetic categorization,fixation,99n54d,1,response,,,500,500,500,500,500,500,1,0,0,,Time Limit,screen,0,screen,phonetic categorization,dill,dill_70.wav,,,till,dill,,,,,70,,3,,,,234,,test,,T2,,,d-right,,
509,1784153116027,15/07/2026 22:05:16,1784153116027,-7,15/07/2026 15:05:16,269901,13,task-pkec,repeat-7r7d#1,57237405,,16361732,,complete,,,computer,Desktop or Laptop,Mac OS 10.15,Firefox 150.0,1470x956,1470x810,,,0,Phonetic categorization,25,full_List_10,pass,$${overridespreadsheet},full_List_10,67,phonetic categorization,show option,yef3xk,2,response,,,500,500,500,500,500,500,1,0,0,,Time Limit,screen,0,screen,phonetic categorization,dill,dill_70.wav,,,till,dill,,,,,70,,3,,,,234,,test,,T2,,,d-right,,
510,1784153116033,15/07/2026 22:05:16,1784153116033,-7,15/07/2026 15:05:16,269901,13,task-pkec,repeat-7r7d#1,57237405,,16361732,,complete,,,computer,Desktop or Laptop,Mac OS 10.15,Firefox 150.0,1470x956,1470x810,,,0,Phonetic categorization,25,full_List_10,pass,$${overridespreadsheet},full_List_10,67,phonetic categorization,soundplay,x8jhtp,3,info,audio started,,7.179999999993015,0,7.179999999993015,7.179999999993015,0,7.179999999993015,0,0,0,,Audio Clip,Audio,1,object-207,phonetic categorization,dill,dill_70.wav,,,till,dill,,,,,70,,3,,,,234,,test,,T2,,,d-right,,
511,1784153116418,15/07/2026 22:05:16,1784153116418,-7,15/07/2026 15:05:16,269901,13,task-pkec,repeat-7r7d#1,57237405,,16361732,,complete,,,computer,Desktop or Laptop,Mac OS 10.15,Firefox 150.0,1470x956,1470x810,,,0,Phonetic categorization,25,full_List_10,pass,$${overridespreadsheet},full_List_10,67,phonetic categorization,soundplay,x8jhtp,3,info,audio finished,,392.179999999993,383.3399999999674,392.179999999993,392.179999999993,383.3399999999674,392.179999999993,0,0,0,,Audio Clip,Audio,1,object-207,phonetic categorization,dill,dill_70.wav,,,till,dill,,,,,70,,3,,,,234,,test,,T2,,,d-right,,
512,1784153116419,15/07/2026 22:05:16,1784153116419,-7,15/07/2026 15:05:16,269901,13,task-pkec,repeat-7r7d#1,57237405,,16361732,,complete,,,computer,Desktop or Laptop,Mac OS 10.15,Firefox 150.0,1470x956,1470x810,,,0,Phonetic categorization,25,full_List_10,pass,$${overridespreadsheet},full_List_10,67,phonetic categorization,soundplay,x8jhtp,3,continue,,,393.179999999993,383.3399999999674,393.179999999993,393.179999999993,383.3399999999674,393.179999999993,1,0,0,,Audio Clip,Audio,1,object-207,phonetic categorization,dill,dill_70.wav,,,till,dill,,,,,70,,3,,,,234,,test,,T2,,,d-right,,
513,1784153116767,15/07/2026 22:05:16,1784153116767,-7,15/07/2026 15:05:16,269901,13,task-pkec,repeat-7r7d#1,57237405,,16361732,,complete,,,computer,Desktop or Laptop,Mac OS 10.15,Firefox 150.0,1470x956,1470x810,,,0,Phonetic categorization,25,full_List_10,pass,$${overridespreadsheet},full_List_10,67,phonetic categorization,2AFC,6i7z8o,4,response,till,,355.8400000000256,350,355.8400000000256,355.8400000000256,350,355.8400000000256,0,0,0,,Keyboard Response,Keyboard Response,1,object-119,phonetic categorization,dill,dill_70.wav,,,till,dill,,,,,70,,3,,,,234,,test,,T2,,,d-right,,
514,1784153117962,15/07/2026 22:05:17,1784153117962,-7,15/07/2026 15:05:17,269901,13,task-pkec,repeat-7r7d#1,57237405,,16361732,,complete,,,computer,Desktop or Laptop,Mac OS 10.15,Firefox 150.0,1470x956,1470x810,,,0,Phonetic categorization,25,full_List_10,pass,$${overridespreadsheet},full_List_10,67,phonetic categorization,1.2 second pause,dp6plq,5,timedOut,,,1202.8400000000256,1200,1202.8400000000256,1202.8400000000256,1200,1202.8400000000256,1,0,0,,Time Limit,screen,0,screen,phonetic categorization,dill,dill_70.wav,,,till,dill,,,,,70,,3,,,,234,,test,,T2,,,d-right,,
515,1784153118462,15/07/2026 22:05:18,1784153118462,-7,15/07/2026 15:05:18,269901,13,task-pkec,repeat-7r7d#1,57237405,,16361732,,complete,,,computer,Desktop or Laptop,Mac OS 10.15,Firefox 150.0,1470x956,1470x810,,,0,Phonetic categorization,25,full_List_10,pass,$${overridespreadsheet},full_List_10,68,phonetic categorization,fixation,99n54d,1,response,,,500,500,500,500,500,500,1,0,0,,Time Limit,screen,0,screen,phonetic categorization,dill,dill_45.wav,,,till,dill,,,,,45,,3,,,,234,,test,,T2,,,d-right,,
516,1784153118960,15/07/2026 22:05:18,1784153118960,-7,15/07/2026 15:05:18,269901,13,task-pkec,repeat-7r7d#1,57237405,,16361732,,complete,,,computer,Desktop or Laptop,Mac OS 10.15,Firefox 150.0,1470x956,1470x810,,,0,Phonetic categorization,25,full_List_10,pass,$${overridespreadsheet},full_List_10,68,phonetic categorization,show option,yef3xk,2,response,,,500,500,500,500,500,500,1,0,0,,Time Limit,screen,0,screen,phonetic categorization,dill,dill_45.wav,,,till,dill,,,,,45,,3,,,,234,,test,,T2,,,d-right,,
517,1784153118966,15/07/2026 22:05:18,1784153118966,-7,15/07/2026 15:05:18,269901,13,task-pkec,repeat-7r7d#1,57237405,,16361732,,complete,,,computer,Desktop or Laptop,Mac OS 10.15,Firefox 150.0,1470x956,1470x810,,,0,Phonetic categorization,25,full_List_10,pass,$${overridespreadsheet},full_List_10,68,phonetic categorization,soundplay,x8jhtp,3,info,audio started,,7.840000000025611,0,7.840000000025611,7.840000000025611,0,7.840000000025611,0,0,0,,Audio Clip,Audio,1,object-207,phonetic categorization,dill,dill_45.wav,,,till,dill,,,,,45,,3,,,,234,,test,,T2,,,d-right,,
518,1784153119334,15/07/2026 22:05:19,1784153119334,-7,15/07/2026 15:05:19,269901,13,task-pkec,repeat-7r7d#1,57237405,,16361732,,complete,,,computer,Desktop or Laptop,Mac OS 10.15,Firefox 150.0,1470x956,1470x810,,,0,Phonetic categorization,25,full_List_10,pass,$${overridespreadsheet},full_List_10,68,phonetic categorization,soundplay,x8jhtp,3,info,audio finished,,374.8400000000256,366.6600000000326,374.8400000000256,374.8400000000256,366.6600000000326,374.8400000000256,0,0,0,,Audio Clip,Audio,1,object-207,phonetic categorization,dill,dill_45.wav,,,till,dill,,,,,45,,3,,,,234,,test,,T2,,,d-right,,
519,1784153119335,15/07/2026 22:05:19,1784153119335,-7,15/07/2026 15:05:19,269901,13,task-pkec,repeat-7r7d#1,57237405,,16361732,,complete,,,computer,Desktop or Laptop,Mac OS 10.15,Firefox 150.0,1470x956,1470x810,,,0,Phonetic categorization,25,full_List_10,pass,$${overridespreadsheet},full_List_10,68,phonetic categorization,soundplay,x8jhtp,3,continue,,,375.8400000000256,366.6600000000326,375.8400000000256,375.8400000000256,366.6600000000326,375.8400000000256,1,0,0,,Audio Clip,Audio,1,object-207,phonetic categorization,dill,dill_45.wav,,,till,dill,,,,,45,,3,,,,234,,test,,T2,,,d-right,,
520,1784153119590,15/07/2026 22:05:19,1784153119590,-7,15/07/2026 15:05:19,269901,13,task-pkec,repeat-7r7d#1,57237405,,16361732,,complete,,,computer,Desktop or Laptop,Mac OS 10.15,Firefox 150.0,1470x956,1470x810,,,0,Phonetic categorization,25,full_List_10,pass,$${overridespreadsheet},full_List_10,68,phonetic categorization,2AFC,6i7z8o,4,response,till,,264.179999999993,250,264.179999999993,264.179999999993,250,264.179999999993,0,0,0,,Keyboard Response,Keyboard Response,1,object-119,phonetic categorization,dill,dill_45.wav,,,till,dill,,,,,45,,3,,,,234,,test,,T2,,,d-right,,
521,1784153120778,15/07/2026 22:05:20,1784153120778,-7,15/07/2026 15:05:20,269901,13,task-pkec,repeat-7r7d#1,57237405,,16361732,,complete,,,computer,Desktop or Laptop,Mac OS 10.15,Firefox 150.0,1470x956,1470x810,,,0,Phonetic categorization,25,full_List_10,pass,$${overridespreadsheet},full_List_10,68,phonetic categorization,1.2 second pause,dp6plq,5,timedOut,,,1202.179999999993,1200,1202.179999999993,1202.179999999993,1200,1202.179999999993,1,0,0,,Time Limit,screen,0,screen,phonetic categorization,dill,dill_45.wav,,,till,dill,,,,,45,,3,,,,234,,test,,T2,,,d-right,,
522,1784153121278,15/07/2026 22:05:21,1784153121278,-7,15/07/2026 15:05:21,269901,13,task-pkec,repeat-7r7d#1,57237405,,16361732,,complete,,,computer,Desktop or Laptop,Mac OS 10.15,Firefox 150.0,1470x956,1470x810,,,0,Phonetic categorization,25,full_List_10,pass,$${overridespreadsheet},full_List_10,69,phonetic categorization,fixation,99n54d,1,response,,,500,500,500,500,500,500,1,0,0,,Time Limit,screen,0,screen,phonetic categorization,din,din_15.wav,,,tin,din,,,,,15,,3,,,,234,,test,,T2,,,d-right,,
523,1784153121779,15/07/2026 22:05:21,1784153121779,-7,15/07/2026 15:05:21,269901,13,task-pkec,repeat-7r7d#1,57237405,,16361732,,complete,,,computer,Desktop or Laptop,Mac OS 10.15,Firefox 150.0,1470x956,1470x810,,,0,Phonetic categorization,25,full_List_10,pass,$${overridespreadsheet},full_List_10,69,phonetic categorization,show option,yef3xk,2,response,,,500,500,500,500,500,500,1,0,0,,Time Limit,screen,0,screen,phonetic categorization,din,din_15.wav,,,tin,din,,,,,15,,3,,,,234,,test,,T2,,,d-right,,
524,1784153121781,15/07/2026 22:05:21,1784153121781,-7,15/07/2026 15:05:21,269901,13,task-pkec,repeat-7r7d#1,57237405,,16361732,,complete,,,computer,Desktop or Laptop,Mac OS 10.15,Firefox 150.0,1470x956,1470x810,,,0,Phonetic categorization,25,full_List_10,pass,$${overridespreadsheet},full_List_10,69,phonetic categorization,soundplay,x8jhtp,3,info,audio started,,6.179999999993015,0,6.179999999993015,6.179999999993015,0,6.179999999993015,0,0,0,,Audio Clip,Audio,1,object-207,phonetic categorization,din,din_15.wav,,,tin,din,,,,,15,,3,,,,234,,test,,T2,,,d-right,,
525,1784153122115,15/07/2026 22:05:22,1784153122115,-7,15/07/2026 15:05:22,269901,13,task-pkec,repeat-7r7d#1,57237405,,16361732,,complete,,,computer,Desktop or Laptop,Mac OS 10.15,Firefox 150.0,1470x956,1470x810,,,0,Phonetic categorization,25,full_List_10,pass,$${overridespreadsheet},full_List_10,69,phonetic categorization,soundplay,x8jhtp,3,info,audio finished,,338.179999999993,333.3399999999674,338.179999999993,338.179999999993,333.3399999999674,338.179999999993,0,0,0,,Audio Clip,Audio,1,object-207,phonetic categorization,din,din_15.wav,,,tin,din,,,,,15,,3,,,,234,,test,,T2,,,d-right,,
526,1784153122117,15/07/2026 22:05:22,1784153122117,-7,15/07/2026 15:05:22,269901,13,task-pkec,repeat-7r7d#1,57237405,,16361732,,complete,,,computer,Desktop or Laptop,Mac OS 10.15,Firefox 150.0,1470x956,1470x810,,,0,Phonetic categorization,25,full_List_10,pass,$${overridespreadsheet},full_List_10,69,phonetic categorization,soundplay,x8jhtp,3,continue,,,342.179999999993,333.3399999999674,342.179999999993,342.179999999993,333.3399999999674,342.179999999993,1,0,0,,Audio Clip,Audio,1,object-207,phonetic categorization,din,din_15.wav,,,tin,din,,,,,15,,3,,,,234,,test,,T2,,,d-right,,
527,1784153122508,15/07/2026 22:05:22,1784153122508,-7,15/07/2026 15:05:22,269901,13,task-pkec,repeat-7r7d#1,57237405,,16361732,,complete,,,computer,Desktop or Laptop,Mac OS 10.15,Firefox 150.0,1470x956,1470x810,,,0,Phonetic categorization,25,full_List_10,pass,$${overridespreadsheet},full_List_10,69,phonetic categorization,2AFC,6i7z8o,4,response,din,,398.8400000000256,383.320000000007,398.8400000000256,398.8400000000256,383.320000000007,398.8400000000256,1,0,0,,Keyboard Response,Keyboard Response,1,object-119,phonetic categorization,din,din_15.wav,,,tin,din,,,,,15,,3,,,,234,,test,,T2,,,d-right,,
528,1784153123695,15/07/2026 22:05:23,1784153123695,-7,15/07/2026 15:05:23,269901,13,task-pkec,repeat-7r7d#1,57237405,,16361732,,complete,,,computer,Desktop or Laptop,Mac OS 10.15,Firefox 150.0,1470x956,1470x810,,,0,Phonetic categorization,25,full_List_10,pass,$${overridespreadsheet},full_List_10,69,phonetic categorization,1.2 second pause,dp6plq,5,timedOut,,,1203.5200000000186,1200,1203.5200000000186,1203.5200000000186,1200,1203.5200000000186,1,0,0,,Time Limit,screen,0,screen,phonetic categorization,din,din_15.wav,,,tin,din,,,,,15,,3,,,,234,,test,,T2,,,d-right,,
529,1784153124195,15/07/2026 22:05:24,1784153124195,-7,15/07/2026 15:05:24,269901,13,task-pkec,repeat-7r7d#1,57237405,,16361732,,complete,,,computer,Desktop or Laptop,Mac OS 10.15,Firefox 150.0,1470x956,1470x810,,,0,Phonetic categorization,25,full_List_10,pass,$${overridespreadsheet},full_List_10,70,phonetic categorization,fixation,99n54d,1,response,,,500,500,500,500,500,500,1,0,0,,Time Limit,screen,0,screen,phonetic categorization,dip,dip_25.wav,,,tip,dip,,,,,25,,3,,,,234,,test,,T2,,,d-right,,
530,1784153124695,15/07/2026 22:05:24,1784153124695,-7,15/07/2026 15:05:24,269901,13,task-pkec,repeat-7r7d#1,57237405,,16361732,,complete,,,computer,Desktop or Laptop,Mac OS 10.15,Firefox 150.0,1470x956,1470x810,,,0,Phonetic categorization,25,full_List_10,pass,$${overridespreadsheet},full_List_10,70,phonetic categorization,show option,yef3xk,2,response,,,500,500,500,500,500,500,1,0,0,,Time Limit,screen,0,screen,phonetic categorization,dip,dip_25.wav,,,tip,dip,,,,,25,,3,,,,234,,test,,T2,,,d-right,,
531,1784153124702,15/07/2026 22:05:24,1784153124702,-7,15/07/2026 15:05:24,269901,13,task-pkec,repeat-7r7d#1,57237405,,16361732,,complete,,,computer,Desktop or Laptop,Mac OS 10.15,Firefox 150.0,1470x956,1470x810,,,0,Phonetic categorization,25,full_List_10,pass,$${overridespreadsheet},full_List_10,70,phonetic categorization,soundplay,x8jhtp,3,info,audio started,,10.520000000018626,0,10.520000000018626,10.520000000018626,0,10.520000000018626,0,0,0,,Audio Clip,Audio,1,object-207,phonetic categorization,dip,dip_25.wav,,,tip,dip,,,,,25,,3,,,,234,,test,,T2,,,d-right,,
532,1784153125114,15/07/2026 22:05:25,1784153125114,-7,15/07/2026 15:05:25,269901,13,task-pkec,repeat-7r7d#1,57237405,,16361732,,complete,,,computer,Desktop or Laptop,Mac OS 10.15,Firefox 150.0,1470x956,1470x810,,,0,Phonetic categorization,25,full_List_10,pass,$${overridespreadsheet},full_List_10,70,phonetic categorization,soundplay,x8jhtp,3,info,audio finished,,422.5200000000186,416.679999999993,422.5200000000186,422.5200000000186,416.679999999993,422.5200000000186,0,0,0,,Audio Clip,Audio,1,object-207,phonetic categorization,dip,dip_25.wav,,,tip,dip,,,,,25,,3,,,,234,,test,,T2,,,d-right,,
533,1784153125115,15/07/2026 22:05:25,1784153125115,-7,15/07/2026 15:05:25,269901,13,task-pkec,repeat-7r7d#1,57237405,,16361732,,complete,,,computer,Desktop or Laptop,Mac OS 10.15,Firefox 150.0,1470x956,1470x810,,,0,Phonetic categorization,25,full_List_10,pass,$${overridespreadsheet},full_List_10,70,phonetic categorization,soundplay,x8jhtp,3,continue,,,423.5200000000186,416.679999999993,423.5200000000186,423.5200000000186,416.679999999993,423.5200000000186,1,0,0,,Audio Clip,Audio,1,object-207,phonetic categorization,dip,dip_25.wav,,,tip,dip,,,,,25,,3,,,,234,,test,,T2,,,d-right,,
534,1784153125414,15/07/2026 22:05:25,1784153125414,-7,15/07/2026 15:05:25,269901,13,task-pkec,repeat-7r7d#1,57237405,,16361732,,complete,,,computer,Desktop or Laptop,Mac OS 10.15,Firefox 150.0,1470x956,1470x810,,,0,Phonetic categorization,25,full_List_10,pass,$${overridespreadsheet},full_List_10,70,phonetic categorization,2AFC,6i7z8o,4,response,dip,,304.8400000000256,300,304.8400000000256,304.8400000000256,300,304.8400000000256,1,0,0,,Keyboard Response,Keyboard Response,1,object-119,phonetic categorization,dip,dip_25.wav,,,tip,dip,,,,,25,,3,,,,234,,test,,T2,,,d-right,,
535,1784153126612,15/07/2026 22:05:26,1784153126612,-7,15/07/2026 15:05:26,269901,13,task-pkec,repeat-7r7d#1,57237405,,16361732,,complete,,,computer,Desktop or Laptop,Mac OS 10.15,Firefox 150.0,1470x956,1470x810,,,0,Phonetic categorization,25,full_List_10,pass,$${overridespreadsheet},full_List_10,70,phonetic categorization,1.2 second pause,dp6plq,5,timedOut,,,1202.8400000000256,1200,1202.8400000000256,1202.8400000000256,1200,1202.8400000000256,1,0,0,,Time Limit,screen,0,screen,phonetic categorization,dip,dip_25.wav,,,tip,dip,,,,,25,,3,,,,234,,test,,T2,,,d-right,,
536,1784153127113,15/07/2026 22:05:27,1784153127113,-7,15/07/2026 15:05:27,269901,13,task-pkec,repeat-7r7d#1,57237405,,16361732,,complete,,,computer,Desktop or Laptop,Mac OS 10.15,Firefox 150.0,1470x956,1470x810,,,0,Phonetic categorization,25,full_List_10,pass,$${overridespreadsheet},full_List_10,71,phonetic categorization,fixation,99n54d,1,response,,,500,500,500,500,500,500,1,0,0,,Time Limit,screen,0,screen,phonetic categorization,dill,dill_55.wav,,,till,dill,,,,,55,,3,,,,234,,test,,T2,,,d-right,,
537,1784153127610,15/07/2026 22:05:27,1784153127610,-7,15/07/2026 15:05:27,269901,13,task-pkec,repeat-7r7d#1,57237405,,16361732,,complete,,,computer,Desktop or Laptop,Mac OS 10.15,Firefox 150.0,1470x956,1470x810,,,0,Phonetic categorization,25,full_List_10,pass,$${overridespreadsheet},full_List_10,71,phonetic categorization,show option,yef3xk,2,response,,,500,500,500,500,500,500,1,0,0,,Time Limit,screen,0,screen,phonetic categorization,dill,dill_55.wav,,,till,dill,,,,,55,,3,,,,234,,test,,T2,,,d-right,,
538,1784153127616,15/07/2026 22:05:27,1784153127616,-7,15/07/2026 15:05:27,269901,13,task-pkec,repeat-7r7d#1,57237405,,16361732,,complete,,,computer,Desktop or Laptop,Mac OS 10.15,Firefox 150.0,1470x956,1470x810,,,0,Phonetic categorization,25,full_List_10,pass,$${overridespreadsheet},full_List_10,71,phonetic categorization,soundplay,x8jhtp,3,info,audio started,,6.840000000025611,0,6.840000000025611,6.840000000025611,0,6.840000000025611,0,0,0,,Audio Clip,Audio,1,object-207,phonetic categorization,dill,dill_55.wav,,,till,dill,,,,,55,,3,,,,234,,test,,T2,,,d-right,,
539,1784153127995,15/07/2026 22:05:27,1784153127995,-7,15/07/2026 15:05:27,269901,13,task-pkec,repeat-7r7d#1,57237405,,16361732,,complete,,,computer,Desktop or Laptop,Mac OS 10.15,Firefox 150.0,1470x956,1470x810,,,0,Phonetic categorization,25,full_List_10,pass,$${overridespreadsheet},full_List_10,71,phonetic categorization,soundplay,x8jhtp,3,info,audio finished,,385.8400000000256,383.320000000007,385.8400000000256,385.8400000000256,383.320000000007,385.8400000000256,0,0,0,,Audio Clip,Audio,1,object-207,phonetic categorization,dill,dill_55.wav,,,till,dill,,,,,55,,3,,,,234,,test,,T2,,,d-right,,
540,1784153127996,15/07/2026 22:05:27,1784153127996,-7,15/07/2026 15:05:27,269901,13,task-pkec,repeat-7r7d#1,57237405,,16361732,,complete,,,computer,Desktop or Laptop,Mac OS 10.15,Firefox 150.0,1470x956,1470x810,,,0,Phonetic categorization,25,full_List_10,pass,$${overridespreadsheet},full_List_10,71,phonetic categorization,soundplay,x8jhtp,3,continue,,,386.8400000000256,383.320000000007,386.8400000000256,386.8400000000256,383.320000000007,386.8400000000256,1,0,0,,Audio Clip,Audio,1,object-207,phonetic categorization,dill,dill_55.wav,,,till,dill,,,,,55,,3,,,,234,,test,,T2,,,d-right,,
541,1784153128244,15/07/2026 22:05:28,1784153128244,-7,15/07/2026 15:05:28,269901,13,task-pkec,repeat-7r7d#1,57237405,,16361732,,complete,,,computer,Desktop or Laptop,Mac OS 10.15,Firefox 150.0,1470x956,1470x810,,,0,Phonetic categorization,25,full_List_10,pass,$${overridespreadsheet},full_List_10,71,phonetic categorization,2AFC,6i7z8o,4,response,till,,251.52000000001863,250,251.52000000001863,251.52000000001863,250,251.52000000001863,0,0,0,,Keyboard Response,Keyboard Response,1,object-119,phonetic categorization,dill,dill_55.wav,,,till,dill,,,,,55,,3,,,,234,,test,,T2,,,d-right,,
542,1784153129446,15/07/2026 22:05:29,1784153129446,-7,15/07/2026 15:05:29,269901,13,task-pkec,repeat-7r7d#1,57237405,,16361732,,complete,,,computer,Desktop or Laptop,Mac OS 10.15,Firefox 150.0,1470x956,1470x810,,,0,Phonetic categorization,25,full_List_10,pass,$${overridespreadsheet},full_List_10,71,phonetic categorization,1.2 second pause,dp6plq,5,timedOut,,,1203.5200000000186,1200,1203.5200000000186,1203.5200000000186,1200,1203.5200000000186,1,0,0,,Time Limit,screen,0,screen,phonetic categorization,dill,dill_55.wav,,,till,dill,,,,,55,,3,,,,234,,test,,T2,,,d-right,,
543,1784153129944,15/07/2026 22:05:29,1784153129944,-7,15/07/2026 15:05:29,269901,13,task-pkec,repeat-7r7d#1,57237405,,16361732,,complete,,,computer,Desktop or Laptop,Mac OS 10.15,Firefox 150.0,1470x956,1470x810,,,0,Phonetic categorization,25,full_List_10,pass,$${overridespreadsheet},full_List_10,72,phonetic categorization,fixation,99n54d,1,response,,,500,500,500,500,500,500,1,0,0,,Time Limit,screen,0,screen,phonetic categorization,din,din_30.wav,,,tin,din,,,,,30,,3,,,,234,,test,,T2,,,d-right,,
544,1784153130446,15/07/2026 22:05:30,1784153130446,-7,15/07/2026 15:05:30,269901,13,task-pkec,repeat-7r7d#1,57237405,,16361732,,complete,,,computer,Desktop or Laptop,Mac OS 10.15,Firefox 150.0,1470x956,1470x810,,,0,Phonetic categorization,25,full_List_10,pass,$${overridespreadsheet},full_List_10,72,phonetic categorization,show option,yef3xk,2,response,,,500,500,500,500,500,500,1,0,0,,Time Limit,screen,0,screen,phonetic categorization,din,din_30.wav,,,tin,din,,,,,30,,3,,,,234,,test,,T2,,,d-right,,
545,1784153130452,15/07/2026 22:05:30,1784153130452,-7,15/07/2026 15:05:30,269901,13,task-pkec,repeat-7r7d#1,57237405,,16361732,,complete,,,computer,Desktop or Laptop,Mac OS 10.15,Firefox 150.0,1470x956,1470x810,,,0,Phonetic categorization,25,full_List_10,pass,$${overridespreadsheet},full_List_10,72,phonetic categorization,soundplay,x8jhtp,3,info,audio started,,9.520000000018626,0,9.520000000018626,9.520000000018626,0,9.520000000018626,0,0,0,,Audio Clip,Audio,1,object-207,phonetic categorization,din,din_30.wav,,,tin,din,,,,,30,,3,,,,234,,test,,T2,,,d-right,,
546,1784153130832,15/07/2026 22:05:30,1784153130832,-7,15/07/2026 15:05:30,269901,13,task-pkec,repeat-7r7d#1,57237405,,16361732,,complete,,,computer,Desktop or Laptop,Mac OS 10.15,Firefox 150.0,1470x956,1470x810,,,0,Phonetic categorization,25,full_List_10,pass,$${overridespreadsheet},full_List_10,72,phonetic categorization,soundplay,x8jhtp,3,info,audio finished,,390.5200000000186,383.3400000000256,390.5200000000186,390.5200000000186,383.3400000000256,390.5200000000186,0,0,0,,Audio Clip,Audio,1,object-207,phonetic categorization,din,din_30.wav,,,tin,din,,,,,30,,3,,,,234,,test,,T2,,,d-right,,
547,1784153130834,15/07/2026 22:05:30,1784153130834,-7,15/07/2026 15:05:30,269901,13,task-pkec,repeat-7r7d#1,57237405,,16361732,,complete,,,computer,Desktop or Laptop,Mac OS 10.15,Firefox 150.0,1470x956,1470x810,,,0,Phonetic categorization,25,full_List_10,pass,$${overridespreadsheet},full_List_10,72,phonetic categorization,soundplay,x8jhtp,3,continue,,,391.5200000000186,383.3400000000256,391.5200000000186,391.5200000000186,383.3400000000256,391.5200000000186,1,0,0,,Audio Clip,Audio,1,object-207,phonetic categorization,din,din_30.wav,,,tin,din,,,,,30,,3,,,,234,,test,,T2,,,d-right,,
548,1784153131099,15/07/2026 22:05:31,1784153131099,-7,15/07/2026 15:05:31,269901,13,task-pkec,repeat-7r7d#1,57237405,,16361732,,complete,,,computer,Desktop or Laptop,Mac OS 10.15,Firefox 150.0,1470x956,1470x810,,,0,Phonetic categorization,25,full_List_10,pass,$${overridespreadsheet},full_List_10,72,phonetic categorization,2AFC,6i7z8o,4,response,din,,272.179999999993,266.6599999999744,272.179999999993,272.179999999993,266.6599999999744,272.179999999993,1,0,0,,Keyboard Response,Keyboard Response,1,object-119,phonetic categorization,din,din_30.wav,,,tin,din,,,,,30,,3,,,,234,,test,,T2,,,d-right,,
549,1784153132295,15/07/2026 22:05:32,1784153132295,-7,15/07/2026 15:05:32,269901,13,task-pkec,repeat-7r7d#1,57237405,,16361732,,complete,,,computer,Desktop or Laptop,Mac OS 10.15,Firefox 150.0,1470x956,1470x810,,,0,Phonetic categorization,25,full_List_10,pass,$${overridespreadsheet},full_List_10,72,phonetic categorization,1.2 second pause,dp6plq,5,timedOut,,,1202.5200000000186,1200,1202.5200000000186,1202.5200000000186,1200,1202.5200000000186,1,0,0,,Time Limit,screen,0,screen,phonetic categorization,din,din_30.wav,,,tin,din,,,,,30,,3,,,,234,,test,,T2,,,d-right,,
550,1784153132793,15/07/2026 22:05:32,1784153132793,-7,15/07/2026 15:05:32,269901,13,task-pkec,repeat-7r7d#1,57237405,,16361732,,complete,,,computer,Desktop or Laptop,Mac OS 10.15,Firefox 150.0,1470x956,1470x810,,,0,Phonetic categorization,25,full_List_10,pass,$${overridespreadsheet},full_List_10,73,phonetic categorization,fixation,99n54d,1,response,,,500,500,500,500,500,500,1,0,0,,Time Limit,screen,0,screen,phonetic categorization,dip,dip_50.wav,,,tip,dip,,,,,50,,3,,,,234,,test,,T2,,,d-right,,
551,1784153133296,15/07/2026 22:05:33,1784153133296,-7,15/07/2026 15:05:33,269901,13,task-pkec,repeat-7r7d#1,57237405,,16361732,,complete,,,computer,Desktop or Laptop,Mac OS 10.15,Firefox 150.0,1470x956,1470x810,,,0,Phonetic categorization,25,full_List_10,pass,$${overridespreadsheet},full_List_10,73,phonetic categorization,show option,yef3xk,2,response,,,500,500,500,500,500,500,1,0,0,,Time Limit,screen,0,screen,phonetic categorization,dip,dip_50.wav,,,tip,dip,,,,,50,,3,,,,234,,test,,T2,,,d-right,,
552,1784153133302,15/07/2026 22:05:33,1784153133302,-7,15/07/2026 15:05:33,269901,13,task-pkec,repeat-7r7d#1,57237405,,16361732,,complete,,,computer,Desktop or Laptop,Mac OS 10.15,Firefox 150.0,1470x956,1470x810,,,0,Phonetic categorization,25,full_List_10,pass,$${overridespreadsheet},full_List_10,73,phonetic categorization,soundplay,x8jhtp,3,info,audio started,,9.520000000018626,0,9.520000000018626,9.520000000018626,0,9.520000000018626,0,0,0,,Audio Clip,Audio,1,object-207,phonetic categorization,dip,dip_50.wav,,,tip,dip,,,,,50,,3,,,,234,,test,,T2,,,d-right,,
553,1784153133732,15/07/2026 22:05:33,1784153133732,-7,15/07/2026 15:05:33,269901,13,task-pkec,repeat-7r7d#1,57237405,,16361732,,complete,,,computer,Desktop or Laptop,Mac OS 10.15,Firefox 150.0,1470x956,1470x810,,,0,Phonetic categorization,25,full_List_10,pass,$${overridespreadsheet},full_List_10,73,phonetic categorization,soundplay,x8jhtp,3,info,audio finished,,440.5200000000186,433.3400000000256,440.5200000000186,440.5200000000186,433.3400000000256,440.5200000000186,0,0,0,,Audio Clip,Audio,1,object-207,phonetic categorization,dip,dip_50.wav,,,tip,dip,,,,,50,,3,,,,234,,test,,T2,,,d-right,,
554,1784153133733,15/07/2026 22:05:33,1784153133733,-7,15/07/2026 15:05:33,269901,13,task-pkec,repeat-7r7d#1,57237405,,16361732,,complete,,,computer,Desktop or Laptop,Mac OS 10.15,Firefox 150.0,1470x956,1470x810,,,0,Phonetic categorization,25,full_List_10,pass,$${overridespreadsheet},full_List_10,73,phonetic categorization,soundplay,x8jhtp,3,continue,,,441.5200000000186,433.3400000000256,441.5200000000186,441.5200000000186,433.3400000000256,441.5200000000186,1,0,0,,Audio Clip,Audio,1,object-207,phonetic categorization,dip,dip_50.wav,,,tip,dip,,,,,50,,3,,,,234,,test,,T2,,,d-right,,
555,1784153134573,15/07/2026 22:05:34,1784153134573,-7,15/07/2026 15:05:34,269901,13,task-pkec,repeat-7r7d#1,57237405,,16361732,,complete,,,computer,Desktop or Laptop,Mac OS 10.15,Firefox 150.0,1470x956,1470x810,,,0,Phonetic categorization,25,full_List_10,pass,$${overridespreadsheet},full_List_10,73,phonetic categorization,2AFC,6i7z8o,4,response,tip,,848.179999999993,833.3399999999674,848.179999999993,848.179999999993,833.3399999999674,848.179999999993,0,0,0,,Keyboard Response,Keyboard Response,1,object-119,phonetic categorization,dip,dip_50.wav,,,tip,dip,,,,,50,,3,,,,234,,test,,T2,,,d-right,,
556,1784153135762,15/07/2026 22:05:35,1784153135762,-7,15/07/2026 15:05:35,269901,13,task-pkec,repeat-7r7d#1,57237405,,16361732,,complete,,,computer,Desktop or Laptop,Mac OS 10.15,Firefox 150.0,1470x956,1470x810,,,0,Phonetic categorization,25,full_List_10,pass,$${overridespreadsheet},full_List_10,73,phonetic categorization,1.2 second pause,dp6plq,5,timedOut,,,1202.8400000000256,1200,1202.8400000000256,1202.8400000000256,1200,1202.8400000000256,1,0,0,,Time Limit,screen,0,screen,phonetic categorization,dip,dip_50.wav,,,tip,dip,,,,,50,,3,,,,234,,test,,T2,,,d-right,,
557,1784153136262,15/07/2026 22:05:36,1784153136262,-7,15/07/2026 15:05:36,269901,13,task-pkec,repeat-7r7d#1,57237405,,16361732,,complete,,,computer,Desktop or Laptop,Mac OS 10.15,Firefox 150.0,1470x956,1470x810,,,0,Phonetic categorization,25,full_List_10,pass,$${overridespreadsheet},full_List_10,74,phonetic categorization,fixation,99n54d,1,response,,,500,500,500,500,500,500,1,0,0,,Time Limit,screen,0,screen,phonetic categorization,din,din_40.wav,,,tin,din,,,,,40,,3,,,,234,,test,,T2,,,d-right,,
558,1784153136761,15/07/2026 22:05:36,1784153136761,-7,15/07/2026 15:05:36,269901,13,task-pkec,repeat-7r7d#1,57237405,,16361732,,complete,,,computer,Desktop or Laptop,Mac OS 10.15,Firefox 150.0,1470x956,1470x810,,,0,Phonetic categorization,25,full_List_10,pass,$${overridespreadsheet},full_List_10,74,phonetic categorization,show option,yef3xk,2,response,,,500,500,500,500,500,500,1,0,0,,Time Limit,screen,0,screen,phonetic categorization,din,din_40.wav,,,tin,din,,,,,40,,3,,,,234,,test,,T2,,,d-right,,
559,1784153136767,15/07/2026 22:05:36,1784153136767,-7,15/07/2026 15:05:36,269901,13,task-pkec,repeat-7r7d#1,57237405,,16361732,,complete,,,computer,Desktop or Laptop,Mac OS 10.15,Firefox 150.0,1470x956,1470x810,,,0,Phonetic categorization,25,full_List_10,pass,$${overridespreadsheet},full_List_10,74,phonetic categorization,soundplay,x8jhtp,3,info,audio started,,7.840000000025611,0,7.840000000025611,7.840000000025611,0,7.840000000025611,0,0,0,,Audio Clip,Audio,1,object-207,phonetic categorization,din,din_40.wav,,,tin,din,,,,,40,,3,,,,234,,test,,T2,,,d-right,,
560,1784153137120,15/07/2026 22:05:37,1784153137120,-7,15/07/2026 15:05:37,269901,13,task-pkec,repeat-7r7d#1,57237405,,16361732,,complete,,,computer,Desktop or Laptop,Mac OS 10.15,Firefox 150.0,1470x956,1470x810,,,0,Phonetic categorization,25,full_List_10,pass,$${overridespreadsheet},full_List_10,74,phonetic categorization,soundplay,x8jhtp,3,info,audio finished,,360.8400000000256,350,360.8400000000256,360.8400000000256,350,360.8400000000256,0,0,0,,Audio Clip,Audio,1,object-207,phonetic categorization,din,din_40.wav,,,tin,din,,,,,40,,3,,,,234,,test,,T2,,,d-right,,
561,1784153137121,15/07/2026 22:05:37,1784153137121,-7,15/07/2026 15:05:37,269901,13,task-pkec,repeat-7r7d#1,57237405,,16361732,,complete,,,computer,Desktop or Laptop,Mac OS 10.15,Firefox 150.0,1470x956,1470x810,,,0,Phonetic categorization,25,full_List_10,pass,$${overridespreadsheet},full_List_10,74,phonetic categorization,soundplay,x8jhtp,3,continue,,,361.8400000000256,350,361.8400000000256,361.8400000000256,350,361.8400000000256,1,0,0,,Audio Clip,Audio,1,object-207,phonetic categorization,din,din_40.wav,,,tin,din,,,,,40,,3,,,,234,,test,,T2,,,d-right,,
562,1784153137654,15/07/2026 22:05:37,1784153137654,-7,15/07/2026 15:05:37,269901,13,task-pkec,repeat-7r7d#1,57237405,,16361732,,complete,,,computer,Desktop or Laptop,Mac OS 10.15,Firefox 150.0,1470x956,1470x810,,,0,Phonetic categorization,25,full_List_10,pass,$${overridespreadsheet},full_List_10,74,phonetic categorization,2AFC,6i7z8o,4,response,tin,,545.8400000000256,533.320000000007,545.8400000000256,545.8400000000256,533.320000000007,545.8400000000256,0,0,0,,Keyboard Response,Keyboard Response,1,object-119,phonetic categorization,din,din_40.wav,,,tin,din,,,,,40,,3,,,,234,,test,,T2,,,d-right,,
563,1784153138846,15/07/2026 22:05:38,1784153138846,-7,15/07/2026 15:05:38,269901,13,task-pkec,repeat-7r7d#1,57237405,,16361732,,complete,,,computer,Desktop or Laptop,Mac OS 10.15,Firefox 150.0,1470x956,1470x810,,,0,Phonetic categorization,25,full_List_10,pass,$${overridespreadsheet},full_List_10,74,phonetic categorization,1.2 second pause,dp6plq,5,timedOut,,,1203.5200000000186,1200,1203.5200000000186,1203.5200000000186,1200,1203.5200000000186,1,0,0,,Time Limit,screen,0,screen,phonetic categorization,din,din_40.wav,,,tin,din,,,,,40,,3,,,,234,,test,,T2,,,d-right,,
564,1784153139345,15/07/2026 22:05:39,1784153139345,-7,15/07/2026 15:05:39,269901,13,task-pkec,repeat-7r7d#1,57237405,,16361732,,complete,,,computer,Desktop or Laptop,Mac OS 10.15,Firefox 150.0,1470x956,1470x810,,,0,Phonetic categorization,25,full_List_10,pass,$${overridespreadsheet},full_List_10,75,phonetic categorization,fixation,99n54d,1,response,,,500,500,500,500,500,500,1,0,0,,Time Limit,screen,0,screen,phonetic categorization,dip,dip_5.wav,,,tip,dip,,,,,5,,3,,,,234,,test,,T2,,,d-right,,
565,1784153139847,15/07/2026 22:05:39,1784153139847,-7,15/07/2026 15:05:39,269901,13,task-pkec,repeat-7r7d#1,57237405,,16361732,,complete,,,computer,Desktop or Laptop,Mac OS 10.15,Firefox 150.0,1470x956,1470x810,,,0,Phonetic categorization,25,full_List_10,pass,$${overridespreadsheet},full_List_10,75,phonetic categorization,show option,yef3xk,2,response,,,500,500,500,500,500,500,1,0,0,,Time Limit,screen,0,screen,phonetic categorization,dip,dip_5.wav,,,tip,dip,,,,,5,,3,,,,234,,test,,T2,,,d-right,,
566,1784153139859,15/07/2026 22:05:39,1784153139859,-7,15/07/2026 15:05:39,269901,13,task-pkec,repeat-7r7d#1,57237405,,16361732,,complete,,,computer,Desktop or Laptop,Mac OS 10.15,Firefox 150.0,1470x956,1470x810,,,0,Phonetic categorization,25,full_List_10,pass,$${overridespreadsheet},full_List_10,75,phonetic categorization,soundplay,x8jhtp,3,info,audio started,,16.520000000018626,0,16.520000000018626,16.520000000018626,0,16.520000000018626,0,0,0,,Audio Clip,Audio,1,object-207,phonetic categorization,dip,dip_5.wav,,,tip,dip,,,,,5,,3,,,,234,,test,,T2,,,d-right,,
567,1784153140259,15/07/2026 22:05:40,1784153140259,-7,15/07/2026 15:05:40,269901,13,task-pkec,repeat-7r7d#1,57237405,,16361732,,complete,,,computer,Desktop or Laptop,Mac OS 10.15,Firefox 150.0,1470x956,1470x810,,,0,Phonetic categorization,25,full_List_10,pass,$${overridespreadsheet},full_List_10,75,phonetic categorization,soundplay,x8jhtp,3,info,audio finished,,416.5200000000186,416.36000000004424,416.5200000000186,416.5200000000186,416.36000000004424,416.5200000000186,0,0,0,,Audio Clip,Audio,1,object-207,phonetic categorization,dip,dip_5.wav,,,tip,dip,,,,,5,,3,,,,234,,test,,T2,,,d-right,,
568,1784153140260,15/07/2026 22:05:40,1784153140260,-7,15/07/2026 15:05:40,269901,13,task-pkec,repeat-7r7d#1,57237405,,16361732,,complete,,,computer,Desktop or Laptop,Mac OS 10.15,Firefox 150.0,1470x956,1470x810,,,0,Phonetic categorization,25,full_List_10,pass,$${overridespreadsheet},full_List_10,75,phonetic categorization,soundplay,x8jhtp,3,continue,,,417.5200000000186,416.36000000004424,417.5200000000186,417.5200000000186,416.36000000004424,417.5200000000186,1,0,0,,Audio Clip,Audio,1,object-207,phonetic categorization,dip,dip_5.wav,,,tip,dip,,,,,5,,3,,,,234,,test,,T2,,,d-right,,
569,1784153140754,15/07/2026 22:05:40,1784153140754,-7,15/07/2026 15:05:40,269901,13,task-pkec,repeat-7r7d#1,57237405,,16361732,,complete,,,computer,Desktop or Laptop,Mac OS 10.15,Firefox 150.0,1470x956,1470x810,,,0,Phonetic categorization,25,full_List_10,pass,$${overridespreadsheet},full_List_10,75,phonetic categorization,2AFC,6i7z8o,4,response,dip,,496.1599999999744,483.63999999995576,496.1599999999744,496.1599999999744,483.63999999995576,496.1599999999744,1,0,0,,Keyboard Response,Keyboard Response,1,object-119,phonetic categorization,dip,dip_5.wav,,,tip,dip,,,,,5,,3,,,,234,,test,,T2,,,d-right,,
570,1784153141944,15/07/2026 22:05:41,1784153141944,-7,15/07/2026 15:05:41,269901,13,task-pkec,repeat-7r7d#1,57237405,,16361732,,complete,,,computer,Desktop or Laptop,Mac OS 10.15,Firefox 150.0,1470x956,1470x810,,,0,Phonetic categorization,25,full_List_10,pass,$${overridespreadsheet},full_List_10,75,phonetic categorization,1.2 second pause,dp6plq,5,timedOut,,,1201.5200000000186,1200,1201.5200000000186,1201.5200000000186,1200,1201.5200000000186,1,0,0,,Time Limit,screen,0,screen,phonetic categorization,dip,dip_5.wav,,,tip,dip,,,,,5,,3,,,,234,,test,,T2,,,d-right,,
571,1784153142445,15/07/2026 22:05:42,1784153142445,-7,15/07/2026 15:05:42,269901,13,task-pkec,repeat-7r7d#1,57237405,,16361732,,complete,,,computer,Desktop or Laptop,Mac OS 10.15,Firefox 150.0,1470x956,1470x810,,,0,Phonetic categorization,25,full_List_10,pass,$${overridespreadsheet},full_List_10,76,phonetic categorization,fixation,99n54d,1,response,,,500,500,500,500,500,500,1,0,0,,Time Limit,screen,0,screen,phonetic categorization,dill,dill_-5.wav,,,till,dill,,,,,-5,,3,,,,234,,test,,T2,,,d-right,,
572,1784153142944,15/07/2026 22:05:42,1784153142944,-7,15/07/2026 15:05:42,269901,13,task-pkec,repeat-7r7d#1,57237405,,16361732,,complete,,,computer,Desktop or Laptop,Mac OS 10.15,Firefox 150.0,1470x956,1470x810,,,0,Phonetic categorization,25,full_List_10,pass,$${overridespreadsheet},full_List_10,76,phonetic categorization,show option,yef3xk,2,response,,,500,500,500,500,500,500,1,0,0,,Time Limit,screen,0,screen,phonetic categorization,dill,dill_-5.wav,,,till,dill,,,,,-5,,3,,,,234,,test,,T2,,,d-right,,
573,1784153142948,15/07/2026 22:05:42,1784153142948,-7,15/07/2026 15:05:42,269901,13,task-pkec,repeat-7r7d#1,57237405,,16361732,,complete,,,computer,Desktop or Laptop,Mac OS 10.15,Firefox 150.0,1470x956,1470x810,,,0,Phonetic categorization,25,full_List_10,pass,$${overridespreadsheet},full_List_10,76,phonetic categorization,soundplay,x8jhtp,3,info,audio started,,6.5200000000186265,0,6.5200000000186265,6.5200000000186265,0,6.5200000000186265,0,0,0,,Audio Clip,Audio,1,object-207,phonetic categorization,dill,dill_-5.wav,,,till,dill,,,,,-5,,3,,,,234,,test,,T2,,,d-right,,
574,1784153143296,15/07/2026 22:05:43,1784153143296,-7,15/07/2026 15:05:43,269901,13,task-pkec,repeat-7r7d#1,57237405,,16361732,,complete,,,computer,Desktop or Laptop,Mac OS 10.15,Firefox 150.0,1470x956,1470x810,,,0,Phonetic categorization,25,full_List_10,pass,$${overridespreadsheet},full_List_10,76,phonetic categorization,soundplay,x8jhtp,3,info,audio finished,,354.5200000000186,350,354.5200000000186,354.5200000000186,350,354.5200000000186,0,0,0,,Audio Clip,Audio,1,object-207,phonetic categorization,dill,dill_-5.wav,,,till,dill,,,,,-5,,3,,,,234,,test,,T2,,,d-right,,
575,1784153143298,15/07/2026 22:05:43,1784153143298,-7,15/07/2026 15:05:43,269901,13,task-pkec,repeat-7r7d#1,57237405,,16361732,,complete,,,computer,Desktop or Laptop,Mac OS 10.15,Firefox 150.0,1470x956,1470x810,,,0,Phonetic categorization,25,full_List_10,pass,$${overridespreadsheet},full_List_10,76,phonetic categorization,soundplay,x8jhtp,3,continue,,,355.5200000000186,350,355.5200000000186,355.5200000000186,350,355.5200000000186,1,0,0,,Audio Clip,Audio,1,object-207,phonetic categorization,dill,dill_-5.wav,,,till,dill,,,,,-5,,3,,,,234,,test,,T2,,,d-right,,
576,1784153143831,15/07/2026 22:05:43,1784153143831,-7,15/07/2026 15:05:43,269901,13,task-pkec,repeat-7r7d#1,57237405,,16361732,,complete,,,computer,Desktop or Laptop,Mac OS 10.15,Firefox 150.0,1470x956,1470x810,,,0,Phonetic categorization,25,full_List_10,pass,$${overridespreadsheet},full_List_10,76,phonetic categorization,2AFC,6i7z8o,4,response,dill,,538.5200000000186,533.3400000000256,538.5200000000186,538.5200000000186,533.3400000000256,538.5200000000186,1,0,0,,Keyboard Response,Keyboard Response,1,object-119,phonetic categorization,dill,dill_-5.wav,,,till,dill,,,,,-5,,3,,,,234,,test,,T2,,,d-right,,
577,1784153145026,15/07/2026 22:05:45,1784153145026,-7,15/07/2026 15:05:45,269901,13,task-pkec,repeat-7r7d#1,57237405,,16361732,,complete,,,computer,Desktop or Laptop,Mac OS 10.15,Firefox 150.0,1470x956,1470x810,,,0,Phonetic categorization,25,full_List_10,pass,$${overridespreadsheet},full_List_10,76,phonetic categorization,1.2 second pause,dp6plq,5,timedOut,,,1200.179999999993,1200,1200.179999999993,1200.179999999993,1200,1200.179999999993,1,0,0,,Time Limit,screen,0,screen,phonetic categorization,dill,dill_-5.wav,,,till,dill,,,,,-5,,3,,,,234,,test,,T2,,,d-right,,
578,1784153145529,15/07/2026 22:05:45,1784153145529,-7,15/07/2026 15:05:45,269901,13,task-pkec,repeat-7r7d#1,57237405,,16361732,,complete,,,computer,Desktop or Laptop,Mac OS 10.15,Firefox 150.0,1470x956,1470x810,,,0,Phonetic categorization,25,full_List_10,pass,$${overridespreadsheet},full_List_10,77,phonetic categorization,fixation,99n54d,1,response,,,500,500,500,500,500,500,1,0,0,,Time Limit,screen,0,screen,phonetic categorization,dip,dip_35.wav,,,tip,dip,,,,,35,,3,,,,234,,test,,T2,,,d-right,,
579,1784153146029,15/07/2026 22:05:46,1784153146029,-7,15/07/2026 15:05:46,269901,13,task-pkec,repeat-7r7d#1,57237405,,16361732,,complete,,,computer,Desktop or Laptop,Mac OS 10.15,Firefox 150.0,1470x956,1470x810,,,0,Phonetic categorization,25,full_List_10,pass,$${overridespreadsheet},full_List_10,77,phonetic categorization,show option,yef3xk,2,response,,,500,500,500,500,500,500,1,0,0,,Time Limit,screen,0,screen,phonetic categorization,dip,dip_35.wav,,,tip,dip,,,,,35,,3,,,,234,,test,,T2,,,d-right,,
580,1784153146035,15/07/2026 22:05:46,1784153146035,-7,15/07/2026 15:05:46,269901,13,task-pkec,repeat-7r7d#1,57237405,,16361732,,complete,,,computer,Desktop or Laptop,Mac OS 10.15,Firefox 150.0,1470x956,1470x810,,,0,Phonetic categorization,25,full_List_10,pass,$${overridespreadsheet},full_List_10,77,phonetic categorization,soundplay,x8jhtp,3,info,audio started,,9.179999999993015,0,9.179999999993015,9.179999999993015,0,9.179999999993015,0,0,0,,Audio Clip,Audio,1,object-207,phonetic categorization,dip,dip_35.wav,,,tip,dip,,,,,35,,3,,,,234,,test,,T2,,,d-right,,
581,1784153146456,15/07/2026 22:05:46,1784153146456,-7,15/07/2026 15:05:46,269901,13,task-pkec,repeat-7r7d#1,57237405,,16361732,,complete,,,computer,Desktop or Laptop,Mac OS 10.15,Firefox 150.0,1470x956,1470x810,,,0,Phonetic categorization,25,full_List_10,pass,$${overridespreadsheet},full_List_10,77,phonetic categorization,soundplay,x8jhtp,3,info,audio finished,,430.179999999993,416.6599999999744,430.179999999993,430.179999999993,416.6599999999744,430.179999999993,0,0,0,,Audio Clip,Audio,1,object-207,phonetic categorization,dip,dip_35.wav,,,tip,dip,,,,,35,,3,,,,234,,test,,T2,,,d-right,,
582,1784153146456,15/07/2026 22:05:46,1784153146456,-7,15/07/2026 15:05:46,269901,13,task-pkec,repeat-7r7d#1,57237405,,16361732,,complete,,,computer,Desktop or Laptop,Mac OS 10.15,Firefox 150.0,1470x956,1470x810,,,0,Phonetic categorization,25,full_List_10,pass,$${overridespreadsheet},full_List_10,77,phonetic categorization,soundplay,x8jhtp,3,continue,,,432.179999999993,416.6599999999744,432.179999999993,432.179999999993,416.6599999999744,432.179999999993,1,0,0,,Audio Clip,Audio,1,object-207,phonetic categorization,dip,dip_35.wav,,,tip,dip,,,,,35,,3,,,,234,,test,,T2,,,d-right,,
583,1784153146898,15/07/2026 22:05:46,1784153146898,-7,15/07/2026 15:05:46,269901,13,task-pkec,repeat-7r7d#1,57237405,,16361732,,complete,,,computer,Desktop or Laptop,Mac OS 10.15,Firefox 150.0,1470x956,1470x810,,,0,Phonetic categorization,25,full_List_10,pass,$${overridespreadsheet},full_List_10,77,phonetic categorization,2AFC,6i7z8o,4,response,dip,,455.5200000000186,450.2399999999907,455.5200000000186,455.5200000000186,450.2399999999907,455.5200000000186,1,0,0,,Keyboard Response,Keyboard Response,1,object-119,phonetic categorization,dip,dip_35.wav,,,tip,dip,,,,,35,,3,,,,234,,test,,T2,,,d-right,,
584,1784153148097,15/07/2026 22:05:48,1784153148097,-7,15/07/2026 15:05:48,269901,13,task-pkec,repeat-7r7d#1,57237405,,16361732,,complete,,,computer,Desktop or Laptop,Mac OS 10.15,Firefox 150.0,1470x956,1470x810,,,0,Phonetic categorization,25,full_List_10,pass,$${overridespreadsheet},full_List_10,77,phonetic categorization,1.2 second pause,dp6plq,5,timedOut,,,1203.280000000028,1200,1203.280000000028,1203.280000000028,1200,1203.280000000028,1,0,0,,Time Limit,screen,0,screen,phonetic categorization,dip,dip_35.wav,,,tip,dip,,,,,35,,3,,,,234,,test,,T2,,,d-right,,
585,1784153148596,15/07/2026 22:05:48,1784153148596,-7,15/07/2026 15:05:48,269901,13,task-pkec,repeat-7r7d#1,57237405,,16361732,,complete,,,computer,Desktop or Laptop,Mac OS 10.15,Firefox 150.0,1470x956,1470x810,,,0,Phonetic categorization,25,full_List_10,pass,$${overridespreadsheet},full_List_10,78,phonetic categorization,fixation,99n54d,1,response,,,500,500,500,500,500,500,1,0,0,,Time Limit,screen,0,screen,phonetic categorization,din,din_65.wav,,,tin,din,,,,,65,,3,,,,234,,test,,T2,,,d-right,,
586,1784153149093,15/07/2026 22:05:49,1784153149093,-7,15/07/2026 15:05:49,269901,13,task-pkec,repeat-7r7d#1,57237405,,16361732,,complete,,,computer,Desktop or Laptop,Mac OS 10.15,Firefox 150.0,1470x956,1470x810,,,0,Phonetic categorization,25,full_List_10,pass,$${overridespreadsheet},full_List_10,78,phonetic categorization,show option,yef3xk,2,response,,,499.72000000003027,499.72000000003027,499.72000000003027,499.72000000003027,499.72000000003027,499.72000000003027,1,0,0,,Time Limit,screen,0,screen,phonetic categorization,din,din_65.wav,,,tin,din,,,,,65,,3,,,,234,,test,,T2,,,d-right,,
587,1784153149100,15/07/2026 22:05:49,1784153149100,-7,15/07/2026 15:05:49,269901,13,task-pkec,repeat-7r7d#1,57237405,,16361732,,complete,,,computer,Desktop or Laptop,Mac OS 10.15,Firefox 150.0,1470x956,1470x810,,,0,Phonetic categorization,25,full_List_10,pass,$${overridespreadsheet},full_List_10,78,phonetic categorization,soundplay,x8jhtp,3,info,audio started,,7.559999999997672,0,7.559999999997672,7.559999999997672,0,7.559999999997672,0,0,0,,Audio Clip,Audio,1,object-207,phonetic categorization,din,din_65.wav,,,tin,din,,,,,65,,3,,,,234,,test,,T2,,,d-right,,
588,1784153149471,15/07/2026 22:05:49,1784153149471,-7,15/07/2026 15:05:49,269901,13,task-pkec,repeat-7r7d#1,57237405,,16361732,,complete,,,computer,Desktop or Laptop,Mac OS 10.15,Firefox 150.0,1470x956,1470x810,,,0,Phonetic categorization,25,full_List_10,pass,$${overridespreadsheet},full_List_10,78,phonetic categorization,soundplay,x8jhtp,3,info,audio finished,,378.5599999999977,366.9400000000023,378.5599999999977,378.5599999999977,366.9400000000023,378.5599999999977,0,0,0,,Audio Clip,Audio,1,object-207,phonetic categorization,din,din_65.wav,,,tin,din,,,,,65,,3,,,,234,,test,,T2,,,d-right,,
589,1784153149472,15/07/2026 22:05:49,1784153149472,-7,15/07/2026 15:05:49,269901,13,task-pkec,repeat-7r7d#1,57237405,,16361732,,complete,,,computer,Desktop or Laptop,Mac OS 10.15,Firefox 150.0,1470x956,1470x810,,,0,Phonetic categorization,25,full_List_10,pass,$${overridespreadsheet},full_List_10,78,phonetic categorization,soundplay,x8jhtp,3,continue,,,379.5599999999977,366.9400000000023,379.5599999999977,379.5599999999977,366.9400000000023,379.5599999999977,1,0,0,,Audio Clip,Audio,1,object-207,phonetic categorization,din,din_65.wav,,,tin,din,,,,,65,,3,,,,234,,test,,T2,,,d-right,,
590,1784153149719,15/07/2026 22:05:49,1784153149719,-7,15/07/2026 15:05:49,269901,13,task-pkec,repeat-7r7d#1,57237405,,16361732,,complete,,,computer,Desktop or Laptop,Mac OS 10.15,Firefox 150.0,1470x956,1470x810,,,0,Phonetic categorization,25,full_List_10,pass,$${overridespreadsheet},full_List_10,78,phonetic categorization,2AFC,6i7z8o,4,response,tin,,259.61999999999534,250,259.61999999999534,259.61999999999534,250,259.61999999999534,0,0,0,,Keyboard Response,Keyboard Response,1,object-119,phonetic categorization,din,din_65.wav,,,tin,din,,,,,65,,3,,,,234,,test,,T2,,,d-right,,
591,1784153150911,15/07/2026 22:05:50,1784153150911,-7,15/07/2026 15:05:50,269901,13,task-pkec,repeat-7r7d#1,57237405,,16361732,,complete,,,computer,Desktop or Laptop,Mac OS 10.15,Firefox 150.0,1470x956,1470x810,,,0,Phonetic categorization,25,full_List_10,pass,$${overridespreadsheet},full_List_10,78,phonetic categorization,1.2 second pause,dp6plq,5,timedOut,,,1201.6199999999953,1200,1201.6199999999953,1201.6199999999953,1200,1201.6199999999953,1,0,0,,Time Limit,screen,0,screen,phonetic categorization,din,din_65.wav,,,tin,din,,,,,65,,3,,,,234,,test,,T2,,,d-right,,
592,1784153151413,15/07/2026 22:05:51,1784153151413,-7,15/07/2026 15:05:51,269901,13,task-pkec,repeat-7r7d#1,57237405,,16361732,,complete,,,computer,Desktop or Laptop,Mac OS 10.15,Firefox 150.0,1470x956,1470x810,,,0,Phonetic categorization,25,full_List_10,pass,$${overridespreadsheet},full_List_10,79,phonetic categorization,fixation,99n54d,1,response,,,500,500,500,500,500,500,0,0,0,,Time Limit,screen,0,screen,phonetic categorization,tin,din_85.wav,,,till,tin,,,,expo-10ms,85,,4,labeled,,,234,,exposure,A,A,50,16.431676725155,d-right,t,
593,1784153151910,15/07/2026 22:05:51,1784153151910,-7,15/07/2026 15:05:51,269901,13,task-pkec,repeat-7r7d#1,57237405,,16361732,,complete,,,computer,Desktop or Laptop,Mac OS 10.15,Firefox 150.0,1470x956,1470x810,,,0,Phonetic categorization,25,full_List_10,pass,$${overridespreadsheet},full_List_10,79,phonetic categorization,show option,yef3xk,2,response,,,499.820000000007,499.820000000007,499.820000000007,499.820000000007,499.820000000007,499.820000000007,1,0,0,,Time Limit,screen,0,screen,phonetic categorization,tin,din_85.wav,,,till,tin,,,,expo-10ms,85,,4,labeled,,,234,,exposure,A,A,50,16.431676725155,d-right,t,
594,1784153151916,15/07/2026 22:05:51,1784153151916,-7,15/07/2026 15:05:51,269901,13,task-pkec,repeat-7r7d#1,57237405,,16361732,,complete,,,computer,Desktop or Laptop,Mac OS 10.15,Firefox 150.0,1470x956,1470x810,,,0,Phonetic categorization,25,full_List_10,pass,$${overridespreadsheet},full_List_10,79,phonetic categorization,soundplay,x8jhtp,3,info,audio started,,6.7999999999883585,0,6.7999999999883585,6.7999999999883585,0,6.7999999999883585,0,0,0,,Audio Clip,Audio,1,object-207,phonetic categorization,tin,din_85.wav,,,till,tin,,,,expo-10ms,85,,4,labeled,,,234,,exposure,A,A,50,16.431676725155,d-right,t,
595,1784153152296,15/07/2026 22:05:52,1784153152296,-7,15/07/2026 15:05:52,269901,13,task-pkec,repeat-7r7d#1,57237405,,16361732,,complete,,,computer,Desktop or Laptop,Mac OS 10.15,Firefox 150.0,1470x956,1470x810,,,0,Phonetic categorization,25,full_List_10,pass,$${overridespreadsheet},full_List_10,79,phonetic categorization,soundplay,x8jhtp,3,info,audio finished,,387.79999999998836,383.5199999999604,387.79999999998836,387.79999999998836,383.5199999999604,387.79999999998836,0,0,0,,Audio Clip,Audio,1,object-207,phonetic categorization,tin,din_85.wav,,,till,tin,,,,expo-10ms,85,,4,labeled,,,234,,exposure,A,A,50,16.431676725155,d-right,t,
596,1784153152297,15/07/2026 22:05:52,1784153152297,-7,15/07/2026 15:05:52,269901,13,task-pkec,repeat-7r7d#1,57237405,,16361732,,complete,,,computer,Desktop or Laptop,Mac OS 10.15,Firefox 150.0,1470x956,1470x810,,,0,Phonetic categorization,25,full_List_10,pass,$${overridespreadsheet},full_List_10,79,phonetic categorization,soundplay,x8jhtp,3,continue,,,388.79999999998836,383.5199999999604,388.79999999998836,388.79999999998836,383.5199999999604,388.79999999998836,0,0,0,,Audio Clip,Audio,1,object-207,phonetic categorization,tin,din_85.wav,,,till,tin,,,,expo-10ms,85,,4,labeled,,,234,,exposure,A,A,50,16.431676725155,d-right,t,
597,1784153152681,15/07/2026 22:05:52,1784153152681,-7,15/07/2026 15:05:52,269901,13,task-pkec,repeat-7r7d#1,57237405,,16361732,,complete,,,computer,Desktop or Laptop,Mac OS 10.15,Firefox 150.0,1470x956,1470x810,,,0,Phonetic categorization,25,full_List_10,pass,$${overridespreadsheet},full_List_10,79,phonetic categorization,2AFC,6i7z8o,4,response,tin,,388.28000000002794,383.3400000000256,388.28000000002794,388.28000000002794,383.3400000000256,388.28000000002794,1,0,0,,Keyboard Response,Keyboard Response,1,object-119,phonetic categorization,tin,din_85.wav,,,till,tin,,,,expo-10ms,85,,4,labeled,,,234,,exposure,A,A,50,16.431676725155,d-right,t,
598,1784153153879,15/07/2026 22:05:53,1784153153879,-7,15/07/2026 15:05:53,269901,13,task-pkec,repeat-7r7d#1,57237405,,16361732,,complete,,,computer,Desktop or Laptop,Mac OS 10.15,Firefox 150.0,1470x956,1470x810,,,0,Phonetic categorization,25,full_List_10,pass,$${overridespreadsheet},full_List_10,79,phonetic categorization,1.2 second pause,dp6plq,5,timedOut,,,1203.9400000000023,1200,1203.9400000000023,1203.9400000000023,1200,1203.9400000000023,1,0,0,,Time Limit,screen,0,screen,phonetic categorization,tin,din_85.wav,,,till,tin,,,,expo-10ms,85,,4,labeled,,,234,,exposure,A,A,50,16.431676725155,d-right,t,
599,1784153154378,15/07/2026 22:05:54,1784153154378,-7,15/07/2026 15:05:54,269901,13,task-pkec,repeat-7r7d#1,57237405,,16361732,,complete,,,computer,Desktop or Laptop,Mac OS 10.15,Firefox 150.0,1470x956,1470x810,,,0,Phonetic categorization,25,full_List_10,pass,$${overridespreadsheet},full_List_10,80,phonetic categorization,fixation,99n54d,1,response,,,500,500,500,500,500,500,0,0,0,,Time Limit,screen,0,screen,phonetic categorization,tip,dip_60.wav,,,tip,tin,,,,expo-10ms,60,,4,labeled,,,234,,exposure,A,A,50,16.431676725155,d-right,t,
600,1784153154878,15/07/2026 22:05:54,1784153154878,-7,15/07/2026 15:05:54,269901,13,task-pkec,repeat-7r7d#1,57237405,,16361732,,complete,,,computer,Desktop or Laptop,Mac OS 10.15,Firefox 150.0,1470x956,1470x810,,,0,Phonetic categorization,25,full_List_10,pass,$${overridespreadsheet},full_List_10,80,phonetic categorization,show option,yef3xk,2,response,,,500,500,500,500,500,500,1,0,0,,Time Limit,screen,0,screen,phonetic categorization,tip,dip_60.wav,,,tip,tin,,,,expo-10ms,60,,4,labeled,,,234,,exposure,A,A,50,16.431676725155,d-right,t,
601,1784153154885,15/07/2026 22:05:54,1784153154885,-7,15/07/2026 15:05:54,269901,13,task-pkec,repeat-7r7d#1,57237405,,16361732,,complete,,,computer,Desktop or Laptop,Mac OS 10.15,Firefox 150.0,1470x956,1470x810,,,0,Phonetic categorization,25,full_List_10,pass,$${overridespreadsheet},full_List_10,80,phonetic categorization,soundplay,x8jhtp,3,info,audio started,,7.940000000002328,0,7.940000000002328,7.940000000002328,0,7.940000000002328,0,0,0,,Audio Clip,Audio,1,object-207,phonetic categorization,tip,dip_60.wav,,,tip,tin,,,,expo-10ms,60,,4,labeled,,,234,,exposure,A,A,50,16.431676725155,d-right,t,
602,1784153155322,15/07/2026 22:05:55,1784153155322,-7,15/07/2026 15:05:55,269901,13,task-pkec,repeat-7r7d#1,57237405,,16361732,,complete,,,computer,Desktop or Laptop,Mac OS 10.15,Firefox 150.0,1470x956,1470x810,,,0,Phonetic categorization,25,full_List_10,pass,$${overridespreadsheet},full_List_10,80,phonetic categorization,soundplay,x8jhtp,3,info,audio finished,,444.9400000000023,433.320000000007,444.9400000000023,444.9400000000023,433.320000000007,444.9400000000023,0,0,0,,Audio Clip,Audio,1,object-207,phonetic categorization,tip,dip_60.wav,,,tip,tin,,,,expo-10ms,60,,4,labeled,,,234,,exposure,A,A,50,16.431676725155,d-right,t,
603,1784153155322,15/07/2026 22:05:55,1784153155322,-7,15/07/2026 15:05:55,269901,13,task-pkec,repeat-7r7d#1,57237405,,16361732,,complete,,,computer,Desktop or Laptop,Mac OS 10.15,Firefox 150.0,1470x956,1470x810,,,0,Phonetic categorization,25,full_List_10,pass,$${overridespreadsheet},full_List_10,80,phonetic categorization,soundplay,x8jhtp,3,continue,,,446.9400000000023,433.320000000007,446.9400000000023,446.9400000000023,433.320000000007,446.9400000000023,0,0,0,,Audio Clip,Audio,1,object-207,phonetic categorization,tip,dip_60.wav,,,tip,tin,,,,expo-10ms,60,,4,labeled,,,234,,exposure,A,A,50,16.431676725155,d-right,t,
604,1784153155927,15/07/2026 22:05:55,1784153155927,-7,15/07/2026 15:05:55,269901,13,task-pkec,repeat-7r7d#1,57237405,,16361732,,complete,,,computer,Desktop or Laptop,Mac OS 10.15,Firefox 150.0,1470x956,1470x810,,,0,Phonetic categorization,25,full_List_10,pass,$${overridespreadsheet},full_List_10,80,phonetic categorization,2AFC,6i7z8o,4,response,tip,,616.6199999999953,600,616.6199999999953,616.6199999999953,600,616.6199999999953,1,0,0,,Keyboard Response,Keyboard Response,1,object-119,phonetic categorization,tip,dip_60.wav,,,tip,tin,,,,expo-10ms,60,,4,labeled,,,234,,exposure,A,A,50,16.431676725155,d-right,t,
605,1784153157113,15/07/2026 22:05:57,1784153157113,-7,15/07/2026 15:05:57,269901,13,task-pkec,repeat-7r7d#1,57237405,,16361732,,complete,,,computer,Desktop or Laptop,Mac OS 10.15,Firefox 150.0,1470x956,1470x810,,,0,Phonetic categorization,25,full_List_10,pass,$${overridespreadsheet},full_List_10,80,phonetic categorization,1.2 second pause,dp6plq,5,timedOut,,,1204.6199999999953,1200,1204.6199999999953,1204.6199999999953,1200,1204.6199999999953,1,0,0,,Time Limit,screen,0,screen,phonetic categorization,tip,dip_60.wav,,,tip,tin,,,,expo-10ms,60,,4,labeled,,,234,,exposure,A,A,50,16.431676725155,d-right,t,
606,1784153157609,15/07/2026 22:05:57,1784153157609,-7,15/07/2026 15:05:57,269901,13,task-pkec,repeat-7r7d#1,57237405,,16361732,,complete,,,computer,Desktop or Laptop,Mac OS 10.15,Firefox 150.0,1470x956,1470x810,,,0,Phonetic categorization,25,full_List_10,pass,$${overridespreadsheet},full_List_10,81,phonetic categorization,fixation,99n54d,1,response,,,499.85999999998603,499.85999999998603,499.85999999998603,499.85999999998603,499.85999999998603,499.85999999998603,0,0,0,,Time Limit,screen,0,screen,phonetic categorization,dip,dip_10.wav,,,tip,dip,,,,expo-10ms,10,,4,unlabeled,,,234,,exposure,A,A,5,8.94427190999916,d-right,d,
607,1784153158112,15/07/2026 22:05:58,1784153158112,-7,15/07/2026 15:05:58,269901,13,task-pkec,repeat-7r7d#1,57237405,,16361732,,complete,,,computer,Desktop or Laptop,Mac OS 10.15,Firefox 150.0,1470x956,1470x810,,,0,Phonetic categorization,25,full_List_10,pass,$${overridespreadsheet},full_List_10,81,phonetic categorization,show option,yef3xk,2,response,,,500.14000000001397,500.14000000001397,500.14000000001397,500.14000000001397,500.14000000001397,500.14000000001397,1,0,0,,Time Limit,screen,0,screen,phonetic categorization,dip,dip_10.wav,,,tip,dip,,,,expo-10ms,10,,4,unlabeled,,,234,,exposure,A,A,5,8.94427190999916,d-right,d,
608,1784153158114,15/07/2026 22:05:58,1784153158114,-7,15/07/2026 15:05:58,269901,13,task-pkec,repeat-7r7d#1,57237405,,16361732,,complete,,,computer,Desktop or Laptop,Mac OS 10.15,Firefox 150.0,1470x956,1470x810,,,0,Phonetic categorization,25,full_List_10,pass,$${overridespreadsheet},full_List_10,81,phonetic categorization,soundplay,x8jhtp,3,info,audio started,,5.619999999995343,0,5.619999999995343,5.619999999995343,0,5.619999999995343,0,0,0,,Audio Clip,Audio,1,object-207,phonetic categorization,dip,dip_10.wav,,,tip,dip,,,,expo-10ms,10,,4,unlabeled,,,234,,exposure,A,A,5,8.94427190999916,d-right,d,
609,1784153158519,15/07/2026 22:05:58,1784153158519,-7,15/07/2026 15:05:58,269901,13,task-pkec,repeat-7r7d#1,57237405,,16361732,,complete,,,computer,Desktop or Laptop,Mac OS 10.15,Firefox 150.0,1470x956,1470x810,,,0,Phonetic categorization,25,full_List_10,pass,$${overridespreadsheet},full_List_10,81,phonetic categorization,soundplay,x8jhtp,3,info,audio finished,,409.61999999999534,400,409.61999999999534,409.61999999999534,400,409.61999999999534,0,0,0,,Audio Clip,Audio,1,object-207,phonetic categorization,dip,dip_10.wav,,,tip,dip,,,,expo-10ms,10,,4,unlabeled,,,234,,exposure,A,A,5,8.94427190999916,d-right,d,
610,1784153158519,15/07/2026 22:05:58,1784153158519,-7,15/07/2026 15:05:58,269901,13,task-pkec,repeat-7r7d#1,57237405,,16361732,,complete,,,computer,Desktop or Laptop,Mac OS 10.15,Firefox 150.0,1470x956,1470x810,,,0,Phonetic categorization,25,full_List_10,pass,$${overridespreadsheet},full_List_10,81,phonetic categorization,soundplay,x8jhtp,3,continue,,,409.61999999999534,400,409.61999999999534,409.61999999999534,400,409.61999999999534,0,0,0,,Audio Clip,Audio,1,object-207,phonetic categorization,dip,dip_10.wav,,,tip,dip,,,,expo-10ms,10,,4,unlabeled,,,234,,exposure,A,A,5,8.94427190999916,d-right,d,
611,1784153158871,15/07/2026 22:05:58,1784153158871,-7,15/07/2026 15:05:58,269901,13,task-pkec,repeat-7r7d#1,57237405,,16361732,,complete,,,computer,Desktop or Laptop,Mac OS 10.15,Firefox 150.0,1470x956,1470x810,,,0,Phonetic categorization,25,full_List_10,pass,$${overridespreadsheet},full_List_10,81,phonetic categorization,2AFC,6i7z8o,4,response,dip,,360.61999999999534,350,360.61999999999534,360.61999999999534,350,360.61999999999534,1,0,0,,Keyboard Response,Keyboard Response,1,object-119,phonetic categorization,dip,dip_10.wav,,,tip,dip,,,,expo-10ms,10,,4,unlabeled,,,234,,exposure,A,A,5,8.94427190999916,d-right,d,
612,1784153160062,15/07/2026 22:06:00,1784153160062,-7,15/07/2026 15:06:00,269901,13,task-pkec,repeat-7r7d#1,57237405,,16361732,,complete,,,computer,Desktop or Laptop,Mac OS 10.15,Firefox 150.0,1470x956,1470x810,,,0,Phonetic categorization,25,full_List_10,pass,$${overridespreadsheet},full_List_10,81,phonetic categorization,1.2 second pause,dp6plq,5,timedOut,,,1202.6199999999953,1200,1202.6199999999953,1202.6199999999953,1200,1202.6199999999953,1,0,0,,Time Limit,screen,0,screen,phonetic categorization,dip,dip_10.wav,,,tip,dip,,,,expo-10ms,10,,4,unlabeled,,,234,,exposure,A,A,5,8.94427190999916,d-right,d,
613,1784153160560,15/07/2026 22:06:00,1784153160560,-7,15/07/2026 15:06:00,269901,13,task-pkec,repeat-7r7d#1,57237405,,16361732,,complete,,,computer,Desktop or Laptop,Mac OS 10.15,Firefox 150.0,1470x956,1470x810,,,0,Phonetic categorization,25,full_List_10,pass,$${overridespreadsheet},full_List_10,82,phonetic categorization,fixation,99n54d,1,response,,,500,500,500,500,500,500,0,0,0,,Time Limit,screen,0,screen,phonetic categorization,tin,din_80.wav,,,till,tin,,,,expo-10ms,80,,4,labeled,,,234,,exposure,A,A,50,16.431676725155,d-right,t,
614,1784153161062,15/07/2026 22:06:01,1784153161062,-7,15/07/2026 15:06:01,269901,13,task-pkec,repeat-7r7d#1,57237405,,16361732,,complete,,,computer,Desktop or Laptop,Mac OS 10.15,Firefox 150.0,1470x956,1470x810,,,0,Phonetic categorization,25,full_List_10,pass,$${overridespreadsheet},full_List_10,82,phonetic categorization,show option,yef3xk,2,response,,,500,500,500,500,500,500,1,0,0,,Time Limit,screen,0,screen,phonetic categorization,tin,din_80.wav,,,till,tin,,,,expo-10ms,80,,4,labeled,,,234,,exposure,A,A,50,16.431676725155,d-right,t,
615,1784153161068,15/07/2026 22:06:01,1784153161068,-7,15/07/2026 15:06:01,269901,13,task-pkec,repeat-7r7d#1,57237405,,16361732,,complete,,,computer,Desktop or Laptop,Mac OS 10.15,Firefox 150.0,1470x956,1470x810,,,0,Phonetic categorization,25,full_List_10,pass,$${overridespreadsheet},full_List_10,82,phonetic categorization,soundplay,x8jhtp,3,info,audio started,,8.619999999995343,0,8.619999999995343,8.619999999995343,0,8.619999999995343,0,0,0,,Audio Clip,Audio,1,object-207,phonetic categorization,tin,din_80.wav,,,till,tin,,,,expo-10ms,80,,4,labeled,,,234,,exposure,A,A,50,16.431676725155,d-right,t,
616,1784153161449,15/07/2026 22:06:01,1784153161449,-7,15/07/2026 15:06:01,269901,13,task-pkec,repeat-7r7d#1,57237405,,16361732,,complete,,,computer,Desktop or Laptop,Mac OS 10.15,Firefox 150.0,1470x956,1470x810,,,0,Phonetic categorization,25,full_List_10,pass,$${overridespreadsheet},full_List_10,82,phonetic categorization,soundplay,x8jhtp,3,info,audio finished,,389.61999999999534,383.3399999999674,389.61999999999534,389.61999999999534,383.3399999999674,389.61999999999534,0,0,0,,Audio Clip,Audio,1,object-207,phonetic categorization,tin,din_80.wav,,,till,tin,,,,expo-10ms,80,,4,labeled,,,234,,exposure,A,A,50,16.431676725155,d-right,t,
617,1784153161450,15/07/2026 22:06:01,1784153161450,-7,15/07/2026 15:06:01,269901,13,task-pkec,repeat-7r7d#1,57237405,,16361732,,complete,,,computer,Desktop or Laptop,Mac OS 10.15,Firefox 150.0,1470x956,1470x810,,,0,Phonetic categorization,25,full_List_10,pass,$${overridespreadsheet},full_List_10,82,phonetic categorization,soundplay,x8jhtp,3,continue,,,390.61999999999534,383.3399999999674,390.61999999999534,390.61999999999534,383.3399999999674,390.61999999999534,0,0,0,,Audio Clip,Audio,1,object-207,phonetic categorization,tin,din_80.wav,,,till,tin,,,,expo-10ms,80,,4,labeled,,,234,,exposure,A,A,50,16.431676725155,d-right,t,
618,1784153161929,15/07/2026 22:06:01,1784153161929,-7,15/07/2026 15:06:01,269901,13,task-pkec,repeat-7r7d#1,57237405,,16361732,,complete,,,computer,Desktop or Laptop,Mac OS 10.15,Firefox 150.0,1470x956,1470x810,,,0,Phonetic categorization,25,full_List_10,pass,$${overridespreadsheet},full_List_10,82,phonetic categorization,2AFC,6i7z8o,4,response,tin,,483.3200000000652,466.6600000000326,483.3200000000652,483.3200000000652,466.6600000000326,483.3200000000652,1,0,0,,Keyboard Response,Keyboard Response,1,object-119,phonetic categorization,tin,din_80.wav,,,till,tin,,,,expo-10ms,80,,4,labeled,,,234,,exposure,A,A,50,16.431676725155,d-right,t,
619,1784153163111,15/07/2026 22:06:03,1784153163111,-7,15/07/2026 15:06:03,269901,13,task-pkec,repeat-7r7d#1,57237405,,16361732,,complete,,,computer,Desktop or Laptop,Mac OS 10.15,Firefox 150.0,1470x956,1470x810,,,0,Phonetic categorization,25,full_List_10,pass,$${overridespreadsheet},full_List_10,82,phonetic categorization,1.2 second pause,dp6plq,5,timedOut,,,1200.6199999999953,1199.820000000007,1200.6199999999953,1200.6199999999953,1199.820000000007,1200.6199999999953,1,0,0,,Time Limit,screen,0,screen,phonetic categorization,tin,din_80.wav,,,till,tin,,,,expo-10ms,80,,4,labeled,,,234,,exposure,A,A,50,16.431676725155,d-right,t,
620,1784153163615,15/07/2026 22:06:03,1784153163615,-7,15/07/2026 15:06:03,269901,13,task-pkec,repeat-7r7d#1,57237405,,16361732,,complete,,,computer,Desktop or Laptop,Mac OS 10.15,Firefox 150.0,1470x956,1470x810,,,0,Phonetic categorization,25,full_List_10,pass,$${overridespreadsheet},full_List_10,83,phonetic categorization,fixation,99n54d,1,response,,,500.179999999993,500.179999999993,500.179999999993,500.179999999993,500.179999999993,500.179999999993,0,0,0,,Time Limit,screen,0,screen,phonetic categorization,tip,dip_75.wav,,,tip,dip,,,,expo-10ms,75,,4,unlabeled,,,234,,exposure,A,A,50,16.431676725155,d-right,t,
621,1784153164112,15/07/2026 22:06:04,1784153164112,-7,15/07/2026 15:06:04,269901,13,task-pkec,repeat-7r7d#1,57237405,,16361732,,complete,,,computer,Desktop or Laptop,Mac OS 10.15,Firefox 150.0,1470x956,1470x810,,,0,Phonetic categorization,25,full_List_10,pass,$${overridespreadsheet},full_List_10,83,phonetic categorization,show option,yef3xk,2,response,,,500,500,500,500,500,500,1,0,0,,Time Limit,screen,0,screen,phonetic categorization,tip,dip_75.wav,,,tip,dip,,,,expo-10ms,75,,4,unlabeled,,,234,,exposure,A,A,50,16.431676725155,d-right,t,
622,1784153164118,15/07/2026 22:06:04,1784153164118,-7,15/07/2026 15:06:04,269901,13,task-pkec,repeat-7r7d#1,57237405,,16361732,,complete,,,computer,Desktop or Laptop,Mac OS 10.15,Firefox 150.0,1470x956,1470x810,,,0,Phonetic categorization,25,full_List_10,pass,$${overridespreadsheet},full_List_10,83,phonetic categorization,soundplay,x8jhtp,3,info,audio started,,9.619999999995343,0,9.619999999995343,9.619999999995343,0,9.619999999995343,0,0,0,,Audio Clip,Audio,1,object-207,phonetic categorization,tip,dip_75.wav,,,tip,dip,,,,expo-10ms,75,,4,unlabeled,,,234,,exposure,A,A,50,16.431676725155,d-right,t,
623,1784153164566,15/07/2026 22:06:04,1784153164566,-7,15/07/2026 15:06:04,269901,13,task-pkec,repeat-7r7d#1,57237405,,16361732,,complete,,,computer,Desktop or Laptop,Mac OS 10.15,Firefox 150.0,1470x956,1470x810,,,0,Phonetic categorization,25,full_List_10,pass,$${overridespreadsheet},full_List_10,83,phonetic categorization,soundplay,x8jhtp,3,info,audio finished,,456.61999999999534,450,456.61999999999534,456.61999999999534,450,456.61999999999534,0,0,0,,Audio Clip,Audio,1,object-207,phonetic categorization,tip,dip_75.wav,,,tip,dip,,,,expo-10ms,75,,4,unlabeled,,,234,,exposure,A,A,50,16.431676725155,d-right,t,
624,1784153164567,15/07/2026 22:06:04,1784153164567,-7,15/07/2026 15:06:04,269901,13,task-pkec,repeat-7r7d#1,57237405,,16361732,,complete,,,computer,Desktop or Laptop,Mac OS 10.15,Firefox 150.0,1470x956,1470x810,,,0,Phonetic categorization,25,full_List_10,pass,$${overridespreadsheet},full_List_10,83,phonetic categorization,soundplay,x8jhtp,3,continue,,,457.61999999999534,450,457.61999999999534,457.61999999999534,450,457.61999999999534,0,0,0,,Audio Clip,Audio,1,object-207,phonetic categorization,tip,dip_75.wav,,,tip,dip,,,,expo-10ms,75,,4,unlabeled,,,234,,exposure,A,A,50,16.431676725155,d-right,t,
625,1784153164782,15/07/2026 22:06:04,1784153164782,-7,15/07/2026 15:06:04,269901,13,task-pkec,repeat-7r7d#1,57237405,,16361732,,complete,,,computer,Desktop or Laptop,Mac OS 10.15,Firefox 150.0,1470x956,1470x810,,,0,Phonetic categorization,25,full_List_10,pass,$${overridespreadsheet},full_List_10,83,phonetic categorization,2AFC,6i7z8o,4,response,tip,,223.61999999999534,216.67999999999302,223.61999999999534,223.61999999999534,216.67999999999302,223.61999999999534,1,0,0,,Keyboard Response,Keyboard Response,1,object-119,phonetic categorization,tip,dip_75.wav,,,tip,dip,,,,expo-10ms,75,,4,unlabeled,,,234,,exposure,A,A,50,16.431676725155,d-right,t,
626,1784153165980,15/07/2026 22:06:05,1784153165980,-7,15/07/2026 15:06:05,269901,13,task-pkec,repeat-7r7d#1,57237405,,16361732,,complete,,,computer,Desktop or Laptop,Mac OS 10.15,Firefox 150.0,1470x956,1470x810,,,0,Phonetic categorization,25,full_List_10,pass,$${overridespreadsheet},full_List_10,83,phonetic categorization,1.2 second pause,dp6plq,5,timedOut,,,1203.9400000000023,1200,1203.9400000000023,1203.9400000000023,1200,1203.9400000000023,1,0,0,,Time Limit,screen,0,screen,phonetic categorization,tip,dip_75.wav,,,tip,dip,,,,expo-10ms,75,,4,unlabeled,,,234,,exposure,A,A,50,16.431676725155,d-right,t,
627,1784153166478,15/07/2026 22:06:06,1784153166478,-7,15/07/2026 15:06:06,269901,13,task-pkec,repeat-7r7d#1,57237405,,16361732,,complete,,,computer,Desktop or Laptop,Mac OS 10.15,Firefox 150.0,1470x956,1470x810,,,0,Phonetic categorization,25,full_List_10,pass,$${overridespreadsheet},full_List_10,84,phonetic categorization,fixation,99n54d,1,response,,,500,500,500,500,500,500,0,0,0,,Time Limit,screen,0,screen,phonetic categorization,tip,dip_60.wav,,,tip,tin,,,,expo-10ms,60,,4,labeled,,,234,,exposure,A,A,50,16.431676725155,d-right,t,
628,1784153166979,15/07/2026 22:06:06,1784153166979,-7,15/07/2026 15:06:06,269901,13,task-pkec,repeat-7r7d#1,57237405,,16361732,,complete,,,computer,Desktop or Laptop,Mac OS 10.15,Firefox 150.0,1470x956,1470x810,,,0,Phonetic categorization,25,full_List_10,pass,$${overridespreadsheet},full_List_10,84,phonetic categorization,show option,yef3xk,2,response,,,500,500,500,500,500,500,1,0,0,,Time Limit,screen,0,screen,phonetic categorization,tip,dip_60.wav,,,tip,tin,,,,expo-10ms,60,,4,labeled,,,234,,exposure,A,A,50,16.431676725155,d-right,t,
629,1784153166986,15/07/2026 22:06:06,1784153166986,-7,15/07/2026 15:06:06,269901,13,task-pkec,repeat-7r7d#1,57237405,,16361732,,complete,,,computer,Desktop or Laptop,Mac OS 10.15,Firefox 150.0,1470x956,1470x810,,,0,Phonetic categorization,25,full_List_10,pass,$${overridespreadsheet},full_List_10,84,phonetic categorization,soundplay,x8jhtp,3,info,audio started,,9.940000000002328,0,9.940000000002328,9.940000000002328,0,9.940000000002328,0,0,0,,Audio Clip,Audio,1,object-207,phonetic categorization,tip,dip_60.wav,,,tip,tin,,,,expo-10ms,60,,4,labeled,,,234,,exposure,A,A,50,16.431676725155,d-right,t,
630,1784153167419,15/07/2026 22:06:07,1784153167419,-7,15/07/2026 15:06:07,269901,13,task-pkec,repeat-7r7d#1,57237405,,16361732,,complete,,,computer,Desktop or Laptop,Mac OS 10.15,Firefox 150.0,1470x956,1470x810,,,0,Phonetic categorization,25,full_List_10,pass,$${overridespreadsheet},full_List_10,84,phonetic categorization,soundplay,x8jhtp,3,info,audio finished,,442.9400000000023,433.320000000007,442.9400000000023,442.9400000000023,433.320000000007,442.9400000000023,0,0,0,,Audio Clip,Audio,1,object-207,phonetic categorization,tip,dip_60.wav,,,tip,tin,,,,expo-10ms,60,,4,labeled,,,234,,exposure,A,A,50,16.431676725155,d-right,t,
631,1784153167420,15/07/2026 22:06:07,1784153167420,-7,15/07/2026 15:06:07,269901,13,task-pkec,repeat-7r7d#1,57237405,,16361732,,complete,,,computer,Desktop or Laptop,Mac OS 10.15,Firefox 150.0,1470x956,1470x810,,,0,Phonetic categorization,25,full_List_10,pass,$${overridespreadsheet},full_List_10,84,phonetic categorization,soundplay,x8jhtp,3,continue,,,443.9400000000023,433.320000000007,443.9400000000023,443.9400000000023,433.320000000007,443.9400000000023,0,0,0,,Audio Clip,Audio,1,object-207,phonetic categorization,tip,dip_60.wav,,,tip,tin,,,,expo-10ms,60,,4,labeled,,,234,,exposure,A,A,50,16.431676725155,d-right,t,
632,1784153167846,15/07/2026 22:06:07,1784153167846,-7,15/07/2026 15:06:07,269901,13,task-pkec,repeat-7r7d#1,57237405,,16361732,,complete,,,computer,Desktop or Laptop,Mac OS 10.15,Firefox 150.0,1470x956,1470x810,,,0,Phonetic categorization,25,full_List_10,pass,$${overridespreadsheet},full_List_10,84,phonetic categorization,2AFC,6i7z8o,4,response,tip,,433.35999999998603,416.679999999993,433.35999999998603,433.35999999998603,416.679999999993,433.35999999998603,1,0,0,,Keyboard Response,Keyboard Response,1,object-119,phonetic categorization,tip,dip_60.wav,,,tip,tin,,,,expo-10ms,60,,4,labeled,,,234,,exposure,A,A,50,16.431676725155,d-right,t,
633,1784153169030,15/07/2026 22:06:09,1784153169030,-7,15/07/2026 15:06:09,269901,13,task-pkec,repeat-7r7d#1,57237405,,16361732,,complete,,,computer,Desktop or Laptop,Mac OS 10.15,Firefox 150.0,1470x956,1470x810,,,0,Phonetic categorization,25,full_List_10,pass,$${overridespreadsheet},full_List_10,84,phonetic categorization,1.2 second pause,dp6plq,5,timedOut,,,1203.9400000000023,1200,1203.9400000000023,1203.9400000000023,1200,1203.9400000000023,1,0,0,,Time Limit,screen,0,screen,phonetic categorization,tip,dip_60.wav,,,tip,tin,,,,expo-10ms,60,,4,labeled,,,234,,exposure,A,A,50,16.431676725155,d-right,t,
634,1784153169530,15/07/2026 22:06:09,1784153169530,-7,15/07/2026 15:06:09,269901,13,task-pkec,repeat-7r7d#1,57237405,,16361732,,complete,,,computer,Desktop or Laptop,Mac OS 10.15,Firefox 150.0,1470x956,1470x810,,,0,Phonetic categorization,25,full_List_10,pass,$${overridespreadsheet},full_List_10,85,phonetic categorization,fixation,99n54d,1,response,,,500,500,500,500,500,500,0,0,0,,Time Limit,screen,0,screen,phonetic categorization,din,din_15.wav,,,tin,din,,,,expo-10ms,15,,4,unlabeled,,,234,,exposure,A,A,5,8.94427190999916,d-right,d,
635,1784153170029,15/07/2026 22:06:10,1784153170029,-7,15/07/2026 15:06:10,269901,13,task-pkec,repeat-7r7d#1,57237405,,16361732,,complete,,,computer,Desktop or Laptop,Mac OS 10.15,Firefox 150.0,1470x956,1470x810,,,0,Phonetic categorization,25,full_List_10,pass,$${overridespreadsheet},full_List_10,85,phonetic categorization,show option,yef3xk,2,response,,,500,500,500,500,500,500,1,0,0,,Time Limit,screen,0,screen,phonetic categorization,din,din_15.wav,,,tin,din,,,,expo-10ms,15,,4,unlabeled,,,234,,exposure,A,A,5,8.94427190999916,d-right,d,
636,1784153170032,15/07/2026 22:06:10,1784153170032,-7,15/07/2026 15:06:10,269901,13,task-pkec,repeat-7r7d#1,57237405,,16361732,,complete,,,computer,Desktop or Laptop,Mac OS 10.15,Firefox 150.0,1470x956,1470x810,,,0,Phonetic categorization,25,full_List_10,pass,$${overridespreadsheet},full_List_10,85,phonetic categorization,soundplay,x8jhtp,3,info,audio started,,5.940000000002328,0,5.940000000002328,5.940000000002328,0,5.940000000002328,0,0,0,,Audio Clip,Audio,1,object-207,phonetic categorization,din,din_15.wav,,,tin,din,,,,expo-10ms,15,,4,unlabeled,,,234,,exposure,A,A,5,8.94427190999916,d-right,d,
637,1784153170368,15/07/2026 22:06:10,1784153170368,-7,15/07/2026 15:06:10,269901,13,task-pkec,repeat-7r7d#1,57237405,,16361732,,complete,,,computer,Desktop or Laptop,Mac OS 10.15,Firefox 150.0,1470x956,1470x810,,,0,Phonetic categorization,25,full_List_10,pass,$${overridespreadsheet},full_List_10,85,phonetic categorization,soundplay,x8jhtp,3,info,audio finished,,341.9400000000023,333.320000000007,341.9400000000023,341.9400000000023,333.320000000007,341.9400000000023,0,0,0,,Audio Clip,Audio,1,object-207,phonetic categorization,din,din_15.wav,,,tin,din,,,,expo-10ms,15,,4,unlabeled,,,234,,exposure,A,A,5,8.94427190999916,d-right,d,
638,1784153170369,15/07/2026 22:06:10,1784153170369,-7,15/07/2026 15:06:10,269901,13,task-pkec,repeat-7r7d#1,57237405,,16361732,,complete,,,computer,Desktop or Laptop,Mac OS 10.15,Firefox 150.0,1470x956,1470x810,,,0,Phonetic categorization,25,full_List_10,pass,$${overridespreadsheet},full_List_10,85,phonetic categorization,soundplay,x8jhtp,3,continue,,,342.9400000000023,333.320000000007,342.9400000000023,342.9400000000023,333.320000000007,342.9400000000023,0,0,0,,Audio Clip,Audio,1,object-207,phonetic categorization,din,din_15.wav,,,tin,din,,,,expo-10ms,15,,4,unlabeled,,,234,,exposure,A,A,5,8.94427190999916,d-right,d,
639,1784153170830,15/07/2026 22:06:10,1784153170830,-7,15/07/2026 15:06:10,269901,13,task-pkec,repeat-7r7d#1,57237405,,16361732,,complete,,,computer,Desktop or Laptop,Mac OS 10.15,Firefox 150.0,1470x956,1470x810,,,0,Phonetic categorization,25,full_List_10,pass,$${overridespreadsheet},full_List_10,85,phonetic categorization,2AFC,6i7z8o,4,response,din,,470.61999999999534,466.679999999993,470.61999999999534,470.61999999999534,466.679999999993,470.61999999999534,1,0,0,,Keyboard Response,Keyboard Response,1,object-119,phonetic categorization,din,din_15.wav,,,tin,din,,,,expo-10ms,15,,4,unlabeled,,,234,,exposure,A,A,5,8.94427190999916,d-right,d,
640,1784153172026,15/07/2026 22:06:12,1784153172026,-7,15/07/2026 15:06:12,269901,13,task-pkec,repeat-7r7d#1,57237405,,16361732,,complete,,,computer,Desktop or Laptop,Mac OS 10.15,Firefox 150.0,1470x956,1470x810,,,0,Phonetic categorization,25,full_List_10,pass,$${overridespreadsheet},full_List_10,85,phonetic categorization,1.2 second pause,dp6plq,5,timedOut,,,1199.9400000000023,1199.4000000000233,1199.9400000000023,1199.9400000000023,1199.4000000000233,1199.9400000000023,1,0,0,,Time Limit,screen,0,screen,phonetic categorization,din,din_15.wav,,,tin,din,,,,expo-10ms,15,,4,unlabeled,,,234,,exposure,A,A,5,8.94427190999916,d-right,d,
641,1784153172527,15/07/2026 22:06:12,1784153172527,-7,15/07/2026 15:06:12,269901,13,task-pkec,repeat-7r7d#1,57237405,,16361732,,complete,,,computer,Desktop or Laptop,Mac OS 10.15,Firefox 150.0,1470x956,1470x810,,,0,Phonetic categorization,25,full_List_10,pass,$${overridespreadsheet},full_List_10,86,phonetic categorization,fixation,99n54d,1,response,,,500.5999999999767,500.5999999999767,500.5999999999767,500.5999999999767,500.5999999999767,500.5999999999767,0,0,0,,Time Limit,screen,0,screen,phonetic categorization,tip,dip_60.wav,,,tip,dip,,,,expo-10ms,60,,4,unlabeled,,,234,,exposure,A,A,50,16.431676725155,d-right,t,
642,1784153173028,15/07/2026 22:06:13,1784153173028,-7,15/07/2026 15:06:13,269901,13,task-pkec,repeat-7r7d#1,57237405,,16361732,,complete,,,computer,Desktop or Laptop,Mac OS 10.15,Firefox 150.0,1470x956,1470x810,,,0,Phonetic categorization,25,full_List_10,pass,$${overridespreadsheet},full_List_10,86,phonetic categorization,show option,yef3xk,2,response,,,500,500,500,500,500,500,1,0,0,,Time Limit,screen,0,screen,phonetic categorization,tip,dip_60.wav,,,tip,dip,,,,expo-10ms,60,,4,unlabeled,,,234,,exposure,A,A,50,16.431676725155,d-right,t,
643,1784153173032,15/07/2026 22:06:13,1784153173032,-7,15/07/2026 15:06:13,269901,13,task-pkec,repeat-7r7d#1,57237405,,16361732,,complete,,,computer,Desktop or Laptop,Mac OS 10.15,Firefox 150.0,1470x956,1470x810,,,0,Phonetic categorization,25,full_List_10,pass,$${overridespreadsheet},full_List_10,86,phonetic categorization,soundplay,x8jhtp,3,info,audio started,,4.940000000002328,0,4.940000000002328,4.940000000002328,0,4.940000000002328,0,0,0,,Audio Clip,Audio,1,object-207,phonetic categorization,tip,dip_60.wav,,,tip,dip,,,,expo-10ms,60,,4,unlabeled,,,234,,exposure,A,A,50,16.431676725155,d-right,t,
644,1784153173466,15/07/2026 22:06:13,1784153173466,-7,15/07/2026 15:06:13,269901,13,task-pkec,repeat-7r7d#1,57237405,,16361732,,complete,,,computer,Desktop or Laptop,Mac OS 10.15,Firefox 150.0,1470x956,1470x810,,,0,Phonetic categorization,25,full_List_10,pass,$${overridespreadsheet},full_List_10,86,phonetic categorization,soundplay,x8jhtp,3,info,audio finished,,439.9400000000023,433.320000000007,439.9400000000023,439.9400000000023,433.320000000007,439.9400000000023,0,0,0,,Audio Clip,Audio,1,object-207,phonetic categorization,tip,dip_60.wav,,,tip,dip,,,,expo-10ms,60,,4,unlabeled,,,234,,exposure,A,A,50,16.431676725155,d-right,t,
645,1784153173467,15/07/2026 22:06:13,1784153173467,-7,15/07/2026 15:06:13,269901,13,task-pkec,repeat-7r7d#1,57237405,,16361732,,complete,,,computer,Desktop or Laptop,Mac OS 10.15,Firefox 150.0,1470x956,1470x810,,,0,Phonetic categorization,25,full_List_10,pass,$${overridespreadsheet},full_List_10,86,phonetic categorization,soundplay,x8jhtp,3,continue,,,440.9400000000023,433.320000000007,440.9400000000023,440.9400000000023,433.320000000007,440.9400000000023,0,0,0,,Audio Clip,Audio,1,object-207,phonetic categorization,tip,dip_60.wav,,,tip,dip,,,,expo-10ms,60,,4,unlabeled,,,234,,exposure,A,A,50,16.431676725155,d-right,t,
646,1784153173818,15/07/2026 22:06:13,1784153173818,-7,15/07/2026 15:06:13,269901,13,task-pkec,repeat-7r7d#1,57237405,,16361732,,complete,,,computer,Desktop or Laptop,Mac OS 10.15,Firefox 150.0,1470x956,1470x810,,,0,Phonetic categorization,25,full_List_10,pass,$${overridespreadsheet},full_List_10,86,phonetic categorization,2AFC,6i7z8o,4,response,tip,,358.61999999999534,350,358.61999999999534,358.61999999999534,350,358.61999999999534,1,0,0,,Keyboard Response,Keyboard Response,1,object-119,phonetic categorization,tip,dip_60.wav,,,tip,dip,,,,expo-10ms,60,,4,unlabeled,,,234,,exposure,A,A,50,16.431676725155,d-right,t,
647,1784153175010,15/07/2026 22:06:15,1784153175010,-7,15/07/2026 15:06:15,269901,13,task-pkec,repeat-7r7d#1,57237405,,16361732,,complete,,,computer,Desktop or Laptop,Mac OS 10.15,Firefox 150.0,1470x956,1470x810,,,0,Phonetic categorization,25,full_List_10,pass,$${overridespreadsheet},full_List_10,86,phonetic categorization,1.2 second pause,dp6plq,5,timedOut,,,1200.6199999999953,1200,1200.6199999999953,1200.6199999999953,1200,1200.6199999999953,1,0,0,,Time Limit,screen,0,screen,phonetic categorization,tip,dip_60.wav,,,tip,dip,,,,expo-10ms,60,,4,unlabeled,,,234,,exposure,A,A,50,16.431676725155,d-right,t,
648,1784153175514,15/07/2026 22:06:15,1784153175514,-7,15/07/2026 15:06:15,269901,13,task-pkec,repeat-7r7d#1,57237405,,16361732,,complete,,,computer,Desktop or Laptop,Mac OS 10.15,Firefox 150.0,1470x956,1470x810,,,0,Phonetic categorization,25,full_List_10,pass,$${overridespreadsheet},full_List_10,87,phonetic categorization,fixation,99n54d,1,response,,,500,500,500,500,500,500,0,0,0,,Time Limit,screen,0,screen,phonetic categorization,share,share.wav,,,rare,share,,,,expo-10ms,,,4,,,,234,,catch,A,A,,,d-right,,
649,1784153176011,15/07/2026 22:06:16,1784153176011,-7,15/07/2026 15:06:16,269901,13,task-pkec,repeat-7r7d#1,57237405,,16361732,,complete,,,computer,Desktop or Laptop,Mac OS 10.15,Firefox 150.0,1470x956,1470x810,,,0,Phonetic categorization,25,full_List_10,pass,$${overridespreadsheet},full_List_10,87,phonetic categorization,show option,yef3xk,2,response,,,500,500,500,500,500,500,1,0,0,,Time Limit,screen,0,screen,phonetic categorization,share,share.wav,,,rare,share,,,,expo-10ms,,,4,,,,234,,catch,A,A,,,d-right,,
650,1784153176015,15/07/2026 22:06:16,1784153176015,-7,15/07/2026 15:06:16,269901,13,task-pkec,repeat-7r7d#1,57237405,,16361732,,complete,,,computer,Desktop or Laptop,Mac OS 10.15,Firefox 150.0,1470x956,1470x810,,,0,Phonetic categorization,25,full_List_10,pass,$${overridespreadsheet},full_List_10,87,phonetic categorization,soundplay,x8jhtp,3,info,audio started,,5.619999999995343,0,5.619999999995343,5.619999999995343,0,5.619999999995343,0,0,0,,Audio Clip,Audio,1,object-207,phonetic categorization,share,share.wav,,,rare,share,,,,expo-10ms,,,4,,,,234,,catch,A,A,,,d-right,,
651,1784153176563,15/07/2026 22:06:16,1784153176563,-7,15/07/2026 15:06:16,269901,13,task-pkec,repeat-7r7d#1,57237405,,16361732,,complete,,,computer,Desktop or Laptop,Mac OS 10.15,Firefox 150.0,1470x956,1470x810,,,0,Phonetic categorization,25,full_List_10,pass,$${overridespreadsheet},full_List_10,87,phonetic categorization,soundplay,x8jhtp,3,info,audio finished,,554.6199999999953,550,554.6199999999953,554.6199999999953,550,554.6199999999953,0,0,0,,Audio Clip,Audio,1,object-207,phonetic categorization,share,share.wav,,,rare,share,,,,expo-10ms,,,4,,,,234,,catch,A,A,,,d-right,,
652,1784153176564,15/07/2026 22:06:16,1784153176564,-7,15/07/2026 15:06:16,269901,13,task-pkec,repeat-7r7d#1,57237405,,16361732,,complete,,,computer,Desktop or Laptop,Mac OS 10.15,Firefox 150.0,1470x956,1470x810,,,0,Phonetic categorization,25,full_List_10,pass,$${overridespreadsheet},full_List_10,87,phonetic categorization,soundplay,x8jhtp,3,continue,,,555.6199999999953,550,555.6199999999953,555.6199999999953,550,555.6199999999953,0,0,0,,Audio Clip,Audio,1,object-207,phonetic categorization,share,share.wav,,,rare,share,,,,expo-10ms,,,4,,,,234,,catch,A,A,,,d-right,,
653,1784153176731,15/07/2026 22:06:16,1784153176731,-7,15/07/2026 15:06:16,269901,13,task-pkec,repeat-7r7d#1,57237405,,16361732,,complete,,,computer,Desktop or Laptop,Mac OS 10.15,Firefox 150.0,1470x956,1470x810,,,0,Phonetic categorization,25,full_List_10,pass,$${overridespreadsheet},full_List_10,87,phonetic categorization,2AFC,6i7z8o,4,response,share,,170.61999999999534,166.67999999999302,170.61999999999534,170.61999999999534,166.67999999999302,170.61999999999534,1,0,0,,Keyboard Response,Keyboard Response,1,object-119,phonetic categorization,share,share.wav,,,rare,share,,,,expo-10ms,,,4,,,,234,,catch,A,A,,,d-right,,
654,1784153177929,15/07/2026 22:06:17,1784153177929,-7,15/07/2026 15:06:17,269901,13,task-pkec,repeat-7r7d#1,57237405,,16361732,,complete,,,computer,Desktop or Laptop,Mac OS 10.15,Firefox 150.0,1470x956,1470x810,,,0,Phonetic categorization,25,full_List_10,pass,$${overridespreadsheet},full_List_10,87,phonetic categorization,1.2 second pause,dp6plq,5,timedOut,,,1201.9400000000023,1200,1201.9400000000023,1201.9400000000023,1200,1201.9400000000023,1,0,0,,Time Limit,screen,0,screen,phonetic categorization,share,share.wav,,,rare,share,,,,expo-10ms,,,4,,,,234,,catch,A,A,,,d-right,,
655,1784153178429,15/07/2026 22:06:18,1784153178429,-7,15/07/2026 15:06:18,269901,13,task-pkec,repeat-7r7d#1,57237405,,16361732,,complete,,,computer,Desktop or Laptop,Mac OS 10.15,Firefox 150.0,1470x956,1470x810,,,0,Phonetic categorization,25,full_List_10,pass,$${overridespreadsheet},full_List_10,88,phonetic categorization,fixation,99n54d,1,response,,,500,500,500,500,500,500,0,0,0,,Time Limit,screen,0,screen,phonetic categorization,till,dill_85.wav,,,tin,till,,,,expo-10ms,85,,4,labeled,,,234,,exposure,A,A,50,16.431676725155,d-right,t,
656,1784153178929,15/07/2026 22:06:18,1784153178929,-7,15/07/2026 15:06:18,269901,13,task-pkec,repeat-7r7d#1,57237405,,16361732,,complete,,,computer,Desktop or Laptop,Mac OS 10.15,Firefox 150.0,1470x956,1470x810,,,0,Phonetic categorization,25,full_List_10,pass,$${overridespreadsheet},full_List_10,88,phonetic categorization,show option,yef3xk,2,response,,,500,500,500,500,500,500,1,0,0,,Time Limit,screen,0,screen,phonetic categorization,till,dill_85.wav,,,tin,till,,,,expo-10ms,85,,4,labeled,,,234,,exposure,A,A,50,16.431676725155,d-right,t,
657,1784153178935,15/07/2026 22:06:18,1784153178935,-7,15/07/2026 15:06:18,269901,13,task-pkec,repeat-7r7d#1,57237405,,16361732,,complete,,,computer,Desktop or Laptop,Mac OS 10.15,Firefox 150.0,1470x956,1470x810,,,0,Phonetic categorization,25,full_List_10,pass,$${overridespreadsheet},full_List_10,88,phonetic categorization,soundplay,x8jhtp,3,info,audio started,,8.940000000002328,0,8.940000000002328,8.940000000002328,0,8.940000000002328,0,0,0,,Audio Clip,Audio,1,object-207,phonetic categorization,till,dill_85.wav,,,tin,till,,,,expo-10ms,85,,4,labeled,,,234,,exposure,A,A,50,16.431676725155,d-right,t,
658,1784153179329,15/07/2026 22:06:19,1784153179329,-7,15/07/2026 15:06:19,269901,13,task-pkec,repeat-7r7d#1,57237405,,16361732,,complete,,,computer,Desktop or Laptop,Mac OS 10.15,Firefox 150.0,1470x956,1470x810,,,0,Phonetic categorization,25,full_List_10,pass,$${overridespreadsheet},full_List_10,88,phonetic categorization,soundplay,x8jhtp,3,info,audio finished,,402.9400000000023,400,402.9400000000023,402.9400000000023,400,402.9400000000023,0,0,0,,Audio Clip,Audio,1,object-207,phonetic categorization,till,dill_85.wav,,,tin,till,,,,expo-10ms,85,,4,labeled,,,234,,exposure,A,A,50,16.431676725155,d-right,t,
659,1784153179329,15/07/2026 22:06:19,1784153179329,-7,15/07/2026 15:06:19,269901,13,task-pkec,repeat-7r7d#1,57237405,,16361732,,complete,,,computer,Desktop or Laptop,Mac OS 10.15,Firefox 150.0,1470x956,1470x810,,,0,Phonetic categorization,25,full_List_10,pass,$${overridespreadsheet},full_List_10,88,phonetic categorization,soundplay,x8jhtp,3,continue,,,402.9400000000023,400,402.9400000000023,402.9400000000023,400,402.9400000000023,0,0,0,,Audio Clip,Audio,1,object-207,phonetic categorization,till,dill_85.wav,,,tin,till,,,,expo-10ms,85,,4,labeled,,,234,,exposure,A,A,50,16.431676725155,d-right,t,
660,1784153179519,15/07/2026 22:06:19,1784153179519,-7,15/07/2026 15:06:19,269901,13,task-pkec,repeat-7r7d#1,57237405,,16361732,,complete,,,computer,Desktop or Laptop,Mac OS 10.15,Firefox 150.0,1470x956,1470x810,,,0,Phonetic categorization,25,full_List_10,pass,$${overridespreadsheet},full_List_10,88,phonetic categorization,2AFC,6i7z8o,4,response,till,,192.94000000000233,183.32000000000698,192.94000000000233,192.94000000000233,183.32000000000698,192.94000000000233,1,0,0,,Keyboard Response,Keyboard Response,1,object-119,phonetic categorization,till,dill_85.wav,,,tin,till,,,,expo-10ms,85,,4,labeled,,,234,,exposure,A,A,50,16.431676725155,d-right,t,
661,1784153180712,15/07/2026 22:06:20,1784153180712,-7,15/07/2026 15:06:20,269901,13,task-pkec,repeat-7r7d#1,57237405,,16361732,,complete,,,computer,Desktop or Laptop,Mac OS 10.15,Firefox 150.0,1470x956,1470x810,,,0,Phonetic categorization,25,full_List_10,pass,$${overridespreadsheet},full_List_10,88,phonetic categorization,1.2 second pause,dp6plq,5,timedOut,,,1202.6199999999953,1200,1202.6199999999953,1202.6199999999953,1200,1202.6199999999953,1,0,0,,Time Limit,screen,0,screen,phonetic categorization,till,dill_85.wav,,,tin,till,,,,expo-10ms,85,,4,labeled,,,234,,exposure,A,A,50,16.431676725155,d-right,t,
662,1784153181213,15/07/2026 22:06:21,1784153181213,-7,15/07/2026 15:06:21,269901,13,task-pkec,repeat-7r7d#1,57237405,,16361732,,complete,,,computer,Desktop or Laptop,Mac OS 10.15,Firefox 150.0,1470x956,1470x810,,,0,Phonetic categorization,25,full_List_10,pass,$${overridespreadsheet},full_List_10,89,phonetic categorization,fixation,99n54d,1,response,,,500,500,500,500,500,500,0,0,0,,Time Limit,screen,0,screen,phonetic categorization,till,dill_70.wav,,,till,dill,,,,expo-10ms,70,,4,unlabeled,,,234,,exposure,A,A,50,16.431676725155,d-right,t,
663,1784153181712,15/07/2026 22:06:21,1784153181712,-7,15/07/2026 15:06:21,269901,13,task-pkec,repeat-7r7d#1,57237405,,16361732,,complete,,,computer,Desktop or Laptop,Mac OS 10.15,Firefox 150.0,1470x956,1470x810,,,0,Phonetic categorization,25,full_List_10,pass,$${overridespreadsheet},full_List_10,89,phonetic categorization,show option,yef3xk,2,response,,,500,500,500,500,500,500,1,0,0,,Time Limit,screen,0,screen,phonetic categorization,till,dill_70.wav,,,till,dill,,,,expo-10ms,70,,4,unlabeled,,,234,,exposure,A,A,50,16.431676725155,d-right,t,
664,1784153181718,15/07/2026 22:06:21,1784153181718,-7,15/07/2026 15:06:21,269901,13,task-pkec,repeat-7r7d#1,57237405,,16361732,,complete,,,computer,Desktop or Laptop,Mac OS 10.15,Firefox 150.0,1470x956,1470x810,,,0,Phonetic categorization,25,full_List_10,pass,$${overridespreadsheet},full_List_10,89,phonetic categorization,soundplay,x8jhtp,3,info,audio started,,8.619999999995343,0,8.619999999995343,8.619999999995343,0,8.619999999995343,0,0,0,,Audio Clip,Audio,1,object-207,phonetic categorization,till,dill_70.wav,,,till,dill,,,,expo-10ms,70,,4,unlabeled,,,234,,exposure,A,A,50,16.431676725155,d-right,t,
665,1784153182105,15/07/2026 22:06:22,1784153182105,-7,15/07/2026 15:06:22,269901,13,task-pkec,repeat-7r7d#1,57237405,,16361732,,complete,,,computer,Desktop or Laptop,Mac OS 10.15,Firefox 150.0,1470x956,1470x810,,,0,Phonetic categorization,25,full_List_10,pass,$${overridespreadsheet},full_List_10,89,phonetic categorization,soundplay,x8jhtp,3,info,audio finished,,396.61999999999534,383.3399999999674,396.61999999999534,396.61999999999534,383.3399999999674,396.61999999999534,0,0,0,,Audio Clip,Audio,1,object-207,phonetic categorization,till,dill_70.wav,,,till,dill,,,,expo-10ms,70,,4,unlabeled,,,234,,exposure,A,A,50,16.431676725155,d-right,t,
666,1784153182109,15/07/2026 22:06:22,1784153182109,-7,15/07/2026 15:06:22,269901,13,task-pkec,repeat-7r7d#1,57237405,,16361732,,complete,,,computer,Desktop or Laptop,Mac OS 10.15,Firefox 150.0,1470x956,1470x810,,,0,Phonetic categorization,25,full_List_10,pass,$${overridespreadsheet},full_List_10,89,phonetic categorization,soundplay,x8jhtp,3,continue,,,399.61999999999534,383.3399999999674,399.61999999999534,399.61999999999534,383.3399999999674,399.61999999999534,0,0,0,,Audio Clip,Audio,1,object-207,phonetic categorization,till,dill_70.wav,,,till,dill,,,,expo-10ms,70,,4,unlabeled,,,234,,exposure,A,A,50,16.431676725155,d-right,t,
667,1784153182434,15/07/2026 22:06:22,1784153182434,-7,15/07/2026 15:06:22,269901,13,task-pkec,repeat-7r7d#1,57237405,,16361732,,complete,,,computer,Desktop or Laptop,Mac OS 10.15,Firefox 150.0,1470x956,1470x810,,,0,Phonetic categorization,25,full_List_10,pass,$${overridespreadsheet},full_List_10,89,phonetic categorization,2AFC,6i7z8o,4,response,till,,341.28000000002794,333.3400000000256,341.28000000002794,341.28000000002794,333.3400000000256,341.28000000002794,1,0,0,,Keyboard Response,Keyboard Response,1,object-119,phonetic categorization,till,dill_70.wav,,,till,dill,,,,expo-10ms,70,,4,unlabeled,,,234,,exposure,A,A,50,16.431676725155,d-right,t,
668,1784153183626,15/07/2026 22:06:23,1784153183626,-7,15/07/2026 15:06:23,269901,13,task-pkec,repeat-7r7d#1,57237405,,16361732,,complete,,,computer,Desktop or Laptop,Mac OS 10.15,Firefox 150.0,1470x956,1470x810,,,0,Phonetic categorization,25,full_List_10,pass,$${overridespreadsheet},full_List_10,89,phonetic categorization,1.2 second pause,dp6plq,5,timedOut,,,1200.9400000000023,1200,1200.9400000000023,1200.9400000000023,1200,1200.9400000000023,1,0,0,,Time Limit,screen,0,screen,phonetic categorization,till,dill_70.wav,,,till,dill,,,,expo-10ms,70,,4,unlabeled,,,234,,exposure,A,A,50,16.431676725155,d-right,t,
669,1784153184126,15/07/2026 22:06:24,1784153184126,-7,15/07/2026 15:06:24,269901,13,task-pkec,repeat-7r7d#1,57237405,,16361732,,complete,,,computer,Desktop or Laptop,Mac OS 10.15,Firefox 150.0,1470x956,1470x810,,,0,Phonetic categorization,25,full_List_10,pass,$${overridespreadsheet},full_List_10,90,phonetic categorization,fixation,99n54d,1,response,,,500,500,500,500,500,500,0,0,0,,Time Limit,screen,0,screen,phonetic categorization,flare,flare.wav,,,flare,share,,,,expo-10ms,,,4,,,,234,,catch,A,A,,,d-right,,
670,1784153184629,15/07/2026 22:06:24,1784153184629,-7,15/07/2026 15:06:24,269901,13,task-pkec,repeat-7r7d#1,57237405,,16361732,,complete,,,computer,Desktop or Laptop,Mac OS 10.15,Firefox 150.0,1470x956,1470x810,,,0,Phonetic categorization,25,full_List_10,pass,$${overridespreadsheet},full_List_10,90,phonetic categorization,show option,yef3xk,2,response,,,500,500,500,500,500,500,1,0,0,,Time Limit,screen,0,screen,phonetic categorization,flare,flare.wav,,,flare,share,,,,expo-10ms,,,4,,,,234,,catch,A,A,,,d-right,,
671,1784153184634,15/07/2026 22:06:24,1784153184634,-7,15/07/2026 15:06:24,269901,13,task-pkec,repeat-7r7d#1,57237405,,16361732,,complete,,,computer,Desktop or Laptop,Mac OS 10.15,Firefox 150.0,1470x956,1470x810,,,0,Phonetic categorization,25,full_List_10,pass,$${overridespreadsheet},full_List_10,90,phonetic categorization,soundplay,x8jhtp,3,info,audio started,,7.940000000002328,0,7.940000000002328,7.940000000002328,0,7.940000000002328,0,0,0,,Audio Clip,Audio,1,object-207,phonetic categorization,flare,flare.wav,,,flare,share,,,,expo-10ms,,,4,,,,234,,catch,A,A,,,d-right,,
672,1784153185130,15/07/2026 22:06:25,1784153185130,-7,15/07/2026 15:06:25,269901,13,task-pkec,repeat-7r7d#1,57237405,,16361732,,complete,,,computer,Desktop or Laptop,Mac OS 10.15,Firefox 150.0,1470x956,1470x810,,,0,Phonetic categorization,25,full_List_10,pass,$${overridespreadsheet},full_List_10,90,phonetic categorization,soundplay,x8jhtp,3,info,audio finished,,503.9400000000023,500,503.9400000000023,503.9400000000023,500,503.9400000000023,0,0,0,,Audio Clip,Audio,1,object-207,phonetic categorization,flare,flare.wav,,,flare,share,,,,expo-10ms,,,4,,,,234,,catch,A,A,,,d-right,,
673,1784153185131,15/07/2026 22:06:25,1784153185131,-7,15/07/2026 15:06:25,269901,13,task-pkec,repeat-7r7d#1,57237405,,16361732,,complete,,,computer,Desktop or Laptop,Mac OS 10.15,Firefox 150.0,1470x956,1470x810,,,0,Phonetic categorization,25,full_List_10,pass,$${overridespreadsheet},full_List_10,90,phonetic categorization,soundplay,x8jhtp,3,continue,,,504.9400000000023,500,504.9400000000023,504.9400000000023,500,504.9400000000023,0,0,0,,Audio Clip,Audio,1,object-207,phonetic categorization,flare,flare.wav,,,flare,share,,,,expo-10ms,,,4,,,,234,,catch,A,A,,,d-right,,
674,1784153185337,15/07/2026 22:06:25,1784153185337,-7,15/07/2026 15:06:25,269901,13,task-pkec,repeat-7r7d#1,57237405,,16361732,,complete,,,computer,Desktop or Laptop,Mac OS 10.15,Firefox 150.0,1470x956,1470x810,,,0,Phonetic categorization,25,full_List_10,pass,$${overridespreadsheet},full_List_10,90,phonetic categorization,2AFC,6i7z8o,4,response,flare,,211.94000000000233,200,211.94000000000233,211.94000000000233,200,211.94000000000233,1,0,0,,Keyboard Response,Keyboard Response,1,object-119,phonetic categorization,flare,flare.wav,,,flare,share,,,,expo-10ms,,,4,,,,234,,catch,A,A,,,d-right,,
675,1784153186530,15/07/2026 22:06:26,1784153186530,-7,15/07/2026 15:06:26,269901,13,task-pkec,repeat-7r7d#1,57237405,,16361732,,complete,,,computer,Desktop or Laptop,Mac OS 10.15,Firefox 150.0,1470x956,1470x810,,,0,Phonetic categorization,25,full_List_10,pass,$${overridespreadsheet},full_List_10,90,phonetic categorization,1.2 second pause,dp6plq,5,timedOut,,,1202.9400000000023,1200,1202.9400000000023,1202.9400000000023,1200,1202.9400000000023,1,0,0,,Time Limit,screen,0,screen,phonetic categorization,flare,flare.wav,,,flare,share,,,,expo-10ms,,,4,,,,234,,catch,A,A,,,d-right,,
676,1784153187028,15/07/2026 22:06:27,1784153187028,-7,15/07/2026 15:06:27,269901,13,task-pkec,repeat-7r7d#1,57237405,,16361732,,complete,,,computer,Desktop or Laptop,Mac OS 10.15,Firefox 150.0,1470x956,1470x810,,,0,Phonetic categorization,25,full_List_10,pass,$${overridespreadsheet},full_List_10,91,phonetic categorization,fixation,99n54d,1,response,,,500,500,500,500,500,500,0,0,0,,Time Limit,screen,0,screen,phonetic categorization,dill,dill_25.wav,,,dill,din,,,,expo-10ms,25,,4,labeled,,,234,,exposure,A,A,5,8.94427190999916,d-right,d,
677,1784153187526,15/07/2026 22:06:27,1784153187526,-7,15/07/2026 15:06:27,269901,13,task-pkec,repeat-7r7d#1,57237405,,16361732,,complete,,,computer,Desktop or Laptop,Mac OS 10.15,Firefox 150.0,1470x956,1470x810,,,0,Phonetic categorization,25,full_List_10,pass,$${overridespreadsheet},full_List_10,91,phonetic categorization,show option,yef3xk,2,response,,,500,500,500,500,500,500,1,0,0,,Time Limit,screen,0,screen,phonetic categorization,dill,dill_25.wav,,,dill,din,,,,expo-10ms,25,,4,labeled,,,234,,exposure,A,A,5,8.94427190999916,d-right,d,
678,1784153187533,15/07/2026 22:06:27,1784153187533,-7,15/07/2026 15:06:27,269901,13,task-pkec,repeat-7r7d#1,57237405,,16361732,,complete,,,computer,Desktop or Laptop,Mac OS 10.15,Firefox 150.0,1470x956,1470x810,,,0,Phonetic categorization,25,full_List_10,pass,$${overridespreadsheet},full_List_10,91,phonetic categorization,soundplay,x8jhtp,3,info,audio started,,6.940000000002328,0,6.940000000002328,6.940000000002328,0,6.940000000002328,0,0,0,,Audio Clip,Audio,1,object-207,phonetic categorization,dill,dill_25.wav,,,dill,din,,,,expo-10ms,25,,4,labeled,,,234,,exposure,A,A,5,8.94427190999916,d-right,d,
679,1784153187890,15/07/2026 22:06:27,1784153187890,-7,15/07/2026 15:06:27,269901,13,task-pkec,repeat-7r7d#1,57237405,,16361732,,complete,,,computer,Desktop or Laptop,Mac OS 10.15,Firefox 150.0,1470x956,1470x810,,,0,Phonetic categorization,25,full_List_10,pass,$${overridespreadsheet},full_List_10,91,phonetic categorization,soundplay,x8jhtp,3,info,audio finished,,363.9400000000023,350,363.9400000000023,363.9400000000023,350,363.9400000000023,0,0,0,,Audio Clip,Audio,1,object-207,phonetic categorization,dill,dill_25.wav,,,dill,din,,,,expo-10ms,25,,4,labeled,,,234,,exposure,A,A,5,8.94427190999916,d-right,d,
680,1784153187891,15/07/2026 22:06:27,1784153187891,-7,15/07/2026 15:06:27,269901,13,task-pkec,repeat-7r7d#1,57237405,,16361732,,complete,,,computer,Desktop or Laptop,Mac OS 10.15,Firefox 150.0,1470x956,1470x810,,,0,Phonetic categorization,25,full_List_10,pass,$${overridespreadsheet},full_List_10,91,phonetic categorization,soundplay,x8jhtp,3,continue,,,365.9400000000023,350,365.9400000000023,365.9400000000023,350,365.9400000000023,0,0,0,,Audio Clip,Audio,1,object-207,phonetic categorization,dill,dill_25.wav,,,dill,din,,,,expo-10ms,25,,4,labeled,,,234,,exposure,A,A,5,8.94427190999916,d-right,d,
681,1784153188361,15/07/2026 22:06:28,1784153188361,-7,15/07/2026 15:06:28,269901,13,task-pkec,repeat-7r7d#1,57237405,,16361732,,complete,,,computer,Desktop or Laptop,Mac OS 10.15,Firefox 150.0,1470x956,1470x810,,,0,Phonetic categorization,25,full_List_10,pass,$${overridespreadsheet},full_List_10,91,phonetic categorization,2AFC,6i7z8o,4,response,dill,,483.3199999999488,466.6599999999744,483.3199999999488,483.3199999999488,466.6599999999744,483.3199999999488,1,0,0,,Keyboard Response,Keyboard Response,1,object-119,phonetic categorization,dill,dill_25.wav,,,dill,din,,,,expo-10ms,25,,4,labeled,,,234,,exposure,A,A,5,8.94427190999916,d-right,d,
682,1784153189543,15/07/2026 22:06:29,1784153189543,-7,15/07/2026 15:06:29,269901,13,task-pkec,repeat-7r7d#1,57237405,,16361732,,complete,,,computer,Desktop or Laptop,Mac OS 10.15,Firefox 150.0,1470x956,1470x810,,,0,Phonetic categorization,25,full_List_10,pass,$${overridespreadsheet},full_List_10,91,phonetic categorization,1.2 second pause,dp6plq,5,timedOut,,,1200.280000000028,1199.640000000014,1200.280000000028,1200.280000000028,1199.640000000014,1200.280000000028,1,0,0,,Time Limit,screen,0,screen,phonetic categorization,dill,dill_25.wav,,,dill,din,,,,expo-10ms,25,,4,labeled,,,234,,exposure,A,A,5,8.94427190999916,d-right,d,
683,1784153190045,15/07/2026 22:06:30,1784153190045,-7,15/07/2026 15:06:30,269901,13,task-pkec,repeat-7r7d#1,57237405,,16361732,,complete,,,computer,Desktop or Laptop,Mac OS 10.15,Firefox 150.0,1470x956,1470x810,,,0,Phonetic categorization,25,full_List_10,pass,$${overridespreadsheet},full_List_10,92,phonetic categorization,fixation,99n54d,1,response,,,500.35999999998603,500.35999999998603,500.35999999998603,500.35999999998603,500.35999999998603,500.35999999998603,0,0,0,,Time Limit,screen,0,screen,phonetic categorization,till,dill_75.wav,,,tin,till,,,,expo-10ms,75,,4,labeled,,,234,,exposure,A,A,50,16.431676725155,d-right,t,
684,1784153190545,15/07/2026 22:06:30,1784153190545,-7,15/07/2026 15:06:30,269901,13,task-pkec,repeat-7r7d#1,57237405,,16361732,,complete,,,computer,Desktop or Laptop,Mac OS 10.15,Firefox 150.0,1470x956,1470x810,,,0,Phonetic categorization,25,full_List_10,pass,$${overridespreadsheet},full_List_10,92,phonetic categorization,show option,yef3xk,2,response,,,500,500,500,500,500,500,1,0,0,,Time Limit,screen,0,screen,phonetic categorization,till,dill_75.wav,,,tin,till,,,,expo-10ms,75,,4,labeled,,,234,,exposure,A,A,50,16.431676725155,d-right,t,
685,1784153190552,15/07/2026 22:06:30,1784153190552,-7,15/07/2026 15:06:30,269901,13,task-pkec,repeat-7r7d#1,57237405,,16361732,,complete,,,computer,Desktop or Laptop,Mac OS 10.15,Firefox 150.0,1470x956,1470x810,,,0,Phonetic categorization,25,full_List_10,pass,$${overridespreadsheet},full_List_10,92,phonetic categorization,soundplay,x8jhtp,3,info,audio started,,9.28000000002794,0,9.28000000002794,9.28000000002794,0,9.28000000002794,0,0,0,,Audio Clip,Audio,1,object-207,phonetic categorization,till,dill_75.wav,,,tin,till,,,,expo-10ms,75,,4,labeled,,,234,,exposure,A,A,50,16.431676725155,d-right,t,
686,1784153190942,15/07/2026 22:06:30,1784153190942,-7,15/07/2026 15:06:30,269901,13,task-pkec,repeat-7r7d#1,57237405,,16361732,,complete,,,computer,Desktop or Laptop,Mac OS 10.15,Firefox 150.0,1470x956,1470x810,,,0,Phonetic categorization,25,full_List_10,pass,$${overridespreadsheet},full_List_10,92,phonetic categorization,soundplay,x8jhtp,3,info,audio finished,,400.0200000000186,383.3400000000256,400.0200000000186,400.0200000000186,383.3400000000256,400.0200000000186,0,0,0,,Audio Clip,Audio,1,object-207,phonetic categorization,till,dill_75.wav,,,tin,till,,,,expo-10ms,75,,4,labeled,,,234,,exposure,A,A,50,16.431676725155,d-right,t,
687,1784153190943,15/07/2026 22:06:30,1784153190943,-7,15/07/2026 15:06:30,269901,13,task-pkec,repeat-7r7d#1,57237405,,16361732,,complete,,,computer,Desktop or Laptop,Mac OS 10.15,Firefox 150.0,1470x956,1470x810,,,0,Phonetic categorization,25,full_List_10,pass,$${overridespreadsheet},full_List_10,92,phonetic categorization,soundplay,x8jhtp,3,continue,,,400.0200000000186,383.3400000000256,400.0200000000186,400.0200000000186,383.3400000000256,400.0200000000186,0,0,0,,Audio Clip,Audio,1,object-207,phonetic categorization,till,dill_75.wav,,,tin,till,,,,expo-10ms,75,,4,labeled,,,234,,exposure,A,A,50,16.431676725155,d-right,t,
688,1784153191390,15/07/2026 22:06:31,1784153191390,-7,15/07/2026 15:06:31,269901,13,task-pkec,repeat-7r7d#1,57237405,,16361732,,complete,,,computer,Desktop or Laptop,Mac OS 10.15,Firefox 150.0,1470x956,1470x810,,,0,Phonetic categorization,25,full_List_10,pass,$${overridespreadsheet},full_List_10,92,phonetic categorization,2AFC,6i7z8o,4,response,till,,463.9400000000023,450,463.9400000000023,463.9400000000023,450,463.9400000000023,1,0,0,,Keyboard Response,Keyboard Response,1,object-119,phonetic categorization,till,dill_75.wav,,,tin,till,,,,expo-10ms,75,,4,labeled,,,234,,exposure,A,A,50,16.431676725155,d-right,t,
689,1784153192579,15/07/2026 22:06:32,1784153192579,-7,15/07/2026 15:06:32,269901,13,task-pkec,repeat-7r7d#1,57237405,,16361732,,complete,,,computer,Desktop or Laptop,Mac OS 10.15,Firefox 150.0,1470x956,1470x810,,,0,Phonetic categorization,25,full_List_10,pass,$${overridespreadsheet},full_List_10,92,phonetic categorization,1.2 second pause,dp6plq,5,timedOut,,,1202.9400000000023,1200,1202.9400000000023,1202.9400000000023,1200,1202.9400000000023,1,0,0,,Time Limit,screen,0,screen,phonetic categorization,till,dill_75.wav,,,tin,till,,,,expo-10ms,75,,4,labeled,,,234,,exposure,A,A,50,16.431676725155,d-right,t,
690,1784153193078,15/07/2026 22:06:33,1784153193078,-7,15/07/2026 15:06:33,269901,13,task-pkec,repeat-7r7d#1,57237405,,16361732,,complete,,,computer,Desktop or Laptop,Mac OS 10.15,Firefox 150.0,1470x956,1470x810,,,0,Phonetic categorization,25,full_List_10,pass,$${overridespreadsheet},full_List_10,93,phonetic categorization,fixation,99n54d,1,response,,,500,500,500,500,500,500,0,0,0,,Time Limit,screen,0,screen,phonetic categorization,till,dill_75.wav,,,till,dill,,,,expo-10ms,75,,4,unlabeled,,,234,,exposure,A,A,50,16.431676725155,d-right,t,
691,1784153193579,15/07/2026 22:06:33,1784153193579,-7,15/07/2026 15:06:33,269901,13,task-pkec,repeat-7r7d#1,57237405,,16361732,,complete,,,computer,Desktop or Laptop,Mac OS 10.15,Firefox 150.0,1470x956,1470x810,,,0,Phonetic categorization,25,full_List_10,pass,$${overridespreadsheet},full_List_10,93,phonetic categorization,show option,yef3xk,2,response,,,500,500,500,500,500,500,1,0,0,,Time Limit,screen,0,screen,phonetic categorization,till,dill_75.wav,,,till,dill,,,,expo-10ms,75,,4,unlabeled,,,234,,exposure,A,A,50,16.431676725155,d-right,t,
692,1784153193586,15/07/2026 22:06:33,1784153193586,-7,15/07/2026 15:06:33,269901,13,task-pkec,repeat-7r7d#1,57237405,,16361732,,complete,,,computer,Desktop or Laptop,Mac OS 10.15,Firefox 150.0,1470x956,1470x810,,,0,Phonetic categorization,25,full_List_10,pass,$${overridespreadsheet},full_List_10,93,phonetic categorization,soundplay,x8jhtp,3,info,audio started,,9.940000000002328,0,9.940000000002328,9.940000000002328,0,9.940000000002328,0,0,0,,Audio Clip,Audio,1,object-207,phonetic categorization,till,dill_75.wav,,,till,dill,,,,expo-10ms,75,,4,unlabeled,,,234,,exposure,A,A,50,16.431676725155,d-right,t,
693,1784153193996,15/07/2026 22:06:33,1784153193996,-7,15/07/2026 15:06:33,269901,13,task-pkec,repeat-7r7d#1,57237405,,16361732,,complete,,,computer,Desktop or Laptop,Mac OS 10.15,Firefox 150.0,1470x956,1470x810,,,0,Phonetic categorization,25,full_List_10,pass,$${overridespreadsheet},full_List_10,93,phonetic categorization,soundplay,x8jhtp,3,info,audio finished,,419.9400000000023,416.6599999999744,419.9400000000023,419.9400000000023,416.6599999999744,419.9400000000023,0,0,0,,Audio Clip,Audio,1,object-207,phonetic categorization,till,dill_75.wav,,,till,dill,,,,expo-10ms,75,,4,unlabeled,,,234,,exposure,A,A,50,16.431676725155,d-right,t,
694,1784153193996,15/07/2026 22:06:33,1784153193996,-7,15/07/2026 15:06:33,269901,13,task-pkec,repeat-7r7d#1,57237405,,16361732,,complete,,,computer,Desktop or Laptop,Mac OS 10.15,Firefox 150.0,1470x956,1470x810,,,0,Phonetic categorization,25,full_List_10,pass,$${overridespreadsheet},full_List_10,93,phonetic categorization,soundplay,x8jhtp,3,continue,,,420.9400000000023,416.6599999999744,420.9400000000023,420.9400000000023,416.6599999999744,420.9400000000023,0,0,0,,Audio Clip,Audio,1,object-207,phonetic categorization,till,dill_75.wav,,,till,dill,,,,expo-10ms,75,,4,unlabeled,,,234,,exposure,A,A,50,16.431676725155,d-right,t,
695,1784153194223,15/07/2026 22:06:34,1784153194223,-7,15/07/2026 15:06:34,269901,13,task-pkec,repeat-7r7d#1,57237405,,16361732,,complete,,,computer,Desktop or Laptop,Mac OS 10.15,Firefox 150.0,1470x956,1470x810,,,0,Phonetic categorization,25,full_List_10,pass,$${overridespreadsheet},full_List_10,93,phonetic categorization,2AFC,6i7z8o,4,response,till,,231.28000000002794,216.6600000000326,231.28000000002794,231.28000000002794,216.6600000000326,231.28000000002794,1,0,0,,Keyboard Response,Keyboard Response,1,object-119,phonetic categorization,till,dill_75.wav,,,till,dill,,,,expo-10ms,75,,4,unlabeled,,,234,,exposure,A,A,50,16.431676725155,d-right,t,
696,1784153195413,15/07/2026 22:06:35,1784153195413,-7,15/07/2026 15:06:35,269901,13,task-pkec,repeat-7r7d#1,57237405,,16361732,,complete,,,computer,Desktop or Laptop,Mac OS 10.15,Firefox 150.0,1470x956,1470x810,,,0,Phonetic categorization,25,full_List_10,pass,$${overridespreadsheet},full_List_10,93,phonetic categorization,1.2 second pause,dp6plq,5,timedOut,,,1203.6199999999953,1200,1203.6199999999953,1203.6199999999953,1200,1203.6199999999953,1,0,0,,Time Limit,screen,0,screen,phonetic categorization,till,dill_75.wav,,,till,dill,,,,expo-10ms,75,,4,unlabeled,,,234,,exposure,A,A,50,16.431676725155,d-right,t,
697,1784153195912,15/07/2026 22:06:35,1784153195912,-7,15/07/2026 15:06:35,269901,13,task-pkec,repeat-7r7d#1,57237405,,16361732,,complete,,,computer,Desktop or Laptop,Mac OS 10.15,Firefox 150.0,1470x956,1470x810,,,0,Phonetic categorization,25,full_List_10,pass,$${overridespreadsheet},full_List_10,94,phonetic categorization,fixation,99n54d,1,response,,,500,500,500,500,500,500,0,0,0,,Time Limit,screen,0,screen,phonetic categorization,dip,dip_30.wav,,,din,dip,,,,expo-10ms,30,,4,labeled,,,234,,exposure,A,A,5,8.94427190999916,d-right,d,
698,1784153196412,15/07/2026 22:06:36,1784153196412,-7,15/07/2026 15:06:36,269901,13,task-pkec,repeat-7r7d#1,57237405,,16361732,,complete,,,computer,Desktop or Laptop,Mac OS 10.15,Firefox 150.0,1470x956,1470x810,,,0,Phonetic categorization,25,full_List_10,pass,$${overridespreadsheet},full_List_10,94,phonetic categorization,show option,yef3xk,2,response,,,500,500,500,500,500,500,1,0,0,,Time Limit,screen,0,screen,phonetic categorization,dip,dip_30.wav,,,din,dip,,,,expo-10ms,30,,4,labeled,,,234,,exposure,A,A,5,8.94427190999916,d-right,d,
699,1784153196418,15/07/2026 22:06:36,1784153196418,-7,15/07/2026 15:06:36,269901,13,task-pkec,repeat-7r7d#1,57237405,,16361732,,complete,,,computer,Desktop or Laptop,Mac OS 10.15,Firefox 150.0,1470x956,1470x810,,,0,Phonetic categorization,25,full_List_10,pass,$${overridespreadsheet},full_List_10,94,phonetic categorization,soundplay,x8jhtp,3,info,audio started,,9.619999999995343,0,9.619999999995343,9.619999999995343,0,9.619999999995343,0,0,0,,Audio Clip,Audio,1,object-207,phonetic categorization,dip,dip_30.wav,,,din,dip,,,,expo-10ms,30,,4,labeled,,,234,,exposure,A,A,5,8.94427190999916,d-right,d,
700,1784153196833,15/07/2026 22:06:36,1784153196833,-7,15/07/2026 15:06:36,269901,13,task-pkec,repeat-7r7d#1,57237405,,16361732,,complete,,,computer,Desktop or Laptop,Mac OS 10.15,Firefox 150.0,1470x956,1470x810,,,0,Phonetic categorization,25,full_List_10,pass,$${overridespreadsheet},full_List_10,94,phonetic categorization,soundplay,x8jhtp,3,info,audio finished,,424.61999999999534,416.4199999999837,424.61999999999534,424.61999999999534,416.4199999999837,424.61999999999534,0,0,0,,Audio Clip,Audio,1,object-207,phonetic categorization,dip,dip_30.wav,,,din,dip,,,,expo-10ms,30,,4,labeled,,,234,,exposure,A,A,5,8.94427190999916,d-right,d,
701,1784153196834,15/07/2026 22:06:36,1784153196834,-7,15/07/2026 15:06:36,269901,13,task-pkec,repeat-7r7d#1,57237405,,16361732,,complete,,,computer,Desktop or Laptop,Mac OS 10.15,Firefox 150.0,1470x956,1470x810,,,0,Phonetic categorization,25,full_List_10,pass,$${overridespreadsheet},full_List_10,94,phonetic categorization,soundplay,x8jhtp,3,continue,,,424.61999999999534,416.4199999999837,424.61999999999534,424.61999999999534,416.4199999999837,424.61999999999534,0,0,0,,Audio Clip,Audio,1,object-207,phonetic categorization,dip,dip_30.wav,,,din,dip,,,,expo-10ms,30,,4,labeled,,,234,,exposure,A,A,5,8.94427190999916,d-right,d,
702,1784153197155,15/07/2026 22:06:37,1784153197155,-7,15/07/2026 15:06:37,269901,13,task-pkec,repeat-7r7d#1,57237405,,16361732,,complete,,,computer,Desktop or Laptop,Mac OS 10.15,Firefox 150.0,1470x956,1470x810,,,0,Phonetic categorization,25,full_List_10,pass,$${overridespreadsheet},full_List_10,94,phonetic categorization,2AFC,6i7z8o,4,response,dip,,328.20000000001164,316.9199999999837,328.20000000001164,328.20000000001164,316.9199999999837,328.20000000001164,1,0,0,,Keyboard Response,Keyboard Response,1,object-119,phonetic categorization,dip,dip_30.wav,,,din,dip,,,,expo-10ms,30,,4,labeled,,,234,,exposure,A,A,5,8.94427190999916,d-right,d,
703,1784153198346,15/07/2026 22:06:38,1784153198346,-7,15/07/2026 15:06:38,269901,13,task-pkec,repeat-7r7d#1,57237405,,16361732,,complete,,,computer,Desktop or Laptop,Mac OS 10.15,Firefox 150.0,1470x956,1470x810,,,0,Phonetic categorization,25,full_List_10,pass,$${overridespreadsheet},full_List_10,94,phonetic categorization,1.2 second pause,dp6plq,5,timedOut,,,1203.280000000028,1200,1203.280000000028,1203.280000000028,1200,1203.280000000028,1,0,0,,Time Limit,screen,0,screen,phonetic categorization,dip,dip_30.wav,,,din,dip,,,,expo-10ms,30,,4,labeled,,,234,,exposure,A,A,5,8.94427190999916,d-right,d,
704,1784153198846,15/07/2026 22:06:38,1784153198846,-7,15/07/2026 15:06:38,269901,13,task-pkec,repeat-7r7d#1,57237405,,16361732,,complete,,,computer,Desktop or Laptop,Mac OS 10.15,Firefox 150.0,1470x956,1470x810,,,0,Phonetic categorization,25,full_List_10,pass,$${overridespreadsheet},full_List_10,95,phonetic categorization,fixation,99n54d,1,response,,,500,500,500,500,500,500,0,0,0,,Time Limit,screen,0,screen,phonetic categorization,dill,dill_15.wav,,,dill,din,,,,expo-10ms,15,,4,labeled,,,234,,exposure,A,A,5,8.94427190999916,d-right,d,
705,1784153199344,15/07/2026 22:06:39,1784153199344,-7,15/07/2026 15:06:39,269901,13,task-pkec,repeat-7r7d#1,57237405,,16361732,,complete,,,computer,Desktop or Laptop,Mac OS 10.15,Firefox 150.0,1470x956,1470x810,,,0,Phonetic categorization,25,full_List_10,pass,$${overridespreadsheet},full_List_10,95,phonetic categorization,show option,yef3xk,2,response,,,500,500,500,500,500,500,1,0,0,,Time Limit,screen,0,screen,phonetic categorization,dill,dill_15.wav,,,dill,din,,,,expo-10ms,15,,4,labeled,,,234,,exposure,A,A,5,8.94427190999916,d-right,d,
706,1784153199351,15/07/2026 22:06:39,1784153199351,-7,15/07/2026 15:06:39,269901,13,task-pkec,repeat-7r7d#1,57237405,,16361732,,complete,,,computer,Desktop or Laptop,Mac OS 10.15,Firefox 150.0,1470x956,1470x810,,,0,Phonetic categorization,25,full_List_10,pass,$${overridespreadsheet},full_List_10,95,phonetic categorization,soundplay,x8jhtp,3,info,audio started,,8.28000000002794,0,8.28000000002794,8.28000000002794,0,8.28000000002794,0,0,0,,Audio Clip,Audio,1,object-207,phonetic categorization,dill,dill_15.wav,,,dill,din,,,,expo-10ms,15,,4,labeled,,,234,,exposure,A,A,5,8.94427190999916,d-right,d,
707,1784153199703,15/07/2026 22:06:39,1784153199703,-7,15/07/2026 15:06:39,269901,13,task-pkec,repeat-7r7d#1,57237405,,16361732,,complete,,,computer,Desktop or Laptop,Mac OS 10.15,Firefox 150.0,1470x956,1470x810,,,0,Phonetic categorization,25,full_List_10,pass,$${overridespreadsheet},full_List_10,95,phonetic categorization,soundplay,x8jhtp,3,info,audio finished,,359.28000000002794,350,359.28000000002794,359.28000000002794,350,359.28000000002794,0,0,0,,Audio Clip,Audio,1,object-207,phonetic categorization,dill,dill_15.wav,,,dill,din,,,,expo-10ms,15,,4,labeled,,,234,,exposure,A,A,5,8.94427190999916,d-right,d,
708,1784153199704,15/07/2026 22:06:39,1784153199704,-7,15/07/2026 15:06:39,269901,13,task-pkec,repeat-7r7d#1,57237405,,16361732,,complete,,,computer,Desktop or Laptop,Mac OS 10.15,Firefox 150.0,1470x956,1470x810,,,0,Phonetic categorization,25,full_List_10,pass,$${overridespreadsheet},full_List_10,95,phonetic categorization,soundplay,x8jhtp,3,continue,,,361.28000000002794,350,361.28000000002794,361.28000000002794,350,361.28000000002794,0,0,0,,Audio Clip,Audio,1,object-207,phonetic categorization,dill,dill_15.wav,,,dill,din,,,,expo-10ms,15,,4,labeled,,,234,,exposure,A,A,5,8.94427190999916,d-right,d,
709,1784153200031,15/07/2026 22:06:40,1784153200031,-7,15/07/2026 15:06:40,269901,13,task-pkec,repeat-7r7d#1,57237405,,16361732,,complete,,,computer,Desktop or Laptop,Mac OS 10.15,Firefox 150.0,1470x956,1470x810,,,0,Phonetic categorization,25,full_List_10,pass,$${overridespreadsheet},full_List_10,95,phonetic categorization,2AFC,6i7z8o,4,response,dill,,338.28000000002794,333.3400000000256,338.28000000002794,338.28000000002794,333.3400000000256,338.28000000002794,1,0,0,,Keyboard Response,Keyboard Response,1,object-119,phonetic categorization,dill,dill_15.wav,,,dill,din,,,,expo-10ms,15,,4,labeled,,,234,,exposure,A,A,5,8.94427190999916,d-right,d,
710,1784153201228,15/07/2026 22:06:41,1784153201228,-7,15/07/2026 15:06:41,269901,13,task-pkec,repeat-7r7d#1,57237405,,16361732,,complete,,,computer,Desktop or Laptop,Mac OS 10.15,Firefox 150.0,1470x956,1470x810,,,0,Phonetic categorization,25,full_List_10,pass,$${overridespreadsheet},full_List_10,95,phonetic categorization,1.2 second pause,dp6plq,5,timedOut,,,1200.9400000000023,1200,1200.9400000000023,1200.9400000000023,1200,1200.9400000000023,1,0,0,,Time Limit,screen,0,screen,phonetic categorization,dill,dill_15.wav,,,dill,din,,,,expo-10ms,15,,4,labeled,,,234,,exposure,A,A,5,8.94427190999916,d-right,d,
711,1784153201729,15/07/2026 22:06:41,1784153201729,-7,15/07/2026 15:06:41,269901,13,task-pkec,repeat-7r7d#1,57237405,,16361732,,complete,,,computer,Desktop or Laptop,Mac OS 10.15,Firefox 150.0,1470x956,1470x810,,,0,Phonetic categorization,25,full_List_10,pass,$${overridespreadsheet},full_List_10,96,phonetic categorization,fixation,99n54d,1,response,,,500,500,500,500,500,500,0,0,0,,Time Limit,screen,0,screen,phonetic categorization,dip,dip_5.wav,,,din,dip,,,,expo-10ms,5,,4,labeled,,,234,,exposure,A,A,5,8.94427190999916,d-right,d,
712,1784153202228,15/07/2026 22:06:42,1784153202228,-7,15/07/2026 15:06:42,269901,13,task-pkec,repeat-7r7d#1,57237405,,16361732,,complete,,,computer,Desktop or Laptop,Mac OS 10.15,Firefox 150.0,1470x956,1470x810,,,0,Phonetic categorization,25,full_List_10,pass,$${overridespreadsheet},full_List_10,96,phonetic categorization,show option,yef3xk,2,response,,,500,500,500,500,500,500,1,0,0,,Time Limit,screen,0,screen,phonetic categorization,dip,dip_5.wav,,,din,dip,,,,expo-10ms,5,,4,labeled,,,234,,exposure,A,A,5,8.94427190999916,d-right,d,
713,1784153202237,15/07/2026 22:06:42,1784153202237,-7,15/07/2026 15:06:42,269901,13,task-pkec,repeat-7r7d#1,57237405,,16361732,,complete,,,computer,Desktop or Laptop,Mac OS 10.15,Firefox 150.0,1470x956,1470x810,,,0,Phonetic categorization,25,full_List_10,pass,$${overridespreadsheet},full_List_10,96,phonetic categorization,soundplay,x8jhtp,3,info,audio started,,10.940000000002328,0,10.940000000002328,10.940000000002328,0,10.940000000002328,0,0,0,,Audio Clip,Audio,1,object-207,phonetic categorization,dip,dip_5.wav,,,din,dip,,,,expo-10ms,5,,4,labeled,,,234,,exposure,A,A,5,8.94427190999916,d-right,d,
714,1784153202638,15/07/2026 22:06:42,1784153202638,-7,15/07/2026 15:06:42,269901,13,task-pkec,repeat-7r7d#1,57237405,,16361732,,complete,,,computer,Desktop or Laptop,Mac OS 10.15,Firefox 150.0,1470x956,1470x810,,,0,Phonetic categorization,25,full_List_10,pass,$${overridespreadsheet},full_List_10,96,phonetic categorization,soundplay,x8jhtp,3,info,audio finished,,411.9400000000023,400,411.9400000000023,411.9400000000023,400,411.9400000000023,0,0,0,,Audio Clip,Audio,1,object-207,phonetic categorization,dip,dip_5.wav,,,din,dip,,,,expo-10ms,5,,4,labeled,,,234,,exposure,A,A,5,8.94427190999916,d-right,d,
715,1784153202639,15/07/2026 22:06:42,1784153202639,-7,15/07/2026 15:06:42,269901,13,task-pkec,repeat-7r7d#1,57237405,,16361732,,complete,,,computer,Desktop or Laptop,Mac OS 10.15,Firefox 150.0,1470x956,1470x810,,,0,Phonetic categorization,25,full_List_10,pass,$${overridespreadsheet},full_List_10,96,phonetic categorization,soundplay,x8jhtp,3,continue,,,412.9400000000023,400,412.9400000000023,412.9400000000023,400,412.9400000000023,0,0,0,,Audio Clip,Audio,1,object-207,phonetic categorization,dip,dip_5.wav,,,din,dip,,,,expo-10ms,5,,4,labeled,,,234,,exposure,A,A,5,8.94427190999916,d-right,d,
716,1784153203004,15/07/2026 22:06:43,1784153203004,-7,15/07/2026 15:06:43,269901,13,task-pkec,repeat-7r7d#1,57237405,,16361732,,complete,,,computer,Desktop or Laptop,Mac OS 10.15,Firefox 150.0,1470x956,1470x810,,,0,Phonetic categorization,25,full_List_10,pass,$${overridespreadsheet},full_List_10,96,phonetic categorization,2AFC,6i7z8o,4,response,dip,,376.9400000000023,366.6599999999744,376.9400000000023,376.9400000000023,366.6599999999744,376.9400000000023,1,0,0,,Keyboard Response,Keyboard Response,1,object-119,phonetic categorization,dip,dip_5.wav,,,din,dip,,,,expo-10ms,5,,4,labeled,,,234,,exposure,A,A,5,8.94427190999916,d-right,d,
717,1784153204196,15/07/2026 22:06:44,1784153204196,-7,15/07/2026 15:06:44,269901,13,task-pkec,repeat-7r7d#1,57237405,,16361732,,complete,,,computer,Desktop or Laptop,Mac OS 10.15,Firefox 150.0,1470x956,1470x810,,,0,Phonetic categorization,25,full_List_10,pass,$${overridespreadsheet},full_List_10,96,phonetic categorization,1.2 second pause,dp6plq,5,timedOut,,,1203.280000000028,1200,1203.280000000028,1203.280000000028,1200,1203.280000000028,1,0,0,,Time Limit,screen,0,screen,phonetic categorization,dip,dip_5.wav,,,din,dip,,,,expo-10ms,5,,4,labeled,,,234,,exposure,A,A,5,8.94427190999916,d-right,d,
718,1784153204696,15/07/2026 22:06:44,1784153204696,-7,15/07/2026 15:06:44,269901,13,task-pkec,repeat-7r7d#1,57237405,,16361732,,complete,,,computer,Desktop or Laptop,Mac OS 10.15,Firefox 150.0,1470x956,1470x810,,,0,Phonetic categorization,25,full_List_10,pass,$${overridespreadsheet},full_List_10,97,phonetic categorization,fixation,99n54d,1,response,,,500,500,500,500,500,500,0,0,0,,Time Limit,screen,0,screen,phonetic categorization,dip,dip_30.wav,,,tip,dip,,,,expo-10ms,30,,4,unlabeled,,,234,,exposure,A,A,5,8.94427190999916,d-right,d,
719,1784153205195,15/07/2026 22:06:45,1784153205195,-7,15/07/2026 15:06:45,269901,13,task-pkec,repeat-7r7d#1,57237405,,16361732,,complete,,,computer,Desktop or Laptop,Mac OS 10.15,Firefox 150.0,1470x956,1470x810,,,0,Phonetic categorization,25,full_List_10,pass,$${overridespreadsheet},full_List_10,97,phonetic categorization,show option,yef3xk,2,response,,,500,500,500,500,500,500,1,0,0,,Time Limit,screen,0,screen,phonetic categorization,dip,dip_30.wav,,,tip,dip,,,,expo-10ms,30,,4,unlabeled,,,234,,exposure,A,A,5,8.94427190999916,d-right,d,
720,1784153205201,15/07/2026 22:06:45,1784153205201,-7,15/07/2026 15:06:45,269901,13,task-pkec,repeat-7r7d#1,57237405,,16361732,,complete,,,computer,Desktop or Laptop,Mac OS 10.15,Firefox 150.0,1470x956,1470x810,,,0,Phonetic categorization,25,full_List_10,pass,$${overridespreadsheet},full_List_10,97,phonetic categorization,soundplay,x8jhtp,3,info,audio started,,9.28000000002794,0,9.28000000002794,9.28000000002794,0,9.28000000002794,0,0,0,,Audio Clip,Audio,1,object-207,phonetic categorization,dip,dip_30.wav,,,tip,dip,,,,expo-10ms,30,,4,unlabeled,,,234,,exposure,A,A,5,8.94427190999916,d-right,d,
721,1784153205617,15/07/2026 22:06:45,1784153205617,-7,15/07/2026 15:06:45,269901,13,task-pkec,repeat-7r7d#1,57237405,,16361732,,complete,,,computer,Desktop or Laptop,Mac OS 10.15,Firefox 150.0,1470x956,1470x810,,,0,Phonetic categorization,25,full_List_10,pass,$${overridespreadsheet},full_List_10,97,phonetic categorization,soundplay,x8jhtp,3,info,audio finished,,424.28000000002794,416.6600000000326,424.28000000002794,424.28000000002794,416.6600000000326,424.28000000002794,0,0,0,,Audio Clip,Audio,1,object-207,phonetic categorization,dip,dip_30.wav,,,tip,dip,,,,expo-10ms,30,,4,unlabeled,,,234,,exposure,A,A,5,8.94427190999916,d-right,d,
722,1784153205618,15/07/2026 22:06:45,1784153205618,-7,15/07/2026 15:06:45,269901,13,task-pkec,repeat-7r7d#1,57237405,,16361732,,complete,,,computer,Desktop or Laptop,Mac OS 10.15,Firefox 150.0,1470x956,1470x810,,,0,Phonetic categorization,25,full_List_10,pass,$${overridespreadsheet},full_List_10,97,phonetic categorization,soundplay,x8jhtp,3,continue,,,425.28000000002794,416.6600000000326,425.28000000002794,425.28000000002794,416.6600000000326,425.28000000002794,0,0,0,,Audio Clip,Audio,1,object-207,phonetic categorization,dip,dip_30.wav,,,tip,dip,,,,expo-10ms,30,,4,unlabeled,,,234,,exposure,A,A,5,8.94427190999916,d-right,d,
723,1784153205967,15/07/2026 22:06:45,1784153205967,-7,15/07/2026 15:06:45,269901,13,task-pkec,repeat-7r7d#1,57237405,,16361732,,complete,,,computer,Desktop or Laptop,Mac OS 10.15,Firefox 150.0,1470x956,1470x810,,,0,Phonetic categorization,25,full_List_10,pass,$${overridespreadsheet},full_List_10,97,phonetic categorization,2AFC,6i7z8o,4,response,dip,,358.61999999999534,350,358.61999999999534,358.61999999999534,350,358.61999999999534,1,0,0,,Keyboard Response,Keyboard Response,1,object-119,phonetic categorization,dip,dip_30.wav,,,tip,dip,,,,expo-10ms,30,,4,unlabeled,,,234,,exposure,A,A,5,8.94427190999916,d-right,d,
724,1784153207164,15/07/2026 22:06:47,1784153207164,-7,15/07/2026 15:06:47,269901,13,task-pkec,repeat-7r7d#1,57237405,,16361732,,complete,,,computer,Desktop or Laptop,Mac OS 10.15,Firefox 150.0,1470x956,1470x810,,,0,Phonetic categorization,25,full_List_10,pass,$${overridespreadsheet},full_List_10,97,phonetic categorization,1.2 second pause,dp6plq,5,timedOut,,,1204.6199999999953,1202.179999999993,1204.6199999999953,1204.6199999999953,1202.179999999993,1204.6199999999953,1,0,0,,Time Limit,screen,0,screen,phonetic categorization,dip,dip_30.wav,,,tip,dip,,,,expo-10ms,30,,4,unlabeled,,,234,,exposure,A,A,5,8.94427190999916,d-right,d,
725,1784153207665,15/07/2026 22:06:47,1784153207665,-7,15/07/2026 15:06:47,269901,13,task-pkec,repeat-7r7d#1,57237405,,16361732,,complete,,,computer,Desktop or Laptop,Mac OS 10.15,Firefox 150.0,1470x956,1470x810,,,0,Phonetic categorization,25,full_List_10,pass,$${overridespreadsheet},full_List_10,98,phonetic categorization,fixation,99n54d,1,response,,,500,500,500,500,500,500,0,0,0,,Time Limit,screen,0,screen,phonetic categorization,till,dill_65.wav,,,tin,till,,,,expo-10ms,65,,4,labeled,,,234,,exposure,A,A,50,16.431676725155,d-right,t,
726,1784153208165,15/07/2026 22:06:48,1784153208165,-7,15/07/2026 15:06:48,269901,13,task-pkec,repeat-7r7d#1,57237405,,16361732,,complete,,,computer,Desktop or Laptop,Mac OS 10.15,Firefox 150.0,1470x956,1470x810,,,0,Phonetic categorization,25,full_List_10,pass,$${overridespreadsheet},full_List_10,98,phonetic categorization,show option,yef3xk,2,response,,,500,500,500,500,500,500,1,0,0,,Time Limit,screen,0,screen,phonetic categorization,till,dill_65.wav,,,tin,till,,,,expo-10ms,65,,4,labeled,,,234,,exposure,A,A,50,16.431676725155,d-right,t,
727,1784153208172,15/07/2026 22:06:48,1784153208172,-7,15/07/2026 15:06:48,269901,13,task-pkec,repeat-7r7d#1,57237405,,16361732,,complete,,,computer,Desktop or Laptop,Mac OS 10.15,Firefox 150.0,1470x956,1470x810,,,0,Phonetic categorization,25,full_List_10,pass,$${overridespreadsheet},full_List_10,98,phonetic categorization,soundplay,x8jhtp,3,info,audio started,,11.440000000002328,0,11.440000000002328,11.440000000002328,0,11.440000000002328,0,0,0,,Audio Clip,Audio,1,object-207,phonetic categorization,till,dill_65.wav,,,tin,till,,,,expo-10ms,65,,4,labeled,,,234,,exposure,A,A,50,16.431676725155,d-right,t,
728,1784153208556,15/07/2026 22:06:48,1784153208556,-7,15/07/2026 15:06:48,269901,13,task-pkec,repeat-7r7d#1,57237405,,16361732,,complete,,,computer,Desktop or Laptop,Mac OS 10.15,Firefox 150.0,1470x956,1470x810,,,0,Phonetic categorization,25,full_List_10,pass,$${overridespreadsheet},full_List_10,98,phonetic categorization,soundplay,x8jhtp,3,info,audio finished,,394.4400000000023,383.3400000000256,394.4400000000023,394.4400000000023,383.3400000000256,394.4400000000023,0,0,0,,Audio Clip,Audio,1,object-207,phonetic categorization,till,dill_65.wav,,,tin,till,,,,expo-10ms,65,,4,labeled,,,234,,exposure,A,A,50,16.431676725155,d-right,t,
729,1784153208557,15/07/2026 22:06:48,1784153208557,-7,15/07/2026 15:06:48,269901,13,task-pkec,repeat-7r7d#1,57237405,,16361732,,complete,,,computer,Desktop or Laptop,Mac OS 10.15,Firefox 150.0,1470x956,1470x810,,,0,Phonetic categorization,25,full_List_10,pass,$${overridespreadsheet},full_List_10,98,phonetic categorization,soundplay,x8jhtp,3,continue,,,395.4400000000023,383.3400000000256,395.4400000000023,395.4400000000023,383.3400000000256,395.4400000000023,0,0,0,,Audio Clip,Audio,1,object-207,phonetic categorization,till,dill_65.wav,,,tin,till,,,,expo-10ms,65,,4,labeled,,,234,,exposure,A,A,50,16.431676725155,d-right,t,
730,1784153208987,15/07/2026 22:06:48,1784153208987,-7,15/07/2026 15:06:48,269901,13,task-pkec,repeat-7r7d#1,57237405,,16361732,,complete,,,computer,Desktop or Laptop,Mac OS 10.15,Firefox 150.0,1470x956,1470x810,,,0,Phonetic categorization,25,full_List_10,pass,$${overridespreadsheet},full_List_10,98,phonetic categorization,2AFC,6i7z8o,4,response,till,,441.0999999999767,433.3399999999674,441.0999999999767,441.0999999999767,433.3399999999674,441.0999999999767,1,0,0,,Keyboard Response,Keyboard Response,1,object-119,phonetic categorization,till,dill_65.wav,,,tin,till,,,,expo-10ms,65,,4,labeled,,,234,,exposure,A,A,50,16.431676725155,d-right,t,
731,1784153210181,15/07/2026 22:06:50,1784153210181,-7,15/07/2026 15:06:50,269901,13,task-pkec,repeat-7r7d#1,57237405,,16361732,,complete,,,computer,Desktop or Laptop,Mac OS 10.15,Firefox 150.0,1470x956,1470x810,,,0,Phonetic categorization,25,full_List_10,pass,$${overridespreadsheet},full_List_10,98,phonetic categorization,1.2 second pause,dp6plq,5,timedOut,,,1203.7600000000093,1200,1203.7600000000093,1203.7600000000093,1200,1203.7600000000093,1,0,0,,Time Limit,screen,0,screen,phonetic categorization,till,dill_65.wav,,,tin,till,,,,expo-10ms,65,,4,labeled,,,234,,exposure,A,A,50,16.431676725155,d-right,t,
732,1784153210681,15/07/2026 22:06:50,1784153210681,-7,15/07/2026 15:06:50,269901,13,task-pkec,repeat-7r7d#1,57237405,,16361732,,complete,,,computer,Desktop or Laptop,Mac OS 10.15,Firefox 150.0,1470x956,1470x810,,,0,Phonetic categorization,25,full_List_10,pass,$${overridespreadsheet},full_List_10,99,phonetic categorization,fixation,99n54d,1,response,,,500,500,500,500,500,500,0,0,0,,Time Limit,screen,0,screen,phonetic categorization,flare,flare.wav,,,flare,share,,,,expo-10ms,,,4,,,,234,,catch,A,A,,,d-right,,
733,1784153211181,15/07/2026 22:06:51,1784153211181,-7,15/07/2026 15:06:51,269901,13,task-pkec,repeat-7r7d#1,57237405,,16361732,,complete,,,computer,Desktop or Laptop,Mac OS 10.15,Firefox 150.0,1470x956,1470x810,,,0,Phonetic categorization,25,full_List_10,pass,$${overridespreadsheet},full_List_10,99,phonetic categorization,show option,yef3xk,2,response,,,500,500,500,500,500,500,1,0,0,,Time Limit,screen,0,screen,phonetic categorization,flare,flare.wav,,,flare,share,,,,expo-10ms,,,4,,,,234,,catch,A,A,,,d-right,,
734,1784153211187,15/07/2026 22:06:51,1784153211187,-7,15/07/2026 15:06:51,269901,13,task-pkec,repeat-7r7d#1,57237405,,16361732,,complete,,,computer,Desktop or Laptop,Mac OS 10.15,Firefox 150.0,1470x956,1470x810,,,0,Phonetic categorization,25,full_List_10,pass,$${overridespreadsheet},full_List_10,99,phonetic categorization,soundplay,x8jhtp,3,info,audio started,,9.760000000009313,0,9.760000000009313,9.760000000009313,0,9.760000000009313,0,0,0,,Audio Clip,Audio,1,object-207,phonetic categorization,flare,flare.wav,,,flare,share,,,,expo-10ms,,,4,,,,234,,catch,A,A,,,d-right,,
735,1784153211683,15/07/2026 22:06:51,1784153211683,-7,15/07/2026 15:06:51,269901,13,task-pkec,repeat-7r7d#1,57237405,,16361732,,complete,,,computer,Desktop or Laptop,Mac OS 10.15,Firefox 150.0,1470x956,1470x810,,,0,Phonetic categorization,25,full_List_10,pass,$${overridespreadsheet},full_List_10,99,phonetic categorization,soundplay,x8jhtp,3,info,audio finished,,504.7600000000093,500,504.7600000000093,504.7600000000093,500,504.7600000000093,0,0,0,,Audio Clip,Audio,1,object-207,phonetic categorization,flare,flare.wav,,,flare,share,,,,expo-10ms,,,4,,,,234,,catch,A,A,,,d-right,,
736,1784153211683,15/07/2026 22:06:51,1784153211683,-7,15/07/2026 15:06:51,269901,13,task-pkec,repeat-7r7d#1,57237405,,16361732,,complete,,,computer,Desktop or Laptop,Mac OS 10.15,Firefox 150.0,1470x956,1470x810,,,0,Phonetic categorization,25,full_List_10,pass,$${overridespreadsheet},full_List_10,99,phonetic categorization,soundplay,x8jhtp,3,continue,,,505.7600000000093,500,505.7600000000093,505.7600000000093,500,505.7600000000093,0,0,0,,Audio Clip,Audio,1,object-207,phonetic categorization,flare,flare.wav,,,flare,share,,,,expo-10ms,,,4,,,,234,,catch,A,A,,,d-right,,
737,1784153211837,15/07/2026 22:06:51,1784153211837,-7,15/07/2026 15:06:51,269901,13,task-pkec,repeat-7r7d#1,57237405,,16361732,,complete,,,computer,Desktop or Laptop,Mac OS 10.15,Firefox 150.0,1470x956,1470x810,,,0,Phonetic categorization,25,full_List_10,pass,$${overridespreadsheet},full_List_10,99,phonetic categorization,2AFC,6i7z8o,4,response,flare,,159.7600000000093,150,159.7600000000093,159.7600000000093,150,159.7600000000093,1,0,0,,Keyboard Response,Keyboard Response,1,object-119,phonetic categorization,flare,flare.wav,,,flare,share,,,,expo-10ms,,,4,,,,234,,catch,A,A,,,d-right,,
738,1784153213031,15/07/2026 22:06:53,1784153213031,-7,15/07/2026 15:06:53,269901,13,task-pkec,repeat-7r7d#1,57237405,,16361732,,complete,,,computer,Desktop or Laptop,Mac OS 10.15,Firefox 150.0,1470x956,1470x810,,,0,Phonetic categorization,25,full_List_10,pass,$${overridespreadsheet},full_List_10,99,phonetic categorization,1.2 second pause,dp6plq,5,timedOut,,,1202.7600000000093,1200,1202.7600000000093,1202.7600000000093,1200,1202.7600000000093,1,0,0,,Time Limit,screen,0,screen,phonetic categorization,flare,flare.wav,,,flare,share,,,,expo-10ms,,,4,,,,234,,catch,A,A,,,d-right,,
739,1784153213531,15/07/2026 22:06:53,1784153213531,-7,15/07/2026 15:06:53,269901,13,task-pkec,repeat-7r7d#1,57237405,,16361732,,complete,,,computer,Desktop or Laptop,Mac OS 10.15,Firefox 150.0,1470x956,1470x810,,,0,Phonetic categorization,25,full_List_10,pass,$${overridespreadsheet},full_List_10,100,phonetic categorization,fixation,99n54d,1,response,,,500,500,500,500,500,500,0,0,0,,Time Limit,screen,0,screen,phonetic categorization,dill,dill_15.wav,,,till,dill,,,,expo-10ms,15,,4,unlabeled,,,234,,exposure,A,A,5,8.94427190999916,d-right,d,
740,1784153214032,15/07/2026 22:06:54,1784153214032,-7,15/07/2026 15:06:54,269901,13,task-pkec,repeat-7r7d#1,57237405,,16361732,,complete,,,computer,Desktop or Laptop,Mac OS 10.15,Firefox 150.0,1470x956,1470x810,,,0,Phonetic categorization,25,full_List_10,pass,$${overridespreadsheet},full_List_10,100,phonetic categorization,show option,yef3xk,2,response,,,500,500,500,500,500,500,1,0,0,,Time Limit,screen,0,screen,phonetic categorization,dill,dill_15.wav,,,till,dill,,,,expo-10ms,15,,4,unlabeled,,,234,,exposure,A,A,5,8.94427190999916,d-right,d,
741,1784153214038,15/07/2026 22:06:54,1784153214038,-7,15/07/2026 15:06:54,269901,13,task-pkec,repeat-7r7d#1,57237405,,16361732,,complete,,,computer,Desktop or Laptop,Mac OS 10.15,Firefox 150.0,1470x956,1470x810,,,0,Phonetic categorization,25,full_List_10,pass,$${overridespreadsheet},full_List_10,100,phonetic categorization,soundplay,x8jhtp,3,info,audio started,,9.760000000009313,0,9.760000000009313,9.760000000009313,0,9.760000000009313,0,0,0,,Audio Clip,Audio,1,object-207,phonetic categorization,dill,dill_15.wav,,,till,dill,,,,expo-10ms,15,,4,unlabeled,,,234,,exposure,A,A,5,8.94427190999916,d-right,d,
742,1784153214387,15/07/2026 22:06:54,1784153214387,-7,15/07/2026 15:06:54,269901,13,task-pkec,repeat-7r7d#1,57237405,,16361732,,complete,,,computer,Desktop or Laptop,Mac OS 10.15,Firefox 150.0,1470x956,1470x810,,,0,Phonetic categorization,25,full_List_10,pass,$${overridespreadsheet},full_List_10,100,phonetic categorization,soundplay,x8jhtp,3,info,audio finished,,359.7600000000093,350,359.7600000000093,359.7600000000093,350,359.7600000000093,0,0,0,,Audio Clip,Audio,1,object-207,phonetic categorization,dill,dill_15.wav,,,till,dill,,,,expo-10ms,15,,4,unlabeled,,,234,,exposure,A,A,5,8.94427190999916,d-right,d,
743,1784153214387,15/07/2026 22:06:54,1784153214387,-7,15/07/2026 15:06:54,269901,13,task-pkec,repeat-7r7d#1,57237405,,16361732,,complete,,,computer,Desktop or Laptop,Mac OS 10.15,Firefox 150.0,1470x956,1470x810,,,0,Phonetic categorization,25,full_List_10,pass,$${overridespreadsheet},full_List_10,100,phonetic categorization,soundplay,x8jhtp,3,continue,,,359.7600000000093,350,359.7600000000093,359.7600000000093,350,359.7600000000093,0,0,0,,Audio Clip,Audio,1,object-207,phonetic categorization,dill,dill_15.wav,,,till,dill,,,,expo-10ms,15,,4,unlabeled,,,234,,exposure,A,A,5,8.94427190999916,d-right,d,
744,1784153214761,15/07/2026 22:06:54,1784153214761,-7,15/07/2026 15:06:54,269901,13,task-pkec,repeat-7r7d#1,57237405,,16361732,,complete,,,computer,Desktop or Laptop,Mac OS 10.15,Firefox 150.0,1470x956,1470x810,,,0,Phonetic categorization,25,full_List_10,pass,$${overridespreadsheet},full_List_10,100,phonetic categorization,2AFC,6i7z8o,4,response,dill,,382.7600000000093,366.6600000000326,382.7600000000093,382.7600000000093,366.6600000000326,382.7600000000093,1,0,0,,Keyboard Response,Keyboard Response,1,object-119,phonetic categorization,dill,dill_15.wav,,,till,dill,,,,expo-10ms,15,,4,unlabeled,,,234,,exposure,A,A,5,8.94427190999916,d-right,d,
745,1784153215948,15/07/2026 22:06:55,1784153215948,-7,15/07/2026 15:06:55,269901,13,task-pkec,repeat-7r7d#1,57237405,,16361732,,complete,,,computer,Desktop or Laptop,Mac OS 10.15,Firefox 150.0,1470x956,1470x810,,,0,Phonetic categorization,25,full_List_10,pass,$${overridespreadsheet},full_List_10,100,phonetic categorization,1.2 second pause,dp6plq,5,timedOut,,,1203.0999999999767,1200,1203.0999999999767,1203.0999999999767,1200,1203.0999999999767,1,0,0,,Time Limit,screen,0,screen,phonetic categorization,dill,dill_15.wav,,,till,dill,,,,expo-10ms,15,,4,unlabeled,,,234,,exposure,A,A,5,8.94427190999916,d-right,d,
746,1784153216444,15/07/2026 22:06:56,1784153216444,-7,15/07/2026 15:06:56,269901,13,task-pkec,repeat-7r7d#1,57237405,,16361732,,complete,,,computer,Desktop or Laptop,Mac OS 10.15,Firefox 150.0,1470x956,1470x810,,,0,Phonetic categorization,25,full_List_10,pass,$${overridespreadsheet},full_List_10,101,phonetic categorization,fixation,99n54d,1,response,,,499.5599999999977,499.5599999999977,499.5599999999977,499.5599999999977,499.5599999999977,499.5599999999977,0,0,0,,Time Limit,screen,0,screen,phonetic categorization,din,din_10.wav,,,din,dill,,,,expo-10ms,10,,4,labeled,,,234,,exposure,A,A,5,8.94427190999916,d-right,d,
747,1784153216948,15/07/2026 22:06:56,1784153216948,-7,15/07/2026 15:06:56,269901,13,task-pkec,repeat-7r7d#1,57237405,,16361732,,complete,,,computer,Desktop or Laptop,Mac OS 10.15,Firefox 150.0,1470x956,1470x810,,,0,Phonetic categorization,25,full_List_10,pass,$${overridespreadsheet},full_List_10,101,phonetic categorization,show option,yef3xk,2,response,,,500.4400000000023,500.4400000000023,500.4400000000023,500.4400000000023,500.4400000000023,500.4400000000023,1,0,0,,Time Limit,screen,0,screen,phonetic categorization,din,din_10.wav,,,din,dill,,,,expo-10ms,10,,4,labeled,,,234,,exposure,A,A,5,8.94427190999916,d-right,d,
748,1784153216955,15/07/2026 22:06:56,1784153216955,-7,15/07/2026 15:06:56,269901,13,task-pkec,repeat-7r7d#1,57237405,,16361732,,complete,,,computer,Desktop or Laptop,Mac OS 10.15,Firefox 150.0,1470x956,1470x810,,,0,Phonetic categorization,25,full_List_10,pass,$${overridespreadsheet},full_List_10,101,phonetic categorization,soundplay,x8jhtp,3,info,audio started,,10.099999999976717,0,10.099999999976717,10.099999999976717,0,10.099999999976717,0,0,0,,Audio Clip,Audio,1,object-207,phonetic categorization,din,din_10.wav,,,din,dill,,,,expo-10ms,10,,4,labeled,,,234,,exposure,A,A,5,8.94427190999916,d-right,d,
749,1784153217288,15/07/2026 22:06:57,1784153217288,-7,15/07/2026 15:06:57,269901,13,task-pkec,repeat-7r7d#1,57237405,,16361732,,complete,,,computer,Desktop or Laptop,Mac OS 10.15,Firefox 150.0,1470x956,1470x810,,,0,Phonetic categorization,25,full_List_10,pass,$${overridespreadsheet},full_List_10,101,phonetic categorization,soundplay,x8jhtp,3,info,audio finished,,343.0999999999767,333.3399999999674,343.0999999999767,343.0999999999767,333.3399999999674,343.0999999999767,0,0,0,,Audio Clip,Audio,1,object-207,phonetic categorization,din,din_10.wav,,,din,dill,,,,expo-10ms,10,,4,labeled,,,234,,exposure,A,A,5,8.94427190999916,d-right,d,
750,1784153217288,15/07/2026 22:06:57,1784153217288,-7,15/07/2026 15:06:57,269901,13,task-pkec,repeat-7r7d#1,57237405,,16361732,,complete,,,computer,Desktop or Laptop,Mac OS 10.15,Firefox 150.0,1470x956,1470x810,,,0,Phonetic categorization,25,full_List_10,pass,$${overridespreadsheet},full_List_10,101,phonetic categorization,soundplay,x8jhtp,3,continue,,,344.0999999999767,333.3399999999674,344.0999999999767,344.0999999999767,333.3399999999674,344.0999999999767,0,0,0,,Audio Clip,Audio,1,object-207,phonetic categorization,din,din_10.wav,,,din,dill,,,,expo-10ms,10,,4,labeled,,,234,,exposure,A,A,5,8.94427190999916,d-right,d,
751,1784153217716,15/07/2026 22:06:57,1784153217716,-7,15/07/2026 15:06:57,269901,13,task-pkec,repeat-7r7d#1,57237405,,16361732,,complete,,,computer,Desktop or Laptop,Mac OS 10.15,Firefox 150.0,1470x956,1470x810,,,0,Phonetic categorization,25,full_List_10,pass,$${overridespreadsheet},full_List_10,101,phonetic categorization,2AFC,6i7z8o,4,response,din,,436.7600000000093,433.320000000007,436.7600000000093,436.7600000000093,433.320000000007,436.7600000000093,1,0,0,,Keyboard Response,Keyboard Response,1,object-119,phonetic categorization,din,din_10.wav,,,din,dill,,,,expo-10ms,10,,4,labeled,,,234,,exposure,A,A,5,8.94427190999916,d-right,d,
752,1784153218915,15/07/2026 22:06:58,1784153218915,-7,15/07/2026 15:06:58,269901,13,task-pkec,repeat-7r7d#1,57237405,,16361732,,complete,,,computer,Desktop or Laptop,Mac OS 10.15,Firefox 150.0,1470x956,1470x810,,,0,Phonetic categorization,25,full_List_10,pass,$${overridespreadsheet},full_List_10,101,phonetic categorization,1.2 second pause,dp6plq,5,timedOut,,,1202.4400000000023,1200,1202.4400000000023,1202.4400000000023,1200,1202.4400000000023,1,0,0,,Time Limit,screen,0,screen,phonetic categorization,din,din_10.wav,,,din,dill,,,,expo-10ms,10,,4,labeled,,,234,,exposure,A,A,5,8.94427190999916,d-right,d,
753,1784153219415,15/07/2026 22:06:59,1784153219415,-7,15/07/2026 15:06:59,269901,13,task-pkec,repeat-7r7d#1,57237405,,16361732,,complete,,,computer,Desktop or Laptop,Mac OS 10.15,Firefox 150.0,1470x956,1470x810,,,0,Phonetic categorization,25,full_List_10,pass,$${overridespreadsheet},full_List_10,102,phonetic categorization,fixation,99n54d,1,response,,,500,500,500,500,500,500,0,0,0,,Time Limit,screen,0,screen,phonetic categorization,dip,dip_20.wav,,,tip,dip,,,,expo-10ms,20,,4,unlabeled,,,234,,exposure,A,A,5,8.94427190999916,d-right,d,
754,1784153219914,15/07/2026 22:06:59,1784153219914,-7,15/07/2026 15:06:59,269901,13,task-pkec,repeat-7r7d#1,57237405,,16361732,,complete,,,computer,Desktop or Laptop,Mac OS 10.15,Firefox 150.0,1470x956,1470x810,,,0,Phonetic categorization,25,full_List_10,pass,$${overridespreadsheet},full_List_10,102,phonetic categorization,show option,yef3xk,2,response,,,500,500,500,500,500,500,1,0,0,,Time Limit,screen,0,screen,phonetic categorization,dip,dip_20.wav,,,tip,dip,,,,expo-10ms,20,,4,unlabeled,,,234,,exposure,A,A,5,8.94427190999916,d-right,d,
755,1784153219920,15/07/2026 22:06:59,1784153219920,-7,15/07/2026 15:06:59,269901,13,task-pkec,repeat-7r7d#1,57237405,,16361732,,complete,,,computer,Desktop or Laptop,Mac OS 10.15,Firefox 150.0,1470x956,1470x810,,,0,Phonetic categorization,25,full_List_10,pass,$${overridespreadsheet},full_List_10,102,phonetic categorization,soundplay,x8jhtp,3,info,audio started,,8.440000000002328,0,8.440000000002328,8.440000000002328,0,8.440000000002328,0,0,0,,Audio Clip,Audio,1,object-207,phonetic categorization,dip,dip_20.wav,,,tip,dip,,,,expo-10ms,20,,4,unlabeled,,,234,,exposure,A,A,5,8.94427190999916,d-right,d,
756,1784153220326,15/07/2026 22:07:00,1784153220326,-7,15/07/2026 15:07:00,269901,13,task-pkec,repeat-7r7d#1,57237405,,16361732,,complete,,,computer,Desktop or Laptop,Mac OS 10.15,Firefox 150.0,1470x956,1470x810,,,0,Phonetic categorization,25,full_List_10,pass,$${overridespreadsheet},full_List_10,102,phonetic categorization,soundplay,x8jhtp,3,info,audio finished,,414.4400000000023,400,414.4400000000023,414.4400000000023,400,414.4400000000023,0,0,0,,Audio Clip,Audio,1,object-207,phonetic categorization,dip,dip_20.wav,,,tip,dip,,,,expo-10ms,20,,4,unlabeled,,,234,,exposure,A,A,5,8.94427190999916,d-right,d,
757,1784153220326,15/07/2026 22:07:00,1784153220326,-7,15/07/2026 15:07:00,269901,13,task-pkec,repeat-7r7d#1,57237405,,16361732,,complete,,,computer,Desktop or Laptop,Mac OS 10.15,Firefox 150.0,1470x956,1470x810,,,0,Phonetic categorization,25,full_List_10,pass,$${overridespreadsheet},full_List_10,102,phonetic categorization,soundplay,x8jhtp,3,continue,,,414.4400000000023,400,414.4400000000023,414.4400000000023,400,414.4400000000023,0,0,0,,Audio Clip,Audio,1,object-207,phonetic categorization,dip,dip_20.wav,,,tip,dip,,,,expo-10ms,20,,4,unlabeled,,,234,,exposure,A,A,5,8.94427190999916,d-right,d,
758,1784153220641,15/07/2026 22:07:00,1784153220641,-7,15/07/2026 15:07:00,269901,13,task-pkec,repeat-7r7d#1,57237405,,16361732,,complete,,,computer,Desktop or Laptop,Mac OS 10.15,Firefox 150.0,1470x956,1470x810,,,0,Phonetic categorization,25,full_List_10,pass,$${overridespreadsheet},full_List_10,102,phonetic categorization,2AFC,6i7z8o,4,response,dip,,328.4400000000023,316.679999999993,328.4400000000023,328.4400000000023,316.679999999993,328.4400000000023,1,0,0,,Keyboard Response,Keyboard Response,1,object-119,phonetic categorization,dip,dip_20.wav,,,tip,dip,,,,expo-10ms,20,,4,unlabeled,,,234,,exposure,A,A,5,8.94427190999916,d-right,d,
759,1784153221829,15/07/2026 22:07:01,1784153221829,-7,15/07/2026 15:07:01,269901,13,task-pkec,repeat-7r7d#1,57237405,,16361732,,complete,,,computer,Desktop or Laptop,Mac OS 10.15,Firefox 150.0,1470x956,1470x810,,,0,Phonetic categorization,25,full_List_10,pass,$${overridespreadsheet},full_List_10,102,phonetic categorization,1.2 second pause,dp6plq,5,timedOut,,,1200.7600000000093,1200,1200.7600000000093,1200.7600000000093,1200,1200.7600000000093,1,0,0,,Time Limit,screen,0,screen,phonetic categorization,dip,dip_20.wav,,,tip,dip,,,,expo-10ms,20,,4,unlabeled,,,234,,exposure,A,A,5,8.94427190999916,d-right,d,
760,1784153222331,15/07/2026 22:07:02,1784153222331,-7,15/07/2026 15:07:02,269901,13,task-pkec,repeat-7r7d#1,57237405,,16361732,,complete,,,computer,Desktop or Laptop,Mac OS 10.15,Firefox 150.0,1470x956,1470x810,,,0,Phonetic categorization,25,full_List_10,pass,$${overridespreadsheet},full_List_10,103,phonetic categorization,fixation,99n54d,1,response,,,500,500,500,500,500,500,0,0,0,,Time Limit,screen,0,screen,phonetic categorization,tip,dip_65.wav,,,tip,dip,,,,expo-10ms,65,,4,unlabeled,,,234,,exposure,A,A,50,16.431676725155,d-right,t,
761,1784153222832,15/07/2026 22:07:02,1784153222832,-7,15/07/2026 15:07:02,269901,13,task-pkec,repeat-7r7d#1,57237405,,16361732,,complete,,,computer,Desktop or Laptop,Mac OS 10.15,Firefox 150.0,1470x956,1470x810,,,0,Phonetic categorization,25,full_List_10,pass,$${overridespreadsheet},full_List_10,103,phonetic categorization,show option,yef3xk,2,response,,,500,500,500,500,500,500,1,0,0,,Time Limit,screen,0,screen,phonetic categorization,tip,dip_65.wav,,,tip,dip,,,,expo-10ms,65,,4,unlabeled,,,234,,exposure,A,A,50,16.431676725155,d-right,t,
762,1784153222837,15/07/2026 22:07:02,1784153222837,-7,15/07/2026 15:07:02,269901,13,task-pkec,repeat-7r7d#1,57237405,,16361732,,complete,,,computer,Desktop or Laptop,Mac OS 10.15,Firefox 150.0,1470x956,1470x810,,,0,Phonetic categorization,25,full_List_10,pass,$${overridespreadsheet},full_List_10,103,phonetic categorization,soundplay,x8jhtp,3,info,audio started,,9.760000000009313,0,9.760000000009313,9.760000000009313,0,9.760000000009313,0,0,0,,Audio Clip,Audio,1,object-207,phonetic categorization,tip,dip_65.wav,,,tip,dip,,,,expo-10ms,65,,4,unlabeled,,,234,,exposure,A,A,50,16.431676725155,d-right,t,
763,1784153223278,15/07/2026 22:07:03,1784153223278,-7,15/07/2026 15:07:03,269901,13,task-pkec,repeat-7r7d#1,57237405,,16361732,,complete,,,computer,Desktop or Laptop,Mac OS 10.15,Firefox 150.0,1470x956,1470x810,,,0,Phonetic categorization,25,full_List_10,pass,$${overridespreadsheet},full_List_10,103,phonetic categorization,soundplay,x8jhtp,3,info,audio finished,,449.7600000000093,433.320000000007,449.7600000000093,449.7600000000093,433.320000000007,449.7600000000093,0,0,0,,Audio Clip,Audio,1,object-207,phonetic categorization,tip,dip_65.wav,,,tip,dip,,,,expo-10ms,65,,4,unlabeled,,,234,,exposure,A,A,50,16.431676725155,d-right,t,
764,1784153223278,15/07/2026 22:07:03,1784153223278,-7,15/07/2026 15:07:03,269901,13,task-pkec,repeat-7r7d#1,57237405,,16361732,,complete,,,computer,Desktop or Laptop,Mac OS 10.15,Firefox 150.0,1470x956,1470x810,,,0,Phonetic categorization,25,full_List_10,pass,$${overridespreadsheet},full_List_10,103,phonetic categorization,soundplay,x8jhtp,3,continue,,,449.7600000000093,433.320000000007,449.7600000000093,449.7600000000093,433.320000000007,449.7600000000093,0,0,0,,Audio Clip,Audio,1,object-207,phonetic categorization,tip,dip_65.wav,,,tip,dip,,,,expo-10ms,65,,4,unlabeled,,,234,,exposure,A,A,50,16.431676725155,d-right,t,
765,1784153223472,15/07/2026 22:07:03,1784153223472,-7,15/07/2026 15:07:03,269901,13,task-pkec,repeat-7r7d#1,57237405,,16361732,,complete,,,computer,Desktop or Laptop,Mac OS 10.15,Firefox 150.0,1470x956,1470x810,,,0,Phonetic categorization,25,full_List_10,pass,$${overridespreadsheet},full_List_10,103,phonetic categorization,2AFC,6i7z8o,4,response,tip,,211.44000000000233,200,211.44000000000233,211.44000000000233,200,211.44000000000233,1,0,0,,Keyboard Response,Keyboard Response,1,object-119,phonetic categorization,tip,dip_65.wav,,,tip,dip,,,,expo-10ms,65,,4,unlabeled,,,234,,exposure,A,A,50,16.431676725155,d-right,t,
766,1784153224664,15/07/2026 22:07:04,1784153224664,-7,15/07/2026 15:07:04,269901,13,task-pkec,repeat-7r7d#1,57237405,,16361732,,complete,,,computer,Desktop or Laptop,Mac OS 10.15,Firefox 150.0,1470x956,1470x810,,,0,Phonetic categorization,25,full_List_10,pass,$${overridespreadsheet},full_List_10,103,phonetic categorization,1.2 second pause,dp6plq,5,timedOut,,,1202.4400000000023,1200,1202.4400000000023,1202.4400000000023,1200,1202.4400000000023,1,0,0,,Time Limit,screen,0,screen,phonetic categorization,tip,dip_65.wav,,,tip,dip,,,,expo-10ms,65,,4,unlabeled,,,234,,exposure,A,A,50,16.431676725155,d-right,t,
767,1784153225162,15/07/2026 22:07:05,1784153225162,-7,15/07/2026 15:07:05,269901,13,task-pkec,repeat-7r7d#1,57237405,,16361732,,complete,,,computer,Desktop or Laptop,Mac OS 10.15,Firefox 150.0,1470x956,1470x810,,,0,Phonetic categorization,25,full_List_10,pass,$${overridespreadsheet},full_List_10,104,phonetic categorization,fixation,99n54d,1,response,,,499.6599999999744,499.6599999999744,499.6599999999744,499.6599999999744,499.6599999999744,499.6599999999744,0,0,0,,Time Limit,screen,0,screen,phonetic categorization,din,din_10.wav,,,din,dill,,,,expo-10ms,10,,4,labeled,,,234,,exposure,A,A,5,8.94427190999916,d-right,d,
768,1784153225664,15/07/2026 22:07:05,1784153225664,-7,15/07/2026 15:07:05,269901,13,task-pkec,repeat-7r7d#1,57237405,,16361732,,complete,,,computer,Desktop or Laptop,Mac OS 10.15,Firefox 150.0,1470x956,1470x810,,,0,Phonetic categorization,25,full_List_10,pass,$${overridespreadsheet},full_List_10,104,phonetic categorization,show option,yef3xk,2,response,,,500.3400000000256,500.3400000000256,500.3400000000256,500.3400000000256,500.3400000000256,500.3400000000256,1,0,0,,Time Limit,screen,0,screen,phonetic categorization,din,din_10.wav,,,din,dill,,,,expo-10ms,10,,4,labeled,,,234,,exposure,A,A,5,8.94427190999916,d-right,d,
769,1784153225670,15/07/2026 22:07:05,1784153225670,-7,15/07/2026 15:07:05,269901,13,task-pkec,repeat-7r7d#1,57237405,,16361732,,complete,,,computer,Desktop or Laptop,Mac OS 10.15,Firefox 150.0,1470x956,1470x810,,,0,Phonetic categorization,25,full_List_10,pass,$${overridespreadsheet},full_List_10,104,phonetic categorization,soundplay,x8jhtp,3,info,audio started,,8.440000000002328,0,8.440000000002328,8.440000000002328,0,8.440000000002328,0,0,0,,Audio Clip,Audio,1,object-207,phonetic categorization,din,din_10.wav,,,din,dill,,,,expo-10ms,10,,4,labeled,,,234,,exposure,A,A,5,8.94427190999916,d-right,d,
770,1784153226001,15/07/2026 22:07:06,1784153226001,-7,15/07/2026 15:07:06,269901,13,task-pkec,repeat-7r7d#1,57237405,,16361732,,complete,,,computer,Desktop or Laptop,Mac OS 10.15,Firefox 150.0,1470x956,1470x810,,,0,Phonetic categorization,25,full_List_10,pass,$${overridespreadsheet},full_List_10,104,phonetic categorization,soundplay,x8jhtp,3,info,audio finished,,339.4400000000023,333.3400000000256,339.4400000000023,339.4400000000023,333.3400000000256,339.4400000000023,0,0,0,,Audio Clip,Audio,1,object-207,phonetic categorization,din,din_10.wav,,,din,dill,,,,expo-10ms,10,,4,labeled,,,234,,exposure,A,A,5,8.94427190999916,d-right,d,
771,1784153226002,15/07/2026 22:07:06,1784153226002,-7,15/07/2026 15:07:06,269901,13,task-pkec,repeat-7r7d#1,57237405,,16361732,,complete,,,computer,Desktop or Laptop,Mac OS 10.15,Firefox 150.0,1470x956,1470x810,,,0,Phonetic categorization,25,full_List_10,pass,$${overridespreadsheet},full_List_10,104,phonetic categorization,soundplay,x8jhtp,3,continue,,,339.4400000000023,333.3400000000256,339.4400000000023,339.4400000000023,333.3400000000256,339.4400000000023,0,0,0,,Audio Clip,Audio,1,object-207,phonetic categorization,din,din_10.wav,,,din,dill,,,,expo-10ms,10,,4,labeled,,,234,,exposure,A,A,5,8.94427190999916,d-right,d,
772,1784153226450,15/07/2026 22:07:06,1784153226450,-7,15/07/2026 15:07:06,269901,13,task-pkec,repeat-7r7d#1,57237405,,16361732,,complete,,,computer,Desktop or Laptop,Mac OS 10.15,Firefox 150.0,1470x956,1470x810,,,0,Phonetic categorization,25,full_List_10,pass,$${overridespreadsheet},full_List_10,104,phonetic categorization,2AFC,6i7z8o,4,response,din,,455.0999999999767,450,455.0999999999767,455.0999999999767,450,455.0999999999767,1,0,0,,Keyboard Response,Keyboard Response,1,object-119,phonetic categorization,din,din_10.wav,,,din,dill,,,,expo-10ms,10,,4,labeled,,,234,,exposure,A,A,5,8.94427190999916,d-right,d,
773,1784153227648,15/07/2026 22:07:07,1784153227648,-7,15/07/2026 15:07:07,269901,13,task-pkec,repeat-7r7d#1,57237405,,16361732,,complete,,,computer,Desktop or Laptop,Mac OS 10.15,Firefox 150.0,1470x956,1470x810,,,0,Phonetic categorization,25,full_List_10,pass,$${overridespreadsheet},full_List_10,104,phonetic categorization,1.2 second pause,dp6plq,5,timedOut,,,1203.0999999999767,1200,1203.0999999999767,1203.0999999999767,1200,1203.0999999999767,1,0,0,,Time Limit,screen,0,screen,phonetic categorization,din,din_10.wav,,,din,dill,,,,expo-10ms,10,,4,labeled,,,234,,exposure,A,A,5,8.94427190999916,d-right,d,
774,1784153228145,15/07/2026 22:07:08,1784153228145,-7,15/07/2026 15:07:08,269901,13,task-pkec,repeat-7r7d#1,57237405,,16361732,,complete,,,computer,Desktop or Laptop,Mac OS 10.15,Firefox 150.0,1470x956,1470x810,,,0,Phonetic categorization,25,full_List_10,pass,$${overridespreadsheet},full_List_10,105,phonetic categorization,fixation,99n54d,1,response,,,500,500,500,500,500,500,0,0,0,,Time Limit,screen,0,screen,phonetic categorization,till,dill_70.wav,,,till,dill,,,,expo-10ms,70,,4,unlabeled,,,234,,exposure,A,A,50,16.431676725155,d-right,t,
775,1784153228645,15/07/2026 22:07:08,1784153228645,-7,15/07/2026 15:07:08,269901,13,task-pkec,repeat-7r7d#1,57237405,,16361732,,complete,,,computer,Desktop or Laptop,Mac OS 10.15,Firefox 150.0,1470x956,1470x810,,,0,Phonetic categorization,25,full_List_10,pass,$${overridespreadsheet},full_List_10,105,phonetic categorization,show option,yef3xk,2,response,,,500,500,500,500,500,500,1,0,0,,Time Limit,screen,0,screen,phonetic categorization,till,dill_70.wav,,,till,dill,,,,expo-10ms,70,,4,unlabeled,,,234,,exposure,A,A,50,16.431676725155,d-right,t,
776,1784153228650,15/07/2026 22:07:08,1784153228650,-7,15/07/2026 15:07:08,269901,13,task-pkec,repeat-7r7d#1,57237405,,16361732,,complete,,,computer,Desktop or Laptop,Mac OS 10.15,Firefox 150.0,1470x956,1470x810,,,0,Phonetic categorization,25,full_List_10,pass,$${overridespreadsheet},full_List_10,105,phonetic categorization,soundplay,x8jhtp,3,info,audio started,,6.099999999976717,0,6.099999999976717,6.099999999976717,0,6.099999999976717,0,0,0,,Audio Clip,Audio,1,object-207,phonetic categorization,till,dill_70.wav,,,till,dill,,,,expo-10ms,70,,4,unlabeled,,,234,,exposure,A,A,50,16.431676725155,d-right,t,
777,1784153229039,15/07/2026 22:07:09,1784153229039,-7,15/07/2026 15:07:09,269901,13,task-pkec,repeat-7r7d#1,57237405,,16361732,,complete,,,computer,Desktop or Laptop,Mac OS 10.15,Firefox 150.0,1470x956,1470x810,,,0,Phonetic categorization,25,full_List_10,pass,$${overridespreadsheet},full_List_10,105,phonetic categorization,soundplay,x8jhtp,3,info,audio finished,,394.0999999999767,383.3399999999674,394.0999999999767,394.0999999999767,383.3399999999674,394.0999999999767,0,0,0,,Audio Clip,Audio,1,object-207,phonetic categorization,till,dill_70.wav,,,till,dill,,,,expo-10ms,70,,4,unlabeled,,,234,,exposure,A,A,50,16.431676725155,d-right,t,
778,1784153229039,15/07/2026 22:07:09,1784153229039,-7,15/07/2026 15:07:09,269901,13,task-pkec,repeat-7r7d#1,57237405,,16361732,,complete,,,computer,Desktop or Laptop,Mac OS 10.15,Firefox 150.0,1470x956,1470x810,,,0,Phonetic categorization,25,full_List_10,pass,$${overridespreadsheet},full_List_10,105,phonetic categorization,soundplay,x8jhtp,3,continue,,,394.0999999999767,383.3399999999674,394.0999999999767,394.0999999999767,383.3399999999674,394.0999999999767,0,0,0,,Audio Clip,Audio,1,object-207,phonetic categorization,till,dill_70.wav,,,till,dill,,,,expo-10ms,70,,4,unlabeled,,,234,,exposure,A,A,50,16.431676725155,d-right,t,
779,1784153229366,15/07/2026 22:07:09,1784153229366,-7,15/07/2026 15:07:09,269901,13,task-pkec,repeat-7r7d#1,57237405,,16361732,,complete,,,computer,Desktop or Laptop,Mac OS 10.15,Firefox 150.0,1470x956,1470x810,,,0,Phonetic categorization,25,full_List_10,pass,$${overridespreadsheet},full_List_10,105,phonetic categorization,2AFC,6i7z8o,4,response,till,,337.7600000000093,333.320000000007,337.7600000000093,337.7600000000093,333.320000000007,337.7600000000093,1,0,0,,Keyboard Response,Keyboard Response,1,object-119,phonetic categorization,till,dill_70.wav,,,till,dill,,,,expo-10ms,70,,4,unlabeled,,,234,,exposure,A,A,50,16.431676725155,d-right,t,
780,1784153230565,15/07/2026 22:07:10,1784153230565,-7,15/07/2026 15:07:10,269901,13,task-pkec,repeat-7r7d#1,57237405,,16361732,,complete,,,computer,Desktop or Laptop,Mac OS 10.15,Firefox 150.0,1470x956,1470x810,,,0,Phonetic categorization,25,full_List_10,pass,$${overridespreadsheet},full_List_10,105,phonetic categorization,1.2 second pause,dp6plq,5,timedOut,,,1204.4400000000023,1200,1204.4400000000023,1204.4400000000023,1200,1204.4400000000023,1,0,0,,Time Limit,screen,0,screen,phonetic categorization,till,dill_70.wav,,,till,dill,,,,expo-10ms,70,,4,unlabeled,,,234,,exposure,A,A,50,16.431676725155,d-right,t,
781,1784153231064,15/07/2026 22:07:11,1784153231064,-7,15/07/2026 15:07:11,269901,13,task-pkec,repeat-7r7d#1,57237405,,16361732,,complete,,,computer,Desktop or Laptop,Mac OS 10.15,Firefox 150.0,1470x956,1470x810,,,0,Phonetic categorization,25,full_List_10,pass,$${overridespreadsheet},full_List_10,106,phonetic categorization,fixation,99n54d,1,response,,,500,500,500,500,500,500,0,0,0,,Time Limit,screen,0,screen,phonetic categorization,tip,dip_45.wav,,,tip,tin,,,,expo-10ms,45,,4,labeled,,,234,,exposure,A,A,50,16.431676725155,d-right,t,
782,1784153231564,15/07/2026 22:07:11,1784153231564,-7,15/07/2026 15:07:11,269901,13,task-pkec,repeat-7r7d#1,57237405,,16361732,,complete,,,computer,Desktop or Laptop,Mac OS 10.15,Firefox 150.0,1470x956,1470x810,,,0,Phonetic categorization,25,full_List_10,pass,$${overridespreadsheet},full_List_10,106,phonetic categorization,show option,yef3xk,2,response,,,500,500,500,500,500,500,1,0,0,,Time Limit,screen,0,screen,phonetic categorization,tip,dip_45.wav,,,tip,tin,,,,expo-10ms,45,,4,labeled,,,234,,exposure,A,A,50,16.431676725155,d-right,t,
783,1784153231572,15/07/2026 22:07:11,1784153231572,-7,15/07/2026 15:07:11,269901,13,task-pkec,repeat-7r7d#1,57237405,,16361732,,complete,,,computer,Desktop or Laptop,Mac OS 10.15,Firefox 150.0,1470x956,1470x810,,,0,Phonetic categorization,25,full_List_10,pass,$${overridespreadsheet},full_List_10,106,phonetic categorization,soundplay,x8jhtp,3,info,audio started,,10.440000000002328,0,10.440000000002328,10.440000000002328,0,10.440000000002328,0,0,0,,Audio Clip,Audio,1,object-207,phonetic categorization,tip,dip_45.wav,,,tip,tin,,,,expo-10ms,45,,4,labeled,,,234,,exposure,A,A,50,16.431676725155,d-right,t,
784,1784153231994,15/07/2026 22:07:11,1784153231994,-7,15/07/2026 15:07:11,269901,13,task-pkec,repeat-7r7d#1,57237405,,16361732,,complete,,,computer,Desktop or Laptop,Mac OS 10.15,Firefox 150.0,1470x956,1470x810,,,0,Phonetic categorization,25,full_List_10,pass,$${overridespreadsheet},full_List_10,106,phonetic categorization,soundplay,x8jhtp,3,info,audio finished,,432.4400000000023,416.679999999993,432.4400000000023,432.4400000000023,416.679999999993,432.4400000000023,0,0,0,,Audio Clip,Audio,1,object-207,phonetic categorization,tip,dip_45.wav,,,tip,tin,,,,expo-10ms,45,,4,labeled,,,234,,exposure,A,A,50,16.431676725155,d-right,t,
785,1784153231996,15/07/2026 22:07:11,1784153231996,-7,15/07/2026 15:07:11,269901,13,task-pkec,repeat-7r7d#1,57237405,,16361732,,complete,,,computer,Desktop or Laptop,Mac OS 10.15,Firefox 150.0,1470x956,1470x810,,,0,Phonetic categorization,25,full_List_10,pass,$${overridespreadsheet},full_List_10,106,phonetic categorization,soundplay,x8jhtp,3,continue,,,433.35999999998603,416.679999999993,433.35999999998603,433.35999999998603,416.679999999993,433.35999999998603,0,0,0,,Audio Clip,Audio,1,object-207,phonetic categorization,tip,dip_45.wav,,,tip,tin,,,,expo-10ms,45,,4,labeled,,,234,,exposure,A,A,50,16.431676725155,d-right,t,
786,1784153232773,15/07/2026 22:07:12,1784153232773,-7,15/07/2026 15:07:12,269901,13,task-pkec,repeat-7r7d#1,57237405,,16361732,,complete,,,computer,Desktop or Laptop,Mac OS 10.15,Firefox 150.0,1470x956,1470x810,,,0,Phonetic categorization,25,full_List_10,pass,$${overridespreadsheet},full_List_10,106,phonetic categorization,2AFC,6i7z8o,4,response,tip,,793.7600000000093,783.320000000007,793.7600000000093,793.7600000000093,783.320000000007,793.7600000000093,1,0,0,,Keyboard Response,Keyboard Response,1,object-119,phonetic categorization,tip,dip_45.wav,,,tip,tin,,,,expo-10ms,45,,4,labeled,,,234,,exposure,A,A,50,16.431676725155,d-right,t,
787,1784153233965,15/07/2026 22:07:13,1784153233965,-7,15/07/2026 15:07:13,269901,13,task-pkec,repeat-7r7d#1,57237405,,16361732,,complete,,,computer,Desktop or Laptop,Mac OS 10.15,Firefox 150.0,1470x956,1470x810,,,0,Phonetic categorization,25,full_List_10,pass,$${overridespreadsheet},full_List_10,106,phonetic categorization,1.2 second pause,dp6plq,5,timedOut,,,1202.4400000000023,1200,1202.4400000000023,1202.4400000000023,1200,1202.4400000000023,1,0,0,,Time Limit,screen,0,screen,phonetic categorization,tip,dip_45.wav,,,tip,tin,,,,expo-10ms,45,,4,labeled,,,234,,exposure,A,A,50,16.431676725155,d-right,t,
788,1784153234465,15/07/2026 22:07:14,1784153234465,-7,15/07/2026 15:07:14,269901,13,task-pkec,repeat-7r7d#1,57237405,,16361732,,complete,,,computer,Desktop or Laptop,Mac OS 10.15,Firefox 150.0,1470x956,1470x810,,,0,Phonetic categorization,25,full_List_10,pass,$${overridespreadsheet},full_List_10,107,phonetic categorization,fixation,99n54d,1,response,,,500,500,500,500,500,500,0,0,0,,Time Limit,screen,0,screen,phonetic categorization,tip,dip_30.wav,,,tip,dip,,,,expo-10ms,30,,4,unlabeled,,,234,,exposure,A,A,50,16.431676725155,d-right,t,
789,1784153234965,15/07/2026 22:07:14,1784153234965,-7,15/07/2026 15:07:14,269901,13,task-pkec,repeat-7r7d#1,57237405,,16361732,,complete,,,computer,Desktop or Laptop,Mac OS 10.15,Firefox 150.0,1470x956,1470x810,,,0,Phonetic categorization,25,full_List_10,pass,$${overridespreadsheet},full_List_10,107,phonetic categorization,show option,yef3xk,2,response,,,500,500,500,500,500,500,1,0,0,,Time Limit,screen,0,screen,phonetic categorization,tip,dip_30.wav,,,tip,dip,,,,expo-10ms,30,,4,unlabeled,,,234,,exposure,A,A,50,16.431676725155,d-right,t,
790,1784153234971,15/07/2026 22:07:14,1784153234971,-7,15/07/2026 15:07:14,269901,13,task-pkec,repeat-7r7d#1,57237405,,16361732,,complete,,,computer,Desktop or Laptop,Mac OS 10.15,Firefox 150.0,1470x956,1470x810,,,0,Phonetic categorization,25,full_List_10,pass,$${overridespreadsheet},full_List_10,107,phonetic categorization,soundplay,x8jhtp,3,info,audio started,,10.440000000002328,0,10.440000000002328,10.440000000002328,0,10.440000000002328,0,0,0,,Audio Clip,Audio,1,object-207,phonetic categorization,tip,dip_30.wav,,,tip,dip,,,,expo-10ms,30,,4,unlabeled,,,234,,exposure,A,A,50,16.431676725155,d-right,t,
791,1784153235384,15/07/2026 22:07:15,1784153235384,-7,15/07/2026 15:07:15,269901,13,task-pkec,repeat-7r7d#1,57237405,,16361732,,complete,,,computer,Desktop or Laptop,Mac OS 10.15,Firefox 150.0,1470x956,1470x810,,,0,Phonetic categorization,25,full_List_10,pass,$${overridespreadsheet},full_List_10,107,phonetic categorization,soundplay,x8jhtp,3,info,audio finished,,423.4400000000023,416.679999999993,423.4400000000023,423.4400000000023,416.679999999993,423.4400000000023,0,0,0,,Audio Clip,Audio,1,object-207,phonetic categorization,tip,dip_30.wav,,,tip,dip,,,,expo-10ms,30,,4,unlabeled,,,234,,exposure,A,A,50,16.431676725155,d-right,t,
792,1784153235384,15/07/2026 22:07:15,1784153235384,-7,15/07/2026 15:07:15,269901,13,task-pkec,repeat-7r7d#1,57237405,,16361732,,complete,,,computer,Desktop or Laptop,Mac OS 10.15,Firefox 150.0,1470x956,1470x810,,,0,Phonetic categorization,25,full_List_10,pass,$${overridespreadsheet},full_List_10,107,phonetic categorization,soundplay,x8jhtp,3,continue,,,423.4400000000023,416.679999999993,423.4400000000023,423.4400000000023,416.679999999993,423.4400000000023,0,0,0,,Audio Clip,Audio,1,object-207,phonetic categorization,tip,dip_30.wav,,,tip,dip,,,,expo-10ms,30,,4,unlabeled,,,234,,exposure,A,A,50,16.431676725155,d-right,t,
793,1784153235651,15/07/2026 22:07:15,1784153235651,-7,15/07/2026 15:07:15,269901,13,task-pkec,repeat-7r7d#1,57237405,,16361732,,complete,,,computer,Desktop or Laptop,Mac OS 10.15,Firefox 150.0,1470x956,1470x810,,,0,Phonetic categorization,25,full_List_10,pass,$${overridespreadsheet},full_List_10,107,phonetic categorization,2AFC,6i7z8o,4,response,dip,,273.7600000000093,266.6600000000326,273.7600000000093,273.7600000000093,266.6600000000326,273.7600000000093,0,0,0,,Keyboard Response,Keyboard Response,1,object-119,phonetic categorization,tip,dip_30.wav,,,tip,dip,,,,expo-10ms,30,,4,unlabeled,,,234,,exposure,A,A,50,16.431676725155,d-right,t,
794,1784153236849,15/07/2026 22:07:16,1784153236849,-7,15/07/2026 15:07:16,269901,13,task-pkec,repeat-7r7d#1,57237405,,16361732,,complete,,,computer,Desktop or Laptop,Mac OS 10.15,Firefox 150.0,1470x956,1470x810,,,0,Phonetic categorization,25,full_List_10,pass,$${overridespreadsheet},full_List_10,107,phonetic categorization,1.2 second pause,dp6plq,5,timedOut,,,1203.0999999999767,1200,1203.0999999999767,1203.0999999999767,1200,1203.0999999999767,1,0,0,,Time Limit,screen,0,screen,phonetic categorization,tip,dip_30.wav,,,tip,dip,,,,expo-10ms,30,,4,unlabeled,,,234,,exposure,A,A,50,16.431676725155,d-right,t,
795,1784153237345,15/07/2026 22:07:17,1784153237345,-7,15/07/2026 15:07:17,269901,13,task-pkec,repeat-7r7d#1,57237405,,16361732,,complete,,,computer,Desktop or Laptop,Mac OS 10.15,Firefox 150.0,1470x956,1470x810,,,0,Phonetic categorization,25,full_List_10,pass,$${overridespreadsheet},full_List_10,108,phonetic categorization,fixation,99n54d,1,response,,,500,500,500,500,500,500,0,0,0,,Time Limit,screen,0,screen,phonetic categorization,din,din_15.wav,,,din,dill,,,,expo-10ms,15,,4,labeled,,,234,,exposure,A,A,5,8.94427190999916,d-right,d,
796,1784153237849,15/07/2026 22:07:17,1784153237849,-7,15/07/2026 15:07:17,269901,13,task-pkec,repeat-7r7d#1,57237405,,16361732,,complete,,,computer,Desktop or Laptop,Mac OS 10.15,Firefox 150.0,1470x956,1470x810,,,0,Phonetic categorization,25,full_List_10,pass,$${overridespreadsheet},full_List_10,108,phonetic categorization,show option,yef3xk,2,response,,,500,500,500,500,500,500,1,0,0,,Time Limit,screen,0,screen,phonetic categorization,din,din_15.wav,,,din,dill,,,,expo-10ms,15,,4,labeled,,,234,,exposure,A,A,5,8.94427190999916,d-right,d,
797,1784153237854,15/07/2026 22:07:17,1784153237854,-7,15/07/2026 15:07:17,269901,13,task-pkec,repeat-7r7d#1,57237405,,16361732,,complete,,,computer,Desktop or Laptop,Mac OS 10.15,Firefox 150.0,1470x956,1470x810,,,0,Phonetic categorization,25,full_List_10,pass,$${overridespreadsheet},full_List_10,108,phonetic categorization,soundplay,x8jhtp,3,info,audio started,,10.099999999976717,0,10.099999999976717,10.099999999976717,0,10.099999999976717,0,0,0,,Audio Clip,Audio,1,object-207,phonetic categorization,din,din_15.wav,,,din,dill,,,,expo-10ms,15,,4,labeled,,,234,,exposure,A,A,5,8.94427190999916,d-right,d,
798,1784153238191,15/07/2026 22:07:18,1784153238191,-7,15/07/2026 15:07:18,269901,13,task-pkec,repeat-7r7d#1,57237405,,16361732,,complete,,,computer,Desktop or Laptop,Mac OS 10.15,Firefox 150.0,1470x956,1470x810,,,0,Phonetic categorization,25,full_List_10,pass,$${overridespreadsheet},full_List_10,108,phonetic categorization,soundplay,x8jhtp,3,info,audio finished,,347.0999999999767,333.3399999999674,347.0999999999767,347.0999999999767,333.3399999999674,347.0999999999767,0,0,0,,Audio Clip,Audio,1,object-207,phonetic categorization,din,din_15.wav,,,din,dill,,,,expo-10ms,15,,4,labeled,,,234,,exposure,A,A,5,8.94427190999916,d-right,d,
799,1784153238191,15/07/2026 22:07:18,1784153238191,-7,15/07/2026 15:07:18,269901,13,task-pkec,repeat-7r7d#1,57237405,,16361732,,complete,,,computer,Desktop or Laptop,Mac OS 10.15,Firefox 150.0,1470x956,1470x810,,,0,Phonetic categorization,25,full_List_10,pass,$${overridespreadsheet},full_List_10,108,phonetic categorization,soundplay,x8jhtp,3,continue,,,347.0999999999767,333.3399999999674,347.0999999999767,347.0999999999767,333.3399999999674,347.0999999999767,0,0,0,,Audio Clip,Audio,1,object-207,phonetic categorization,din,din_15.wav,,,din,dill,,,,expo-10ms,15,,4,labeled,,,234,,exposure,A,A,5,8.94427190999916,d-right,d,
800,1784153238653,15/07/2026 22:07:18,1784153238653,-7,15/07/2026 15:07:18,269901,13,task-pkec,repeat-7r7d#1,57237405,,16361732,,complete,,,computer,Desktop or Laptop,Mac OS 10.15,Firefox 150.0,1470x956,1470x810,,,0,Phonetic categorization,25,full_List_10,pass,$${overridespreadsheet},full_List_10,108,phonetic categorization,2AFC,6i7z8o,4,response,din,,474.7600000000093,466.46000000002095,474.7600000000093,474.7600000000093,466.46000000002095,474.7600000000093,1,0,0,,Keyboard Response,Keyboard Response,1,object-119,phonetic categorization,din,din_15.wav,,,din,dill,,,,expo-10ms,15,,4,labeled,,,234,,exposure,A,A,5,8.94427190999916,d-right,d,
801,1784153239848,15/07/2026 22:07:19,1784153239848,-7,15/07/2026 15:07:19,269901,13,task-pkec,repeat-7r7d#1,57237405,,16361732,,complete,,,computer,Desktop or Laptop,Mac OS 10.15,Firefox 150.0,1470x956,1470x810,,,0,Phonetic categorization,25,full_List_10,pass,$${overridespreadsheet},full_List_10,108,phonetic categorization,1.2 second pause,dp6plq,5,timedOut,,,1203.2999999999884,1200.2000000000116,1203.2999999999884,1203.2999999999884,1200.2000000000116,1203.2999999999884,1,0,0,,Time Limit,screen,0,screen,phonetic categorization,din,din_15.wav,,,din,dill,,,,expo-10ms,15,,4,labeled,,,234,,exposure,A,A,5,8.94427190999916,d-right,d,
802,1784153240348,15/07/2026 22:07:20,1784153240348,-7,15/07/2026 15:07:20,269901,13,task-pkec,repeat-7r7d#1,57237405,,16361732,,complete,,,computer,Desktop or Laptop,Mac OS 10.15,Firefox 150.0,1470x956,1470x810,,,0,Phonetic categorization,25,full_List_10,pass,$${overridespreadsheet},full_List_10,109,phonetic categorization,fixation,99n54d,1,response,,,500,500,500,500,500,500,0,0,0,,Time Limit,screen,0,screen,phonetic categorization,rare,rare.wav,,,rare,flare,,,,expo-10ms,,,4,,,,234,,catch,A,A,,,d-right,,
803,1784153240847,15/07/2026 22:07:20,1784153240847,-7,15/07/2026 15:07:20,269901,13,task-pkec,repeat-7r7d#1,57237405,,16361732,,complete,,,computer,Desktop or Laptop,Mac OS 10.15,Firefox 150.0,1470x956,1470x810,,,0,Phonetic categorization,25,full_List_10,pass,$${overridespreadsheet},full_List_10,109,phonetic categorization,show option,yef3xk,2,response,,,500,500,500,500,500,500,1,0,0,,Time Limit,screen,0,screen,phonetic categorization,rare,rare.wav,,,rare,flare,,,,expo-10ms,,,4,,,,234,,catch,A,A,,,d-right,,
804,1784153240853,15/07/2026 22:07:20,1784153240853,-7,15/07/2026 15:07:20,269901,13,task-pkec,repeat-7r7d#1,57237405,,16361732,,complete,,,computer,Desktop or Laptop,Mac OS 10.15,Firefox 150.0,1470x956,1470x810,,,0,Phonetic categorization,25,full_List_10,pass,$${overridespreadsheet},full_List_10,109,phonetic categorization,soundplay,x8jhtp,3,info,audio started,,9.099999999976717,0,9.099999999976717,9.099999999976717,0,9.099999999976717,0,0,0,,Audio Clip,Audio,1,object-207,phonetic categorization,rare,rare.wav,,,rare,flare,,,,expo-10ms,,,4,,,,234,,catch,A,A,,,d-right,,
805,1784153241305,15/07/2026 22:07:21,1784153241305,-7,15/07/2026 15:07:21,269901,13,task-pkec,repeat-7r7d#1,57237405,,16361732,,complete,,,computer,Desktop or Laptop,Mac OS 10.15,Firefox 150.0,1470x956,1470x810,,,0,Phonetic categorization,25,full_List_10,pass,$${overridespreadsheet},full_List_10,109,phonetic categorization,soundplay,x8jhtp,3,info,audio finished,,460.0999999999767,450,460.0999999999767,460.0999999999767,450,460.0999999999767,0,0,0,,Audio Clip,Audio,1,object-207,phonetic categorization,rare,rare.wav,,,rare,flare,,,,expo-10ms,,,4,,,,234,,catch,A,A,,,d-right,,
806,1784153241310,15/07/2026 22:07:21,1784153241310,-7,15/07/2026 15:07:21,269901,13,task-pkec,repeat-7r7d#1,57237405,,16361732,,complete,,,computer,Desktop or Laptop,Mac OS 10.15,Firefox 150.0,1470x956,1470x810,,,0,Phonetic categorization,25,full_List_10,pass,$${overridespreadsheet},full_List_10,109,phonetic categorization,soundplay,x8jhtp,3,continue,,,465.0999999999767,450,465.0999999999767,465.0999999999767,450,465.0999999999767,0,0,0,,Audio Clip,Audio,1,object-207,phonetic categorization,rare,rare.wav,,,rare,flare,,,,expo-10ms,,,4,,,,234,,catch,A,A,,,d-right,,
807,1784153241791,15/07/2026 22:07:21,1784153241791,-7,15/07/2026 15:07:21,269901,13,task-pkec,repeat-7r7d#1,57237405,,16361732,,complete,,,computer,Desktop or Laptop,Mac OS 10.15,Firefox 150.0,1470x956,1470x810,,,0,Phonetic categorization,25,full_List_10,pass,$${overridespreadsheet},full_List_10,109,phonetic categorization,2AFC,6i7z8o,4,response,rare,,496.0999999999767,483.3399999999674,496.0999999999767,496.0999999999767,483.3399999999674,496.0999999999767,1,0,0,,Keyboard Response,Keyboard Response,1,object-119,phonetic categorization,rare,rare.wav,,,rare,flare,,,,expo-10ms,,,4,,,,234,,catch,A,A,,,d-right,,
808,1784153242981,15/07/2026 22:07:22,1784153242981,-7,15/07/2026 15:07:22,269901,13,task-pkec,repeat-7r7d#1,57237405,,16361732,,complete,,,computer,Desktop or Laptop,Mac OS 10.15,Firefox 150.0,1470x956,1470x810,,,0,Phonetic categorization,25,full_List_10,pass,$${overridespreadsheet},full_List_10,109,phonetic categorization,1.2 second pause,dp6plq,5,timedOut,,,1202.7600000000093,1200,1202.7600000000093,1202.7600000000093,1200,1202.7600000000093,1,0,0,,Time Limit,screen,0,screen,phonetic categorization,rare,rare.wav,,,rare,flare,,,,expo-10ms,,,4,,,,234,,catch,A,A,,,d-right,,
809,1784153243482,15/07/2026 22:07:23,1784153243482,-7,15/07/2026 15:07:23,269901,13,task-pkec,repeat-7r7d#1,57237405,,16361732,,complete,,,computer,Desktop or Laptop,Mac OS 10.15,Firefox 150.0,1470x956,1470x810,,,0,Phonetic categorization,25,full_List_10,pass,$${overridespreadsheet},full_List_10,110,phonetic categorization,fixation,99n54d,1,response,,,500,500,500,500,500,500,0,0,0,,Time Limit,screen,0,screen,phonetic categorization,dill,dill_5.wav,,,till,dill,,,,expo-10ms,5,,4,unlabeled,,,234,,exposure,A,A,5,8.94427190999916,d-right,d,
810,1784153243982,15/07/2026 22:07:23,1784153243982,-7,15/07/2026 15:07:23,269901,13,task-pkec,repeat-7r7d#1,57237405,,16361732,,complete,,,computer,Desktop or Laptop,Mac OS 10.15,Firefox 150.0,1470x956,1470x810,,,0,Phonetic categorization,25,full_List_10,pass,$${overridespreadsheet},full_List_10,110,phonetic categorization,show option,yef3xk,2,response,,,500,500,500,500,500,500,1,0,0,,Time Limit,screen,0,screen,phonetic categorization,dill,dill_5.wav,,,till,dill,,,,expo-10ms,5,,4,unlabeled,,,234,,exposure,A,A,5,8.94427190999916,d-right,d,
811,1784153243987,15/07/2026 22:07:23,1784153243987,-7,15/07/2026 15:07:23,269901,13,task-pkec,repeat-7r7d#1,57237405,,16361732,,complete,,,computer,Desktop or Laptop,Mac OS 10.15,Firefox 150.0,1470x956,1470x810,,,0,Phonetic categorization,25,full_List_10,pass,$${overridespreadsheet},full_List_10,110,phonetic categorization,soundplay,x8jhtp,3,info,audio started,,9.760000000009313,0,9.760000000009313,9.760000000009313,0,9.760000000009313,0,0,0,,Audio Clip,Audio,1,object-207,phonetic categorization,dill,dill_5.wav,,,till,dill,,,,expo-10ms,5,,4,unlabeled,,,234,,exposure,A,A,5,8.94427190999916,d-right,d,
812,1784153244331,15/07/2026 22:07:24,1784153244331,-7,15/07/2026 15:07:24,269901,13,task-pkec,repeat-7r7d#1,57237405,,16361732,,complete,,,computer,Desktop or Laptop,Mac OS 10.15,Firefox 150.0,1470x956,1470x810,,,0,Phonetic categorization,25,full_List_10,pass,$${overridespreadsheet},full_List_10,110,phonetic categorization,soundplay,x8jhtp,3,info,audio finished,,349.9799999999814,333.320000000007,349.9799999999814,349.9799999999814,333.320000000007,349.9799999999814,0,0,0,,Audio Clip,Audio,1,object-207,phonetic categorization,dill,dill_5.wav,,,till,dill,,,,expo-10ms,5,,4,unlabeled,,,234,,exposure,A,A,5,8.94427190999916,d-right,d,
813,1784153244331,15/07/2026 22:07:24,1784153244331,-7,15/07/2026 15:07:24,269901,13,task-pkec,repeat-7r7d#1,57237405,,16361732,,complete,,,computer,Desktop or Laptop,Mac OS 10.15,Firefox 150.0,1470x956,1470x810,,,0,Phonetic categorization,25,full_List_10,pass,$${overridespreadsheet},full_List_10,110,phonetic categorization,soundplay,x8jhtp,3,continue,,,349.9799999999814,333.320000000007,349.9799999999814,349.9799999999814,333.320000000007,349.9799999999814,0,0,0,,Audio Clip,Audio,1,object-207,phonetic categorization,dill,dill_5.wav,,,till,dill,,,,expo-10ms,5,,4,unlabeled,,,234,,exposure,A,A,5,8.94427190999916,d-right,d,
814,1784153244833,15/07/2026 22:07:24,1784153244833,-7,15/07/2026 15:07:24,269901,13,task-pkec,repeat-7r7d#1,57237405,,16361732,,complete,,,computer,Desktop or Laptop,Mac OS 10.15,Firefox 150.0,1470x956,1470x810,,,0,Phonetic categorization,25,full_List_10,pass,$${overridespreadsheet},full_List_10,110,phonetic categorization,2AFC,6i7z8o,4,response,dill,,522.4400000000023,516.679999999993,522.4400000000023,522.4400000000023,516.679999999993,522.4400000000023,1,0,0,,Keyboard Response,Keyboard Response,1,object-119,phonetic categorization,dill,dill_5.wav,,,till,dill,,,,expo-10ms,5,,4,unlabeled,,,234,,exposure,A,A,5,8.94427190999916,d-right,d,
815,1784153246029,15/07/2026 22:07:26,1784153246029,-7,15/07/2026 15:07:26,269901,13,task-pkec,repeat-7r7d#1,57237405,,16361732,,complete,,,computer,Desktop or Laptop,Mac OS 10.15,Firefox 150.0,1470x956,1470x810,,,0,Phonetic categorization,25,full_List_10,pass,$${overridespreadsheet},full_List_10,110,phonetic categorization,1.2 second pause,dp6plq,5,timedOut,,,1200.7600000000093,1199.960000000021,1200.7600000000093,1200.7600000000093,1199.960000000021,1200.7600000000093,1,0,0,,Time Limit,screen,0,screen,phonetic categorization,dill,dill_5.wav,,,till,dill,,,,expo-10ms,5,,4,unlabeled,,,234,,exposure,A,A,5,8.94427190999916,d-right,d,
816,1784153246532,15/07/2026 22:07:26,1784153246532,-7,15/07/2026 15:07:26,269901,13,task-pkec,repeat-7r7d#1,57237405,,16361732,,complete,,,computer,Desktop or Laptop,Mac OS 10.15,Firefox 150.0,1470x956,1470x810,,,0,Phonetic categorization,25,full_List_10,pass,$${overridespreadsheet},full_List_10,111,phonetic categorization,fixation,99n54d,1,response,,,500.03999999997905,500.03999999997905,500.03999999997905,500.03999999997905,500.03999999997905,500.03999999997905,0,0,0,,Time Limit,screen,0,screen,phonetic categorization,dip,dip_10.wav,,,tip,dip,,,,expo-10ms,10,,4,unlabeled,,,234,,exposure,A,A,5,8.94427190999916,d-right,d,
817,1784153247032,15/07/2026 22:07:27,1784153247032,-7,15/07/2026 15:07:27,269901,13,task-pkec,repeat-7r7d#1,57237405,,16361732,,complete,,,computer,Desktop or Laptop,Mac OS 10.15,Firefox 150.0,1470x956,1470x810,,,0,Phonetic categorization,25,full_List_10,pass,$${overridespreadsheet},full_List_10,111,phonetic categorization,show option,yef3xk,2,response,,,500,500,500,500,500,500,1,0,0,,Time Limit,screen,0,screen,phonetic categorization,dip,dip_10.wav,,,tip,dip,,,,expo-10ms,10,,4,unlabeled,,,234,,exposure,A,A,5,8.94427190999916,d-right,d,
818,1784153247038,15/07/2026 22:07:27,1784153247038,-7,15/07/2026 15:07:27,269901,13,task-pkec,repeat-7r7d#1,57237405,,16361732,,complete,,,computer,Desktop or Laptop,Mac OS 10.15,Firefox 150.0,1470x956,1470x810,,,0,Phonetic categorization,25,full_List_10,pass,$${overridespreadsheet},full_List_10,111,phonetic categorization,soundplay,x8jhtp,3,info,audio started,,9.760000000009313,0,9.760000000009313,9.760000000009313,0,9.760000000009313,0,0,0,,Audio Clip,Audio,1,object-207,phonetic categorization,dip,dip_10.wav,,,tip,dip,,,,expo-10ms,10,,4,unlabeled,,,234,,exposure,A,A,5,8.94427190999916,d-right,d,
819,1784153247441,15/07/2026 22:07:27,1784153247441,-7,15/07/2026 15:07:27,269901,13,task-pkec,repeat-7r7d#1,57237405,,16361732,,complete,,,computer,Desktop or Laptop,Mac OS 10.15,Firefox 150.0,1470x956,1470x810,,,0,Phonetic categorization,25,full_List_10,pass,$${overridespreadsheet},full_List_10,111,phonetic categorization,soundplay,x8jhtp,3,info,audio finished,,412.7600000000093,400,412.7600000000093,412.7600000000093,400,412.7600000000093,0,0,0,,Audio Clip,Audio,1,object-207,phonetic categorization,dip,dip_10.wav,,,tip,dip,,,,expo-10ms,10,,4,unlabeled,,,234,,exposure,A,A,5,8.94427190999916,d-right,d,
820,1784153247442,15/07/2026 22:07:27,1784153247442,-7,15/07/2026 15:07:27,269901,13,task-pkec,repeat-7r7d#1,57237405,,16361732,,complete,,,computer,Desktop or Laptop,Mac OS 10.15,Firefox 150.0,1470x956,1470x810,,,0,Phonetic categorization,25,full_List_10,pass,$${overridespreadsheet},full_List_10,111,phonetic categorization,soundplay,x8jhtp,3,continue,,,413.7600000000093,400,413.7600000000093,413.7600000000093,400,413.7600000000093,0,0,0,,Audio Clip,Audio,1,object-207,phonetic categorization,dip,dip_10.wav,,,tip,dip,,,,expo-10ms,10,,4,unlabeled,,,234,,exposure,A,A,5,8.94427190999916,d-right,d,
821,1784153248203,15/07/2026 22:07:28,1784153248203,-7,15/07/2026 15:07:28,269901,13,task-pkec,repeat-7r7d#1,57237405,,16361732,,complete,,,computer,Desktop or Laptop,Mac OS 10.15,Firefox 150.0,1470x956,1470x810,,,0,Phonetic categorization,25,full_List_10,pass,$${overridespreadsheet},full_List_10,111,phonetic categorization,2AFC,6i7z8o,4,response,dip,,774.7600000000093,766.6600000000326,774.7600000000093,774.7600000000093,766.6600000000326,774.7600000000093,1,0,0,,Keyboard Response,Keyboard Response,1,object-119,phonetic categorization,dip,dip_10.wav,,,tip,dip,,,,expo-10ms,10,,4,unlabeled,,,234,,exposure,A,A,5,8.94427190999916,d-right,d,
822,1784153249396,15/07/2026 22:07:29,1784153249396,-7,15/07/2026 15:07:29,269901,13,task-pkec,repeat-7r7d#1,57237405,,16361732,,complete,,,computer,Desktop or Laptop,Mac OS 10.15,Firefox 150.0,1470x956,1470x810,,,0,Phonetic categorization,25,full_List_10,pass,$${overridespreadsheet},full_List_10,111,phonetic categorization,1.2 second pause,dp6plq,5,timedOut,,,1201.0999999999767,1200,1201.0999999999767,1201.0999999999767,1200,1201.0999999999767,1,0,0,,Time Limit,screen,0,screen,phonetic categorization,dip,dip_10.wav,,,tip,dip,,,,expo-10ms,10,,4,unlabeled,,,234,,exposure,A,A,5,8.94427190999916,d-right,d,
823,1784153249895,15/07/2026 22:07:29,1784153249895,-7,15/07/2026 15:07:29,269901,13,task-pkec,repeat-7r7d#1,57237405,,16361732,,complete,,,computer,Desktop or Laptop,Mac OS 10.15,Firefox 150.0,1470x956,1470x810,,,0,Phonetic categorization,25,full_List_10,pass,$${overridespreadsheet},full_List_10,112,phonetic categorization,fixation,99n54d,1,response,,,500,500,500,500,500,500,0,0,0,,Time Limit,screen,0,screen,phonetic categorization,din,din_15.wav,,,tin,din,,,,expo-10ms,15,,4,unlabeled,,,234,,exposure,A,A,5,8.94427190999916,d-right,d,
824,1784153250399,15/07/2026 22:07:30,1784153250399,-7,15/07/2026 15:07:30,269901,13,task-pkec,repeat-7r7d#1,57237405,,16361732,,complete,,,computer,Desktop or Laptop,Mac OS 10.15,Firefox 150.0,1470x956,1470x810,,,0,Phonetic categorization,25,full_List_10,pass,$${overridespreadsheet},full_List_10,112,phonetic categorization,show option,yef3xk,2,response,,,500,500,500,500,500,500,1,0,0,,Time Limit,screen,0,screen,phonetic categorization,din,din_15.wav,,,tin,din,,,,expo-10ms,15,,4,unlabeled,,,234,,exposure,A,A,5,8.94427190999916,d-right,d,
825,1784153250405,15/07/2026 22:07:30,1784153250405,-7,15/07/2026 15:07:30,269901,13,task-pkec,repeat-7r7d#1,57237405,,16361732,,complete,,,computer,Desktop or Laptop,Mac OS 10.15,Firefox 150.0,1470x956,1470x810,,,0,Phonetic categorization,25,full_List_10,pass,$${overridespreadsheet},full_List_10,112,phonetic categorization,soundplay,x8jhtp,3,info,audio started,,10.099999999976717,0,10.099999999976717,10.099999999976717,0,10.099999999976717,0,0,0,,Audio Clip,Audio,1,object-207,phonetic categorization,din,din_15.wav,,,tin,din,,,,expo-10ms,15,,4,unlabeled,,,234,,exposure,A,A,5,8.94427190999916,d-right,d,
826,1784153250738,15/07/2026 22:07:30,1784153250738,-7,15/07/2026 15:07:30,269901,13,task-pkec,repeat-7r7d#1,57237405,,16361732,,complete,,,computer,Desktop or Laptop,Mac OS 10.15,Firefox 150.0,1470x956,1470x810,,,0,Phonetic categorization,25,full_List_10,pass,$${overridespreadsheet},full_List_10,112,phonetic categorization,soundplay,x8jhtp,3,info,audio finished,,342.0999999999767,333.3399999999674,342.0999999999767,342.0999999999767,333.3399999999674,342.0999999999767,0,0,0,,Audio Clip,Audio,1,object-207,phonetic categorization,din,din_15.wav,,,tin,din,,,,expo-10ms,15,,4,unlabeled,,,234,,exposure,A,A,5,8.94427190999916,d-right,d,
827,1784153250738,15/07/2026 22:07:30,1784153250738,-7,15/07/2026 15:07:30,269901,13,task-pkec,repeat-7r7d#1,57237405,,16361732,,complete,,,computer,Desktop or Laptop,Mac OS 10.15,Firefox 150.0,1470x956,1470x810,,,0,Phonetic categorization,25,full_List_10,pass,$${overridespreadsheet},full_List_10,112,phonetic categorization,soundplay,x8jhtp,3,continue,,,344.0999999999767,333.3399999999674,344.0999999999767,344.0999999999767,333.3399999999674,344.0999999999767,0,0,0,,Audio Clip,Audio,1,object-207,phonetic categorization,din,din_15.wav,,,tin,din,,,,expo-10ms,15,,4,unlabeled,,,234,,exposure,A,A,5,8.94427190999916,d-right,d,
828,1784153251159,15/07/2026 22:07:31,1784153251159,-7,15/07/2026 15:07:31,269901,13,task-pkec,repeat-7r7d#1,57237405,,16361732,,complete,,,computer,Desktop or Laptop,Mac OS 10.15,Firefox 150.0,1470x956,1470x810,,,0,Phonetic categorization,25,full_List_10,pass,$${overridespreadsheet},full_List_10,112,phonetic categorization,2AFC,6i7z8o,4,response,din,,430.7600000000093,416.6600000000326,430.7600000000093,430.7600000000093,416.6600000000326,430.7600000000093,1,0,0,,Keyboard Response,Keyboard Response,1,object-119,phonetic categorization,din,din_15.wav,,,tin,din,,,,expo-10ms,15,,4,unlabeled,,,234,,exposure,A,A,5,8.94427190999916,d-right,d,
829,1784153252345,15/07/2026 22:07:32,1784153252345,-7,15/07/2026 15:07:32,269901,13,task-pkec,repeat-7r7d#1,57237405,,16361732,,complete,,,computer,Desktop or Laptop,Mac OS 10.15,Firefox 150.0,1470x956,1470x810,,,0,Phonetic categorization,25,full_List_10,pass,$${overridespreadsheet},full_List_10,112,phonetic categorization,1.2 second pause,dp6plq,5,timedOut,,,1200.0999999999767,1200,1200.0999999999767,1200.0999999999767,1200,1200.0999999999767,1,0,0,,Time Limit,screen,0,screen,phonetic categorization,din,din_15.wav,,,tin,din,,,,expo-10ms,15,,4,unlabeled,,,234,,exposure,A,A,5,8.94427190999916,d-right,d,
830,1784153252848,15/07/2026 22:07:32,1784153252848,-7,15/07/2026 15:07:32,269901,13,task-pkec,repeat-7r7d#1,57237405,,16361732,,complete,,,computer,Desktop or Laptop,Mac OS 10.15,Firefox 150.0,1470x956,1470x810,,,0,Phonetic categorization,25,full_List_10,pass,$${overridespreadsheet},full_List_10,113,phonetic categorization,fixation,99n54d,1,response,,,500,500,500,500,500,500,0,0,0,,Time Limit,screen,0,screen,phonetic categorization,till,dill_55.wav,,,tin,till,,,,expo-10ms,55,,4,labeled,,,234,,exposure,A,A,50,16.431676725155,d-right,t,
831,1784153253349,15/07/2026 22:07:33,1784153253349,-7,15/07/2026 15:07:33,269901,13,task-pkec,repeat-7r7d#1,57237405,,16361732,,complete,,,computer,Desktop or Laptop,Mac OS 10.15,Firefox 150.0,1470x956,1470x810,,,0,Phonetic categorization,25,full_List_10,pass,$${overridespreadsheet},full_List_10,113,phonetic categorization,show option,yef3xk,2,response,,,500,500,500,500,500,500,1,0,0,,Time Limit,screen,0,screen,phonetic categorization,till,dill_55.wav,,,tin,till,,,,expo-10ms,55,,4,labeled,,,234,,exposure,A,A,50,16.431676725155,d-right,t,
832,1784153253358,15/07/2026 22:07:33,1784153253358,-7,15/07/2026 15:07:33,269901,13,task-pkec,repeat-7r7d#1,57237405,,16361732,,complete,,,computer,Desktop or Laptop,Mac OS 10.15,Firefox 150.0,1470x956,1470x810,,,0,Phonetic categorization,25,full_List_10,pass,$${overridespreadsheet},full_List_10,113,phonetic categorization,soundplay,x8jhtp,3,info,audio started,,14.099999999976717,0,14.099999999976717,14.099999999976717,0,14.099999999976717,0,0,0,,Audio Clip,Audio,1,object-207,phonetic categorization,till,dill_55.wav,,,tin,till,,,,expo-10ms,55,,4,labeled,,,234,,exposure,A,A,50,16.431676725155,d-right,t,
833,1784153253731,15/07/2026 22:07:33,1784153253731,-7,15/07/2026 15:07:33,269901,13,task-pkec,repeat-7r7d#1,57237405,,16361732,,complete,,,computer,Desktop or Laptop,Mac OS 10.15,Firefox 150.0,1470x956,1470x810,,,0,Phonetic categorization,25,full_List_10,pass,$${overridespreadsheet},full_List_10,113,phonetic categorization,soundplay,x8jhtp,3,info,audio finished,,386.0999999999767,383.3399999999674,386.0999999999767,386.0999999999767,383.3399999999674,386.0999999999767,0,0,0,,Audio Clip,Audio,1,object-207,phonetic categorization,till,dill_55.wav,,,tin,till,,,,expo-10ms,55,,4,labeled,,,234,,exposure,A,A,50,16.431676725155,d-right,t,
834,1784153253732,15/07/2026 22:07:33,1784153253732,-7,15/07/2026 15:07:33,269901,13,task-pkec,repeat-7r7d#1,57237405,,16361732,,complete,,,computer,Desktop or Laptop,Mac OS 10.15,Firefox 150.0,1470x956,1470x810,,,0,Phonetic categorization,25,full_List_10,pass,$${overridespreadsheet},full_List_10,113,phonetic categorization,soundplay,x8jhtp,3,continue,,,387.0999999999767,383.3399999999674,387.0999999999767,387.0999999999767,383.3399999999674,387.0999999999767,0,0,0,,Audio Clip,Audio,1,object-207,phonetic categorization,till,dill_55.wav,,,tin,till,,,,expo-10ms,55,,4,labeled,,,234,,exposure,A,A,50,16.431676725155,d-right,t,
835,1784153254164,15/07/2026 22:07:34,1784153254164,-7,15/07/2026 15:07:34,269901,13,task-pkec,repeat-7r7d#1,57237405,,16361732,,complete,,,computer,Desktop or Laptop,Mac OS 10.15,Firefox 150.0,1470x956,1470x810,,,0,Phonetic categorization,25,full_List_10,pass,$${overridespreadsheet},full_List_10,113,phonetic categorization,2AFC,6i7z8o,4,response,till,,433.3200000000652,416.6600000000326,433.3200000000652,433.3200000000652,416.6600000000326,433.3200000000652,1,0,0,,Keyboard Response,Keyboard Response,1,object-119,phonetic categorization,till,dill_55.wav,,,tin,till,,,,expo-10ms,55,,4,labeled,,,234,,exposure,A,A,50,16.431676725155,d-right,t,
836,1784153255348,15/07/2026 22:07:35,1784153255348,-7,15/07/2026 15:07:35,269901,13,task-pkec,repeat-7r7d#1,57237405,,16361732,,complete,,,computer,Desktop or Laptop,Mac OS 10.15,Firefox 150.0,1470x956,1470x810,,,0,Phonetic categorization,25,full_List_10,pass,$${overridespreadsheet},full_List_10,113,phonetic categorization,1.2 second pause,dp6plq,5,timedOut,,,1202.0999999999767,1200,1202.0999999999767,1202.0999999999767,1200,1202.0999999999767,1,0,0,,Time Limit,screen,0,screen,phonetic categorization,till,dill_55.wav,,,tin,till,,,,expo-10ms,55,,4,labeled,,,234,,exposure,A,A,50,16.431676725155,d-right,t,
837,1784153255847,15/07/2026 22:07:35,1784153255847,-7,15/07/2026 15:07:35,269901,13,task-pkec,repeat-7r7d#1,57237405,,16361732,,complete,,,computer,Desktop or Laptop,Mac OS 10.15,Firefox 150.0,1470x956,1470x810,,,0,Phonetic categorization,25,full_List_10,pass,$${overridespreadsheet},full_List_10,114,phonetic categorization,fixation,99n54d,1,response,,,500,500,500,500,500,500,0,0,0,,Time Limit,screen,0,screen,phonetic categorization,till,dill_60.wav,,,till,dill,,,,expo-10ms,60,,4,unlabeled,,,234,,exposure,A,A,50,16.431676725155,d-right,t,
838,1784153256347,15/07/2026 22:07:36,1784153256347,-7,15/07/2026 15:07:36,269901,13,task-pkec,repeat-7r7d#1,57237405,,16361732,,complete,,,computer,Desktop or Laptop,Mac OS 10.15,Firefox 150.0,1470x956,1470x810,,,0,Phonetic categorization,25,full_List_10,pass,$${overridespreadsheet},full_List_10,114,phonetic categorization,show option,yef3xk,2,response,,,500,500,500,500,500,500,1,0,0,,Time Limit,screen,0,screen,phonetic categorization,till,dill_60.wav,,,till,dill,,,,expo-10ms,60,,4,unlabeled,,,234,,exposure,A,A,50,16.431676725155,d-right,t,
839,1784153256354,15/07/2026 22:07:36,1784153256354,-7,15/07/2026 15:07:36,269901,13,task-pkec,repeat-7r7d#1,57237405,,16361732,,complete,,,computer,Desktop or Laptop,Mac OS 10.15,Firefox 150.0,1470x956,1470x810,,,0,Phonetic categorization,25,full_List_10,pass,$${overridespreadsheet},full_List_10,114,phonetic categorization,soundplay,x8jhtp,3,info,audio started,,10.099999999976717,0,10.099999999976717,10.099999999976717,0,10.099999999976717,0,0,0,,Audio Clip,Audio,1,object-207,phonetic categorization,till,dill_60.wav,,,till,dill,,,,expo-10ms,60,,4,unlabeled,,,234,,exposure,A,A,50,16.431676725155,d-right,t,
840,1784153256734,15/07/2026 22:07:36,1784153256734,-7,15/07/2026 15:07:36,269901,13,task-pkec,repeat-7r7d#1,57237405,,16361732,,complete,,,computer,Desktop or Laptop,Mac OS 10.15,Firefox 150.0,1470x956,1470x810,,,0,Phonetic categorization,25,full_List_10,pass,$${overridespreadsheet},full_List_10,114,phonetic categorization,soundplay,x8jhtp,3,info,audio finished,,390.0999999999767,383.3399999999674,390.0999999999767,390.0999999999767,383.3399999999674,390.0999999999767,0,0,0,,Audio Clip,Audio,1,object-207,phonetic categorization,till,dill_60.wav,,,till,dill,,,,expo-10ms,60,,4,unlabeled,,,234,,exposure,A,A,50,16.431676725155,d-right,t,
841,1784153256734,15/07/2026 22:07:36,1784153256734,-7,15/07/2026 15:07:36,269901,13,task-pkec,repeat-7r7d#1,57237405,,16361732,,complete,,,computer,Desktop or Laptop,Mac OS 10.15,Firefox 150.0,1470x956,1470x810,,,0,Phonetic categorization,25,full_List_10,pass,$${overridespreadsheet},full_List_10,114,phonetic categorization,soundplay,x8jhtp,3,continue,,,390.0999999999767,383.3399999999674,390.0999999999767,390.0999999999767,383.3399999999674,390.0999999999767,0,0,0,,Audio Clip,Audio,1,object-207,phonetic categorization,till,dill_60.wav,,,till,dill,,,,expo-10ms,60,,4,unlabeled,,,234,,exposure,A,A,50,16.431676725155,d-right,t,
842,1784153257418,15/07/2026 22:07:37,1784153257418,-7,15/07/2026 15:07:37,269901,13,task-pkec,repeat-7r7d#1,57237405,,16361732,,complete,,,computer,Desktop or Laptop,Mac OS 10.15,Firefox 150.0,1470x956,1470x810,,,0,Phonetic categorization,25,full_List_10,pass,$${overridespreadsheet},full_List_10,114,phonetic categorization,2AFC,6i7z8o,4,response,till,,689.7600000000093,683.320000000007,689.7600000000093,689.7600000000093,683.320000000007,689.7600000000093,1,0,0,,Keyboard Response,Keyboard Response,1,object-119,phonetic categorization,till,dill_60.wav,,,till,dill,,,,expo-10ms,60,,4,unlabeled,,,234,,exposure,A,A,50,16.431676725155,d-right,t,
843,1784153258615,15/07/2026 22:07:38,1784153258615,-7,15/07/2026 15:07:38,269901,13,task-pkec,repeat-7r7d#1,57237405,,16361732,,complete,,,computer,Desktop or Laptop,Mac OS 10.15,Firefox 150.0,1470x956,1470x810,,,0,Phonetic categorization,25,full_List_10,pass,$${overridespreadsheet},full_List_10,114,phonetic categorization,1.2 second pause,dp6plq,5,timedOut,,,1203.4400000000023,1200,1203.4400000000023,1203.4400000000023,1200,1203.4400000000023,1,0,0,,Time Limit,screen,0,screen,phonetic categorization,till,dill_60.wav,,,till,dill,,,,expo-10ms,60,,4,unlabeled,,,234,,exposure,A,A,50,16.431676725155,d-right,t,
844,1784153259114,15/07/2026 22:07:39,1784153259114,-7,15/07/2026 15:07:39,269901,13,task-pkec,repeat-7r7d#1,57237405,,16361732,,complete,,,computer,Desktop or Laptop,Mac OS 10.15,Firefox 150.0,1470x956,1470x810,,,0,Phonetic categorization,25,full_List_10,pass,$${overridespreadsheet},full_List_10,115,phonetic categorization,fixation,99n54d,1,response,,,500,500,500,500,500,500,0,0,0,,Time Limit,screen,0,screen,phonetic categorization,dill,dill_5.wav,,,till,dill,,,,expo-10ms,5,,4,unlabeled,,,234,,exposure,A,A,5,8.94427190999916,d-right,d,
845,1784153259614,15/07/2026 22:07:39,1784153259614,-7,15/07/2026 15:07:39,269901,13,task-pkec,repeat-7r7d#1,57237405,,16361732,,complete,,,computer,Desktop or Laptop,Mac OS 10.15,Firefox 150.0,1470x956,1470x810,,,0,Phonetic categorization,25,full_List_10,pass,$${overridespreadsheet},full_List_10,115,phonetic categorization,show option,yef3xk,2,response,,,500,500,500,500,500,500,1,0,0,,Time Limit,screen,0,screen,phonetic categorization,dill,dill_5.wav,,,till,dill,,,,expo-10ms,5,,4,unlabeled,,,234,,exposure,A,A,5,8.94427190999916,d-right,d,
846,1784153259621,15/07/2026 22:07:39,1784153259621,-7,15/07/2026 15:07:39,269901,13,task-pkec,repeat-7r7d#1,57237405,,16361732,,complete,,,computer,Desktop or Laptop,Mac OS 10.15,Firefox 150.0,1470x956,1470x810,,,0,Phonetic categorization,25,full_List_10,pass,$${overridespreadsheet},full_List_10,115,phonetic categorization,soundplay,x8jhtp,3,info,audio started,,9.440000000002328,0,9.440000000002328,9.440000000002328,0,9.440000000002328,0,0,0,,Audio Clip,Audio,1,object-207,phonetic categorization,dill,dill_5.wav,,,till,dill,,,,expo-10ms,5,,4,unlabeled,,,234,,exposure,A,A,5,8.94427190999916,d-right,d,
847,1784153259963,15/07/2026 22:07:39,1784153259963,-7,15/07/2026 15:07:39,269901,13,task-pkec,repeat-7r7d#1,57237405,,16361732,,complete,,,computer,Desktop or Laptop,Mac OS 10.15,Firefox 150.0,1470x956,1470x810,,,0,Phonetic categorization,25,full_List_10,pass,$${overridespreadsheet},full_List_10,115,phonetic categorization,soundplay,x8jhtp,3,info,audio finished,,350.0000000000582,333.3400000000256,350.0000000000582,350.0000000000582,333.3400000000256,350.0000000000582,0,0,0,,Audio Clip,Audio,1,object-207,phonetic categorization,dill,dill_5.wav,,,till,dill,,,,expo-10ms,5,,4,unlabeled,,,234,,exposure,A,A,5,8.94427190999916,d-right,d,
848,1784153259964,15/07/2026 22:07:39,1784153259964,-7,15/07/2026 15:07:39,269901,13,task-pkec,repeat-7r7d#1,57237405,,16361732,,complete,,,computer,Desktop or Laptop,Mac OS 10.15,Firefox 150.0,1470x956,1470x810,,,0,Phonetic categorization,25,full_List_10,pass,$${overridespreadsheet},full_List_10,115,phonetic categorization,soundplay,x8jhtp,3,continue,,,350.0000000000582,333.3400000000256,350.0000000000582,350.0000000000582,333.3400000000256,350.0000000000582,0,0,0,,Audio Clip,Audio,1,object-207,phonetic categorization,dill,dill_5.wav,,,till,dill,,,,expo-10ms,5,,4,unlabeled,,,234,,exposure,A,A,5,8.94427190999916,d-right,d,
849,1784153260394,15/07/2026 22:07:40,1784153260394,-7,15/07/2026 15:07:40,269901,13,task-pkec,repeat-7r7d#1,57237405,,16361732,,complete,,,computer,Desktop or Laptop,Mac OS 10.15,Firefox 150.0,1470x956,1470x810,,,0,Phonetic categorization,25,full_List_10,pass,$${overridespreadsheet},full_List_10,115,phonetic categorization,2AFC,6i7z8o,4,response,dill,,450.0199999999604,433.3399999999674,450.0199999999604,450.0199999999604,433.3399999999674,450.0199999999604,1,0,0,,Keyboard Response,Keyboard Response,1,object-119,phonetic categorization,dill,dill_5.wav,,,till,dill,,,,expo-10ms,5,,4,unlabeled,,,234,,exposure,A,A,5,8.94427190999916,d-right,d,
850,1784153261580,15/07/2026 22:07:41,1784153261580,-7,15/07/2026 15:07:41,269901,13,task-pkec,repeat-7r7d#1,57237405,,16361732,,complete,,,computer,Desktop or Laptop,Mac OS 10.15,Firefox 150.0,1470x956,1470x810,,,0,Phonetic categorization,25,full_List_10,pass,$${overridespreadsheet},full_List_10,115,phonetic categorization,1.2 second pause,dp6plq,5,timedOut,,,1201.7600000000093,1200,1201.7600000000093,1201.7600000000093,1200,1201.7600000000093,1,0,0,,Time Limit,screen,0,screen,phonetic categorization,dill,dill_5.wav,,,till,dill,,,,expo-10ms,5,,4,unlabeled,,,234,,exposure,A,A,5,8.94427190999916,d-right,d,
851,1784153262081,15/07/2026 22:07:42,1784153262081,-7,15/07/2026 15:07:42,269901,13,task-pkec,repeat-7r7d#1,57237405,,16361732,,complete,,,computer,Desktop or Laptop,Mac OS 10.15,Firefox 150.0,1470x956,1470x810,,,0,Phonetic categorization,25,full_List_10,pass,$${overridespreadsheet},full_List_10,116,phonetic categorization,fixation,99n54d,1,response,,,500,500,500,500,500,500,0,0,0,,Time Limit,screen,0,screen,phonetic categorization,tin,din_55.wav,,,tin,din,,,,expo-10ms,55,,4,unlabeled,,,234,,exposure,A,A,50,16.431676725155,d-right,t,
852,1784153262580,15/07/2026 22:07:42,1784153262580,-7,15/07/2026 15:07:42,269901,13,task-pkec,repeat-7r7d#1,57237405,,16361732,,complete,,,computer,Desktop or Laptop,Mac OS 10.15,Firefox 150.0,1470x956,1470x810,,,0,Phonetic categorization,25,full_List_10,pass,$${overridespreadsheet},full_List_10,116,phonetic categorization,show option,yef3xk,2,response,,,500,500,500,500,500,500,1,0,0,,Time Limit,screen,0,screen,phonetic categorization,tin,din_55.wav,,,tin,din,,,,expo-10ms,55,,4,unlabeled,,,234,,exposure,A,A,50,16.431676725155,d-right,t,
853,1784153262587,15/07/2026 22:07:42,1784153262587,-7,15/07/2026 15:07:42,269901,13,task-pkec,repeat-7r7d#1,57237405,,16361732,,complete,,,computer,Desktop or Laptop,Mac OS 10.15,Firefox 150.0,1470x956,1470x810,,,0,Phonetic categorization,25,full_List_10,pass,$${overridespreadsheet},full_List_10,116,phonetic categorization,soundplay,x8jhtp,3,info,audio started,,8.760000000009313,0,8.760000000009313,8.760000000009313,0,8.760000000009313,0,0,0,,Audio Clip,Audio,1,object-207,phonetic categorization,tin,din_55.wav,,,tin,din,,,,expo-10ms,55,,4,unlabeled,,,234,,exposure,A,A,50,16.431676725155,d-right,t,
854,1784153262951,15/07/2026 22:07:42,1784153262951,-7,15/07/2026 15:07:42,269901,13,task-pkec,repeat-7r7d#1,57237405,,16361732,,complete,,,computer,Desktop or Laptop,Mac OS 10.15,Firefox 150.0,1470x956,1470x810,,,0,Phonetic categorization,25,full_List_10,pass,$${overridespreadsheet},full_List_10,116,phonetic categorization,soundplay,x8jhtp,3,info,audio finished,,372.7600000000093,366.6600000000326,372.7600000000093,372.7600000000093,366.6600000000326,372.7600000000093,0,0,0,,Audio Clip,Audio,1,object-207,phonetic categorization,tin,din_55.wav,,,tin,din,,,,expo-10ms,55,,4,unlabeled,,,234,,exposure,A,A,50,16.431676725155,d-right,t,
855,1784153262952,15/07/2026 22:07:42,1784153262952,-7,15/07/2026 15:07:42,269901,13,task-pkec,repeat-7r7d#1,57237405,,16361732,,complete,,,computer,Desktop or Laptop,Mac OS 10.15,Firefox 150.0,1470x956,1470x810,,,0,Phonetic categorization,25,full_List_10,pass,$${overridespreadsheet},full_List_10,116,phonetic categorization,soundplay,x8jhtp,3,continue,,,373.7600000000093,366.6600000000326,373.7600000000093,373.7600000000093,366.6600000000326,373.7600000000093,0,0,0,,Audio Clip,Audio,1,object-207,phonetic categorization,tin,din_55.wav,,,tin,din,,,,expo-10ms,55,,4,unlabeled,,,234,,exposure,A,A,50,16.431676725155,d-right,t,
856,1784153263230,15/07/2026 22:07:43,1784153263230,-7,15/07/2026 15:07:43,269901,13,task-pkec,repeat-7r7d#1,57237405,,16361732,,complete,,,computer,Desktop or Laptop,Mac OS 10.15,Firefox 150.0,1470x956,1470x810,,,0,Phonetic categorization,25,full_List_10,pass,$${overridespreadsheet},full_List_10,116,phonetic categorization,2AFC,6i7z8o,4,response,tin,,283.3199999999488,266.6599999999744,283.3199999999488,283.3199999999488,266.6599999999744,283.3199999999488,1,0,0,,Keyboard Response,Keyboard Response,1,object-119,phonetic categorization,tin,din_55.wav,,,tin,din,,,,expo-10ms,55,,4,unlabeled,,,234,,exposure,A,A,50,16.431676725155,d-right,t,
857,1784153264412,15/07/2026 22:07:44,1784153264412,-7,15/07/2026 15:07:44,269901,13,task-pkec,repeat-7r7d#1,57237405,,16361732,,complete,,,computer,Desktop or Laptop,Mac OS 10.15,Firefox 150.0,1470x956,1470x810,,,0,Phonetic categorization,25,full_List_10,pass,$${overridespreadsheet},full_List_10,116,phonetic categorization,1.2 second pause,dp6plq,5,timedOut,,,1200.5800000000163,1200.5800000000163,1200.5800000000163,1200.5800000000163,1200.5800000000163,1200.5800000000163,1,0,0,,Time Limit,screen,0,screen,phonetic categorization,tin,din_55.wav,,,tin,din,,,,expo-10ms,55,,4,unlabeled,,,234,,exposure,A,A,50,16.431676725155,d-right,t,
858,1784153264915,15/07/2026 22:07:44,1784153264915,-7,15/07/2026 15:07:44,269901,13,task-pkec,repeat-7r7d#1,57237405,,16361732,,complete,,,computer,Desktop or Laptop,Mac OS 10.15,Firefox 150.0,1470x956,1470x810,,,0,Phonetic categorization,25,full_List_10,pass,$${overridespreadsheet},full_List_10,117,phonetic categorization,fixation,99n54d,1,response,,,500.5199999999604,500.5199999999604,500.5199999999604,500.5199999999604,500.5199999999604,500.5199999999604,0,0,0,,Time Limit,screen,0,screen,phonetic categorization,dill,dill_5.wav,,,dill,din,,,,expo-10ms,5,,4,labeled,,,234,,exposure,A,A,5,8.94427190999916,d-right,d,
859,1784153265415,15/07/2026 22:07:45,1784153265415,-7,15/07/2026 15:07:45,269901,13,task-pkec,repeat-7r7d#1,57237405,,16361732,,complete,,,computer,Desktop or Laptop,Mac OS 10.15,Firefox 150.0,1470x956,1470x810,,,0,Phonetic categorization,25,full_List_10,pass,$${overridespreadsheet},full_List_10,117,phonetic categorization,show option,yef3xk,2,response,,,500,500,500,500,500,500,1,0,0,,Time Limit,screen,0,screen,phonetic categorization,dill,dill_5.wav,,,dill,din,,,,expo-10ms,5,,4,labeled,,,234,,exposure,A,A,5,8.94427190999916,d-right,d,
860,1784153265419,15/07/2026 22:07:45,1784153265419,-7,15/07/2026 15:07:45,269901,13,task-pkec,repeat-7r7d#1,57237405,,16361732,,complete,,,computer,Desktop or Laptop,Mac OS 10.15,Firefox 150.0,1470x956,1470x810,,,0,Phonetic categorization,25,full_List_10,pass,$${overridespreadsheet},full_List_10,117,phonetic categorization,soundplay,x8jhtp,3,info,audio started,,6.340000000025611,0,6.340000000025611,6.340000000025611,0,6.340000000025611,0,0,0,,Audio Clip,Audio,1,object-207,phonetic categorization,dill,dill_5.wav,,,dill,din,,,,expo-10ms,5,,4,labeled,,,234,,exposure,A,A,5,8.94427190999916,d-right,d,
861,1784153265758,15/07/2026 22:07:45,1784153265758,-7,15/07/2026 15:07:45,269901,13,task-pkec,repeat-7r7d#1,57237405,,16361732,,complete,,,computer,Desktop or Laptop,Mac OS 10.15,Firefox 150.0,1470x956,1470x810,,,0,Phonetic categorization,25,full_List_10,pass,$${overridespreadsheet},full_List_10,117,phonetic categorization,soundplay,x8jhtp,3,info,audio finished,,345.3400000000256,333.3400000000256,345.3400000000256,345.3400000000256,333.3400000000256,345.3400000000256,0,0,0,,Audio Clip,Audio,1,object-207,phonetic categorization,dill,dill_5.wav,,,dill,din,,,,expo-10ms,5,,4,labeled,,,234,,exposure,A,A,5,8.94427190999916,d-right,d,
862,1784153265758,15/07/2026 22:07:45,1784153265758,-7,15/07/2026 15:07:45,269901,13,task-pkec,repeat-7r7d#1,57237405,,16361732,,complete,,,computer,Desktop or Laptop,Mac OS 10.15,Firefox 150.0,1470x956,1470x810,,,0,Phonetic categorization,25,full_List_10,pass,$${overridespreadsheet},full_List_10,117,phonetic categorization,soundplay,x8jhtp,3,continue,,,346.3400000000256,333.3400000000256,346.3400000000256,346.3400000000256,333.3400000000256,346.3400000000256,0,0,0,,Audio Clip,Audio,1,object-207,phonetic categorization,dill,dill_5.wav,,,dill,din,,,,expo-10ms,5,,4,labeled,,,234,,exposure,A,A,5,8.94427190999916,d-right,d,
863,1784153265966,15/07/2026 22:07:45,1784153265966,-7,15/07/2026 15:07:45,269901,13,task-pkec,repeat-7r7d#1,57237405,,16361732,,complete,,,computer,Desktop or Laptop,Mac OS 10.15,Firefox 150.0,1470x956,1470x810,,,0,Phonetic categorization,25,full_List_10,pass,$${overridespreadsheet},full_List_10,117,phonetic categorization,2AFC,6i7z8o,4,response,dill,,216.67999999999302,200,216.67999999999302,216.67999999999302,200,216.67999999999302,1,0,0,,Keyboard Response,Keyboard Response,1,object-119,phonetic categorization,dill,dill_5.wav,,,dill,din,,,,expo-10ms,5,,4,labeled,,,234,,exposure,A,A,5,8.94427190999916,d-right,d,
864,1784153267150,15/07/2026 22:07:47,1784153267150,-7,15/07/2026 15:07:47,269901,13,task-pkec,repeat-7r7d#1,57237405,,16361732,,complete,,,computer,Desktop or Laptop,Mac OS 10.15,Firefox 150.0,1470x956,1470x810,,,0,Phonetic categorization,25,full_List_10,pass,$${overridespreadsheet},full_List_10,117,phonetic categorization,1.2 second pause,dp6plq,5,timedOut,,,1204,1200,1204,1204,1200,1204,1,0,0,,Time Limit,screen,0,screen,phonetic categorization,dill,dill_5.wav,,,dill,din,,,,expo-10ms,5,,4,labeled,,,234,,exposure,A,A,5,8.94427190999916,d-right,d,
865,1784153267650,15/07/2026 22:07:47,1784153267650,-7,15/07/2026 15:07:47,269901,13,task-pkec,repeat-7r7d#1,57237405,,16361732,,complete,,,computer,Desktop or Laptop,Mac OS 10.15,Firefox 150.0,1470x956,1470x810,,,0,Phonetic categorization,25,full_List_10,pass,$${overridespreadsheet},full_List_10,118,phonetic categorization,fixation,99n54d,1,response,,,500,500,500,500,500,500,0,0,0,,Time Limit,screen,0,screen,phonetic categorization,din,din_20.wav,,,tin,din,,,,expo-10ms,20,,4,unlabeled,,,234,,exposure,A,A,5,8.94427190999916,d-right,d,
866,1784153268151,15/07/2026 22:07:48,1784153268151,-7,15/07/2026 15:07:48,269901,13,task-pkec,repeat-7r7d#1,57237405,,16361732,,complete,,,computer,Desktop or Laptop,Mac OS 10.15,Firefox 150.0,1470x956,1470x810,,,0,Phonetic categorization,25,full_List_10,pass,$${overridespreadsheet},full_List_10,118,phonetic categorization,show option,yef3xk,2,response,,,503.820000000007,503.820000000007,503.820000000007,503.820000000007,503.820000000007,503.820000000007,1,0,0,,Time Limit,screen,0,screen,phonetic categorization,din,din_20.wav,,,tin,din,,,,expo-10ms,20,,4,unlabeled,,,234,,exposure,A,A,5,8.94427190999916,d-right,d,
867,1784153268156,15/07/2026 22:07:48,1784153268156,-7,15/07/2026 15:07:48,269901,13,task-pkec,repeat-7r7d#1,57237405,,16361732,,complete,,,computer,Desktop or Laptop,Mac OS 10.15,Firefox 150.0,1470x956,1470x810,,,0,Phonetic categorization,25,full_List_10,pass,$${overridespreadsheet},full_List_10,118,phonetic categorization,soundplay,x8jhtp,3,info,audio started,,7.179999999993015,0,7.179999999993015,7.179999999993015,0,7.179999999993015,0,0,0,,Audio Clip,Audio,1,object-207,phonetic categorization,din,din_20.wav,,,tin,din,,,,expo-10ms,20,,4,unlabeled,,,234,,exposure,A,A,5,8.94427190999916,d-right,d,
868,1784153268497,15/07/2026 22:07:48,1784153268497,-7,15/07/2026 15:07:48,269901,13,task-pkec,repeat-7r7d#1,57237405,,16361732,,complete,,,computer,Desktop or Laptop,Mac OS 10.15,Firefox 150.0,1470x956,1470x810,,,0,Phonetic categorization,25,full_List_10,pass,$${overridespreadsheet},full_List_10,118,phonetic categorization,soundplay,x8jhtp,3,info,audio finished,,347.179999999993,333.3399999999674,347.179999999993,347.179999999993,333.3399999999674,347.179999999993,0,0,0,,Audio Clip,Audio,1,object-207,phonetic categorization,din,din_20.wav,,,tin,din,,,,expo-10ms,20,,4,unlabeled,,,234,,exposure,A,A,5,8.94427190999916,d-right,d,
869,1784153268497,15/07/2026 22:07:48,1784153268497,-7,15/07/2026 15:07:48,269901,13,task-pkec,repeat-7r7d#1,57237405,,16361732,,complete,,,computer,Desktop or Laptop,Mac OS 10.15,Firefox 150.0,1470x956,1470x810,,,0,Phonetic categorization,25,full_List_10,pass,$${overridespreadsheet},full_List_10,118,phonetic categorization,soundplay,x8jhtp,3,continue,,,347.179999999993,333.3399999999674,347.179999999993,347.179999999993,333.3399999999674,347.179999999993,0,0,0,,Audio Clip,Audio,1,object-207,phonetic categorization,din,din_20.wav,,,tin,din,,,,expo-10ms,20,,4,unlabeled,,,234,,exposure,A,A,5,8.94427190999916,d-right,d,
870,1784153268838,15/07/2026 22:07:48,1784153268838,-7,15/07/2026 15:07:48,269901,13,task-pkec,repeat-7r7d#1,57237405,,16361732,,complete,,,computer,Desktop or Laptop,Mac OS 10.15,Firefox 150.0,1470x956,1470x810,,,0,Phonetic categorization,25,full_List_10,pass,$${overridespreadsheet},full_List_10,118,phonetic categorization,2AFC,6i7z8o,4,response,din,,355.8400000000256,350,355.8400000000256,355.8400000000256,350,355.8400000000256,1,0,0,,Keyboard Response,Keyboard Response,1,object-119,phonetic categorization,din,din_20.wav,,,tin,din,,,,expo-10ms,20,,4,unlabeled,,,234,,exposure,A,A,5,8.94427190999916,d-right,d,
871,1784153270056,15/07/2026 22:07:50,1784153270056,-7,15/07/2026 15:07:50,269901,13,task-pkec,repeat-7r7d#1,57237405,,16361732,,complete,,,computer,Desktop or Laptop,Mac OS 10.15,Firefox 150.0,1470x956,1470x810,,,0,Phonetic categorization,25,full_List_10,pass,$${overridespreadsheet},full_List_10,118,phonetic categorization,1.2 second pause,dp6plq,5,timedOut,,,1202.8400000000256,1200,1202.8400000000256,1202.8400000000256,1200,1202.8400000000256,1,0,0,,Time Limit,screen,0,screen,phonetic categorization,din,din_20.wav,,,tin,din,,,,expo-10ms,20,,4,unlabeled,,,234,,exposure,A,A,5,8.94427190999916,d-right,d,
872,1784153270536,15/07/2026 22:07:50,1784153270536,-7,15/07/2026 15:07:50,269901,13,task-pkec,repeat-7r7d#1,57237405,,16361732,,complete,,,computer,Desktop or Laptop,Mac OS 10.15,Firefox 150.0,1470x956,1470x810,,,0,Phonetic categorization,25,full_List_10,pass,$${overridespreadsheet},full_List_10,119,phonetic categorization,fixation,99n54d,1,response,,,500,500,500,500,500,500,0,0,0,,Time Limit,screen,0,screen,phonetic categorization,din,din_10.wav,,,tin,din,,,,expo-10ms,10,,4,unlabeled,,,234,,exposure,A,A,5,8.94427190999916,d-right,d,
873,1784153271036,15/07/2026 22:07:51,1784153271036,-7,15/07/2026 15:07:51,269901,13,task-pkec,repeat-7r7d#1,57237405,,16361732,,complete,,,computer,Desktop or Laptop,Mac OS 10.15,Firefox 150.0,1470x956,1470x810,,,0,Phonetic categorization,25,full_List_10,pass,$${overridespreadsheet},full_List_10,119,phonetic categorization,show option,yef3xk,2,response,,,500,500,500,500,500,500,1,0,0,,Time Limit,screen,0,screen,phonetic categorization,din,din_10.wav,,,tin,din,,,,expo-10ms,10,,4,unlabeled,,,234,,exposure,A,A,5,8.94427190999916,d-right,d,
874,1784153271043,15/07/2026 22:07:51,1784153271043,-7,15/07/2026 15:07:51,269901,13,task-pkec,repeat-7r7d#1,57237405,,16361732,,complete,,,computer,Desktop or Laptop,Mac OS 10.15,Firefox 150.0,1470x956,1470x810,,,0,Phonetic categorization,25,full_List_10,pass,$${overridespreadsheet},full_List_10,119,phonetic categorization,soundplay,x8jhtp,3,info,audio started,,10.840000000025611,0,10.840000000025611,10.840000000025611,0,10.840000000025611,0,0,0,,Audio Clip,Audio,1,object-207,phonetic categorization,din,din_10.wav,,,tin,din,,,,expo-10ms,10,,4,unlabeled,,,234,,exposure,A,A,5,8.94427190999916,d-right,d,
875,1784153271405,15/07/2026 22:07:51,1784153271405,-7,15/07/2026 15:07:51,269901,13,task-pkec,repeat-7r7d#1,57237405,,16361732,,complete,,,computer,Desktop or Laptop,Mac OS 10.15,Firefox 150.0,1470x956,1470x810,,,0,Phonetic categorization,25,full_List_10,pass,$${overridespreadsheet},full_List_10,119,phonetic categorization,soundplay,x8jhtp,3,info,audio finished,,371.8400000000256,366.6600000000326,371.8400000000256,371.8400000000256,366.6600000000326,371.8400000000256,0,0,0,,Audio Clip,Audio,1,object-207,phonetic categorization,din,din_10.wav,,,tin,din,,,,expo-10ms,10,,4,unlabeled,,,234,,exposure,A,A,5,8.94427190999916,d-right,d,
876,1784153271405,15/07/2026 22:07:51,1784153271405,-7,15/07/2026 15:07:51,269901,13,task-pkec,repeat-7r7d#1,57237405,,16361732,,complete,,,computer,Desktop or Laptop,Mac OS 10.15,Firefox 150.0,1470x956,1470x810,,,0,Phonetic categorization,25,full_List_10,pass,$${overridespreadsheet},full_List_10,119,phonetic categorization,soundplay,x8jhtp,3,continue,,,372.8400000000256,366.6600000000326,372.8400000000256,372.8400000000256,366.6600000000326,372.8400000000256,0,0,0,,Audio Clip,Audio,1,object-207,phonetic categorization,din,din_10.wav,,,tin,din,,,,expo-10ms,10,,4,unlabeled,,,234,,exposure,A,A,5,8.94427190999916,d-right,d,
877,1784153271722,15/07/2026 22:07:51,1784153271722,-7,15/07/2026 15:07:51,269901,13,task-pkec,repeat-7r7d#1,57237405,,16361732,,complete,,,computer,Desktop or Laptop,Mac OS 10.15,Firefox 150.0,1470x956,1470x810,,,0,Phonetic categorization,25,full_List_10,pass,$${overridespreadsheet},full_List_10,119,phonetic categorization,2AFC,6i7z8o,4,response,din,,322.179999999993,316.679999999993,322.179999999993,322.179999999993,316.679999999993,322.179999999993,1,0,0,,Keyboard Response,Keyboard Response,1,object-119,phonetic categorization,din,din_10.wav,,,tin,din,,,,expo-10ms,10,,4,unlabeled,,,234,,exposure,A,A,5,8.94427190999916,d-right,d,
878,1784153272919,15/07/2026 22:07:52,1784153272919,-7,15/07/2026 15:07:52,269901,13,task-pkec,repeat-7r7d#1,57237405,,16361732,,complete,,,computer,Desktop or Laptop,Mac OS 10.15,Firefox 150.0,1470x956,1470x810,,,0,Phonetic categorization,25,full_List_10,pass,$${overridespreadsheet},full_List_10,119,phonetic categorization,1.2 second pause,dp6plq,5,timedOut,,,1203.5,1200,1203.5,1203.5,1200,1203.5,1,0,0,,Time Limit,screen,0,screen,phonetic categorization,din,din_10.wav,,,tin,din,,,,expo-10ms,10,,4,unlabeled,,,234,,exposure,A,A,5,8.94427190999916,d-right,d,
879,1784153273419,15/07/2026 22:07:53,1784153273419,-7,15/07/2026 15:07:53,269901,13,task-pkec,repeat-7r7d#1,57237405,,16361732,,complete,,,computer,Desktop or Laptop,Mac OS 10.15,Firefox 150.0,1470x956,1470x810,,,0,Phonetic categorization,25,full_List_10,pass,$${overridespreadsheet},full_List_10,120,phonetic categorization,fixation,99n54d,1,response,,,500,500,500,500,500,500,0,0,0,,Time Limit,screen,0,screen,phonetic categorization,share,share.wav,,,rare,share,,,,expo-10ms,,,4,,,,234,,catch,A,A,,,d-right,,
880,1784153273916,15/07/2026 22:07:53,1784153273916,-7,15/07/2026 15:07:53,269901,13,task-pkec,repeat-7r7d#1,57237405,,16361732,,complete,,,computer,Desktop or Laptop,Mac OS 10.15,Firefox 150.0,1470x956,1470x810,,,0,Phonetic categorization,25,full_List_10,pass,$${overridespreadsheet},full_List_10,120,phonetic categorization,show option,yef3xk,2,response,,,499.70000000001164,499.70000000001164,499.70000000001164,499.70000000001164,499.70000000001164,499.70000000001164,1,0,0,,Time Limit,screen,0,screen,phonetic categorization,share,share.wav,,,rare,share,,,,expo-10ms,,,4,,,,234,,catch,A,A,,,d-right,,
881,1784153273923,15/07/2026 22:07:53,1784153273923,-7,15/07/2026 15:07:53,269901,13,task-pkec,repeat-7r7d#1,57237405,,16361732,,complete,,,computer,Desktop or Laptop,Mac OS 10.15,Firefox 150.0,1470x956,1470x810,,,0,Phonetic categorization,25,full_List_10,pass,$${overridespreadsheet},full_List_10,120,phonetic categorization,soundplay,x8jhtp,3,info,audio started,,7.7999999999883585,0,7.7999999999883585,7.7999999999883585,0,7.7999999999883585,0,0,0,,Audio Clip,Audio,1,object-207,phonetic categorization,share,share.wav,,,rare,share,,,,expo-10ms,,,4,,,,234,,catch,A,A,,,d-right,,
882,1784153274475,15/07/2026 22:07:54,1784153274475,-7,15/07/2026 15:07:54,269901,13,task-pkec,repeat-7r7d#1,57237405,,16361732,,complete,,,computer,Desktop or Laptop,Mac OS 10.15,Firefox 150.0,1470x956,1470x810,,,0,Phonetic categorization,25,full_List_10,pass,$${overridespreadsheet},full_List_10,120,phonetic categorization,soundplay,x8jhtp,3,info,audio finished,,559.7999999999884,550.2999999999884,559.7999999999884,559.7999999999884,550.2999999999884,559.7999999999884,0,0,0,,Audio Clip,Audio,1,object-207,phonetic categorization,share,share.wav,,,rare,share,,,,expo-10ms,,,4,,,,234,,catch,A,A,,,d-right,,
883,1784153274477,15/07/2026 22:07:54,1784153274477,-7,15/07/2026 15:07:54,269901,13,task-pkec,repeat-7r7d#1,57237405,,16361732,,complete,,,computer,Desktop or Laptop,Mac OS 10.15,Firefox 150.0,1470x956,1470x810,,,0,Phonetic categorization,25,full_List_10,pass,$${overridespreadsheet},full_List_10,120,phonetic categorization,soundplay,x8jhtp,3,continue,,,560.7999999999884,550.2999999999884,560.7999999999884,560.7999999999884,550.2999999999884,560.7999999999884,0,0,0,,Audio Clip,Audio,1,object-207,phonetic categorization,share,share.wav,,,rare,share,,,,expo-10ms,,,4,,,,234,,catch,A,A,,,d-right,,
884,1784153274541,15/07/2026 22:07:54,1784153274541,-7,15/07/2026 15:07:54,269901,13,task-pkec,repeat-7r7d#1,57237405,,16361732,,complete,,,computer,Desktop or Laptop,Mac OS 10.15,Firefox 150.0,1470x956,1470x810,,,0,Phonetic categorization,25,full_List_10,pass,$${overridespreadsheet},full_List_10,120,phonetic categorization,2AFC,6i7z8o,4,response,share,,74.5,66.65999999997439,74.5,74.5,66.65999999997439,74.5,1,0,0,,Keyboard Response,Keyboard Response,1,object-119,phonetic categorization,share,share.wav,,,rare,share,,,,expo-10ms,,,4,,,,234,,catch,A,A,,,d-right,,
885,1784153275737,15/07/2026 22:07:55,1784153275737,-7,15/07/2026 15:07:55,269901,13,task-pkec,repeat-7r7d#1,57237405,,16361732,,complete,,,computer,Desktop or Laptop,Mac OS 10.15,Firefox 150.0,1470x956,1470x810,,,0,Phonetic categorization,25,full_List_10,pass,$${overridespreadsheet},full_List_10,120,phonetic categorization,1.2 second pause,dp6plq,5,timedOut,,,1202.8400000000256,1200,1202.8400000000256,1202.8400000000256,1200,1202.8400000000256,1,0,0,,Time Limit,screen,0,screen,phonetic categorization,share,share.wav,,,rare,share,,,,expo-10ms,,,4,,,,234,,catch,A,A,,,d-right,,
886,1784153322966,15/07/2026 22:08:42,1784153322966,-7,15/07/2026 15:08:42,269901,13,task-pkec,repeat-7r7d#1,57237405,,16361732,,complete,,,computer,Desktop or Laptop,Mac OS 10.15,Firefox 150.0,1470x956,1470x810,,,0,Phonetic categorization,25,full_List_10,pass,$${overridespreadsheet},full_List_10,1,break2,Screen 1,rcwdgl,1,continue,,,47232.840000000026,47216.659999999974,47232.840000000026,47232.840000000026,47216.659999999974,47232.840000000026,1,0,0,,Click To Continue,Continue Button,3,object-292,break2,,,,,,,,,,,,,,,,,,,,,,,,,,
887,1784153323453,15/07/2026 22:08:43,1784153323453,-7,15/07/2026 15:08:43,269901,13,task-pkec,repeat-7r7d#1,57237405,,16361732,,complete,,,computer,Desktop or Laptop,Mac OS 10.15,Firefox 150.0,1470x956,1470x810,,,0,Phonetic categorization,25,full_List_10,pass,$${overridespreadsheet},full_List_10,121,phonetic categorization,fixation,99n54d,1,response,,,500,500,500,500,500,500,0,0,0,,Time Limit,screen,0,screen,phonetic categorization,dill,dill_5.wav,,,dill,din,,,,expo-10ms,5,,4,labeled,,,234,,exposure,A,A,5,8.94427190999916,d-right,d,
888,1784153323952,15/07/2026 22:08:43,1784153323952,-7,15/07/2026 15:08:43,269901,13,task-pkec,repeat-7r7d#1,57237405,,16361732,,complete,,,computer,Desktop or Laptop,Mac OS 10.15,Firefox 150.0,1470x956,1470x810,,,0,Phonetic categorization,25,full_List_10,pass,$${overridespreadsheet},full_List_10,121,phonetic categorization,show option,yef3xk,2,response,,,500,500,500,500,500,500,1,0,0,,Time Limit,screen,0,screen,phonetic categorization,dill,dill_5.wav,,,dill,din,,,,expo-10ms,5,,4,labeled,,,234,,exposure,A,A,5,8.94427190999916,d-right,d,
889,1784153323957,15/07/2026 22:08:43,1784153323957,-7,15/07/2026 15:08:43,269901,13,task-pkec,repeat-7r7d#1,57237405,,16361732,,complete,,,computer,Desktop or Laptop,Mac OS 10.15,Firefox 150.0,1470x956,1470x810,,,0,Phonetic categorization,25,full_List_10,pass,$${overridespreadsheet},full_List_10,121,phonetic categorization,soundplay,x8jhtp,3,info,audio started,,8.180000000051223,0,8.180000000051223,8.180000000051223,0,8.180000000051223,0,0,0,,Audio Clip,Audio,1,object-207,phonetic categorization,dill,dill_5.wav,,,dill,din,,,,expo-10ms,5,,4,labeled,,,234,,exposure,A,A,5,8.94427190999916,d-right,d,
890,1784153324823,15/07/2026 22:08:44,1784153324823,-7,15/07/2026 15:08:44,269901,13,task-pkec,repeat-7r7d#1,57237405,,16361732,,complete,,,computer,Desktop or Laptop,Mac OS 10.15,Firefox 150.0,1470x956,1470x810,,,0,Phonetic categorization,25,full_List_10,pass,$${overridespreadsheet},full_List_10,121,phonetic categorization,soundplay,x8jhtp,3,info,audio finished,,873.1800000000512,866.6800000000512,873.1800000000512,873.1800000000512,866.6800000000512,873.1800000000512,0,0,0,,Audio Clip,Audio,1,object-207,phonetic categorization,dill,dill_5.wav,,,dill,din,,,,expo-10ms,5,,4,labeled,,,234,,exposure,A,A,5,8.94427190999916,d-right,d,
891,1784153324823,15/07/2026 22:08:44,1784153324823,-7,15/07/2026 15:08:44,269901,13,task-pkec,repeat-7r7d#1,57237405,,16361732,,complete,,,computer,Desktop or Laptop,Mac OS 10.15,Firefox 150.0,1470x956,1470x810,,,0,Phonetic categorization,25,full_List_10,pass,$${overridespreadsheet},full_List_10,121,phonetic categorization,soundplay,x8jhtp,3,continue,,,874.1800000000512,866.6800000000512,874.1800000000512,874.1800000000512,866.6800000000512,874.1800000000512,0,0,0,,Audio Clip,Audio,1,object-207,phonetic categorization,dill,dill_5.wav,,,dill,din,,,,expo-10ms,5,,4,labeled,,,234,,exposure,A,A,5,8.94427190999916,d-right,d,
892,1784153325733,15/07/2026 22:08:45,1784153325733,-7,15/07/2026 15:08:45,269901,13,task-pkec,repeat-7r7d#1,57237405,,16361732,,complete,,,computer,Desktop or Laptop,Mac OS 10.15,Firefox 150.0,1470x956,1470x810,,,0,Phonetic categorization,25,full_List_10,pass,$${overridespreadsheet},full_List_10,121,phonetic categorization,2AFC,6i7z8o,4,response,dill,,915.5,900,915.5,915.5,900,915.5,1,0,0,,Keyboard Response,Keyboard Response,1,object-119,phonetic categorization,dill,dill_5.wav,,,dill,din,,,,expo-10ms,5,,4,labeled,,,234,,exposure,A,A,5,8.94427190999916,d-right,d,
893,1784153326917,15/07/2026 22:08:46,1784153326917,-7,15/07/2026 15:08:46,269901,13,task-pkec,repeat-7r7d#1,57237405,,16361732,,complete,,,computer,Desktop or Laptop,Mac OS 10.15,Firefox 150.0,1470x956,1470x810,,,0,Phonetic categorization,25,full_List_10,pass,$${overridespreadsheet},full_List_10,121,phonetic categorization,1.2 second pause,dp6plq,5,timedOut,,,1200.5,1200,1200.5,1200.5,1200,1200.5,1,0,0,,Time Limit,screen,0,screen,phonetic categorization,dill,dill_5.wav,,,dill,din,,,,expo-10ms,5,,4,labeled,,,234,,exposure,A,A,5,8.94427190999916,d-right,d,
894,1784153327420,15/07/2026 22:08:47,1784153327420,-7,15/07/2026 15:08:47,269901,13,task-pkec,repeat-7r7d#1,57237405,,16361732,,complete,,,computer,Desktop or Laptop,Mac OS 10.15,Firefox 150.0,1470x956,1470x810,,,0,Phonetic categorization,25,full_List_10,pass,$${overridespreadsheet},full_List_10,122,phonetic categorization,fixation,99n54d,1,response,,,500,500,500,500,500,500,0,0,0,,Time Limit,screen,0,screen,phonetic categorization,rare,rare.wav,,,rare,flare,,,,expo-10ms,,,4,,,,234,,catch,A,A,,,d-right,,
895,1784153327909,15/07/2026 22:08:47,1784153327909,-7,15/07/2026 15:08:47,269901,13,task-pkec,repeat-7r7d#1,57237405,,16361732,,complete,,,computer,Desktop or Laptop,Mac OS 10.15,Firefox 150.0,1470x956,1470x810,,,0,Phonetic categorization,25,full_List_10,pass,$${overridespreadsheet},full_List_10,122,phonetic categorization,show option,yef3xk,2,response,,,492.6800000000512,492.6800000000512,492.6800000000512,492.6800000000512,492.6800000000512,492.6800000000512,1,0,0,,Time Limit,screen,0,screen,phonetic categorization,rare,rare.wav,,,rare,flare,,,,expo-10ms,,,4,,,,234,,catch,A,A,,,d-right,,
896,1784153327911,15/07/2026 22:08:47,1784153327911,-7,15/07/2026 15:08:47,269901,13,task-pkec,repeat-7r7d#1,57237405,,16361732,,complete,,,computer,Desktop or Laptop,Mac OS 10.15,Firefox 150.0,1470x956,1470x810,,,0,Phonetic categorization,25,full_List_10,pass,$${overridespreadsheet},full_List_10,122,phonetic categorization,soundplay,x8jhtp,3,info,audio started,,1.8199999999487773,0,1.8199999999487773,1.8199999999487773,0,1.8199999999487773,0,0,0,,Audio Clip,Audio,1,object-207,phonetic categorization,rare,rare.wav,,,rare,flare,,,,expo-10ms,,,4,,,,234,,catch,A,A,,,d-right,,
897,1784153328367,15/07/2026 22:08:48,1784153328367,-7,15/07/2026 15:08:48,269901,13,task-pkec,repeat-7r7d#1,57237405,,16361732,,complete,,,computer,Desktop or Laptop,Mac OS 10.15,Firefox 150.0,1470x956,1470x810,,,0,Phonetic categorization,25,full_List_10,pass,$${overridespreadsheet},full_List_10,122,phonetic categorization,soundplay,x8jhtp,3,info,audio finished,,457.8199999999488,450,457.8199999999488,457.8199999999488,450,457.8199999999488,0,0,0,,Audio Clip,Audio,1,object-207,phonetic categorization,rare,rare.wav,,,rare,flare,,,,expo-10ms,,,4,,,,234,,catch,A,A,,,d-right,,
898,1784153328368,15/07/2026 22:08:48,1784153328368,-7,15/07/2026 15:08:48,269901,13,task-pkec,repeat-7r7d#1,57237405,,16361732,,complete,,,computer,Desktop or Laptop,Mac OS 10.15,Firefox 150.0,1470x956,1470x810,,,0,Phonetic categorization,25,full_List_10,pass,$${overridespreadsheet},full_List_10,122,phonetic categorization,soundplay,x8jhtp,3,continue,,,458.8199999999488,450,458.8199999999488,458.8199999999488,450,458.8199999999488,0,0,0,,Audio Clip,Audio,1,object-207,phonetic categorization,rare,rare.wav,,,rare,flare,,,,expo-10ms,,,4,,,,234,,catch,A,A,,,d-right,,
899,1784153328697,15/07/2026 22:08:48,1784153328697,-7,15/07/2026 15:08:48,269901,13,task-pkec,repeat-7r7d#1,57237405,,16361732,,complete,,,computer,Desktop or Laptop,Mac OS 10.15,Firefox 150.0,1470x956,1470x810,,,0,Phonetic categorization,25,full_List_10,pass,$${overridespreadsheet},full_List_10,122,phonetic categorization,2AFC,6i7z8o,4,response,rare,,336.8199999999488,333.3399999999674,336.8199999999488,336.8199999999488,333.3399999999674,336.8199999999488,1,0,0,,Keyboard Response,Keyboard Response,1,object-119,phonetic categorization,rare,rare.wav,,,rare,flare,,,,expo-10ms,,,4,,,,234,,catch,A,A,,,d-right,,
900,1784153329895,15/07/2026 22:08:49,1784153329895,-7,15/07/2026 15:08:49,269901,13,task-pkec,repeat-7r7d#1,57237405,,16361732,,complete,,,computer,Desktop or Laptop,Mac OS 10.15,Firefox 150.0,1470x956,1470x810,,,0,Phonetic categorization,25,full_List_10,pass,$${overridespreadsheet},full_List_10,122,phonetic categorization,1.2 second pause,dp6plq,5,timedOut,,,1203.4799999999814,1200,1203.4799999999814,1203.4799999999814,1200,1203.4799999999814,1,0,0,,Time Limit,screen,0,screen,phonetic categorization,rare,rare.wav,,,rare,flare,,,,expo-10ms,,,4,,,,234,,catch,A,A,,,d-right,,
901,1784153330395,15/07/2026 22:08:50,1784153330395,-7,15/07/2026 15:08:50,269901,13,task-pkec,repeat-7r7d#1,57237405,,16361732,,complete,,,computer,Desktop or Laptop,Mac OS 10.15,Firefox 150.0,1470x956,1470x810,,,0,Phonetic categorization,25,full_List_10,pass,$${overridespreadsheet},full_List_10,123,phonetic categorization,fixation,99n54d,1,response,,,500,500,500,500,500,500,0,0,0,,Time Limit,screen,0,screen,phonetic categorization,dip,dip_0.wav,,,din,dip,,,,expo-10ms,0,,4,labeled,,,234,,exposure,A,A,5,8.94427190999916,d-right,d,
902,1784153330896,15/07/2026 22:08:50,1784153330896,-7,15/07/2026 15:08:50,269901,13,task-pkec,repeat-7r7d#1,57237405,,16361732,,complete,,,computer,Desktop or Laptop,Mac OS 10.15,Firefox 150.0,1470x956,1470x810,,,0,Phonetic categorization,25,full_List_10,pass,$${overridespreadsheet},full_List_10,123,phonetic categorization,show option,yef3xk,2,response,,,500,500,500,500,500,500,1,0,0,,Time Limit,screen,0,screen,phonetic categorization,dip,dip_0.wav,,,din,dip,,,,expo-10ms,0,,4,labeled,,,234,,exposure,A,A,5,8.94427190999916,d-right,d,
903,1784153330902,15/07/2026 22:08:50,1784153330902,-7,15/07/2026 15:08:50,269901,13,task-pkec,repeat-7r7d#1,57237405,,16361732,,complete,,,computer,Desktop or Laptop,Mac OS 10.15,Firefox 150.0,1470x956,1470x810,,,0,Phonetic categorization,25,full_List_10,pass,$${overridespreadsheet},full_List_10,123,phonetic categorization,soundplay,x8jhtp,3,info,audio started,,9.479999999981374,0,9.479999999981374,9.479999999981374,0,9.479999999981374,0,0,0,,Audio Clip,Audio,1,object-207,phonetic categorization,dip,dip_0.wav,,,din,dip,,,,expo-10ms,0,,4,labeled,,,234,,exposure,A,A,5,8.94427190999916,d-right,d,
904,1784153331302,15/07/2026 22:08:51,1784153331302,-7,15/07/2026 15:08:51,269901,13,task-pkec,repeat-7r7d#1,57237405,,16361732,,complete,,,computer,Desktop or Laptop,Mac OS 10.15,Firefox 150.0,1470x956,1470x810,,,0,Phonetic categorization,25,full_List_10,pass,$${overridespreadsheet},full_List_10,123,phonetic categorization,soundplay,x8jhtp,3,info,audio finished,,409.4799999999814,400,409.4799999999814,409.4799999999814,400,409.4799999999814,0,0,0,,Audio Clip,Audio,1,object-207,phonetic categorization,dip,dip_0.wav,,,din,dip,,,,expo-10ms,0,,4,labeled,,,234,,exposure,A,A,5,8.94427190999916,d-right,d,
905,1784153331303,15/07/2026 22:08:51,1784153331303,-7,15/07/2026 15:08:51,269901,13,task-pkec,repeat-7r7d#1,57237405,,16361732,,complete,,,computer,Desktop or Laptop,Mac OS 10.15,Firefox 150.0,1470x956,1470x810,,,0,Phonetic categorization,25,full_List_10,pass,$${overridespreadsheet},full_List_10,123,phonetic categorization,soundplay,x8jhtp,3,continue,,,410.4799999999814,400,410.4799999999814,410.4799999999814,400,410.4799999999814,0,0,0,,Audio Clip,Audio,1,object-207,phonetic categorization,dip,dip_0.wav,,,din,dip,,,,expo-10ms,0,,4,labeled,,,234,,exposure,A,A,5,8.94427190999916,d-right,d,
906,1784153331629,15/07/2026 22:08:51,1784153331629,-7,15/07/2026 15:08:51,269901,13,task-pkec,repeat-7r7d#1,57237405,,16361732,,complete,,,computer,Desktop or Laptop,Mac OS 10.15,Firefox 150.0,1470x956,1470x810,,,0,Phonetic categorization,25,full_List_10,pass,$${overridespreadsheet},full_List_10,123,phonetic categorization,2AFC,6i7z8o,4,response,dip,,333.3200000000652,316.6600000000326,333.3200000000652,333.3200000000652,316.6600000000326,333.3200000000652,1,0,0,,Keyboard Response,Keyboard Response,1,object-119,phonetic categorization,dip,dip_0.wav,,,din,dip,,,,expo-10ms,0,,4,labeled,,,234,,exposure,A,A,5,8.94427190999916,d-right,d,
907,1784153332813,15/07/2026 22:08:52,1784153332813,-7,15/07/2026 15:08:52,269901,13,task-pkec,repeat-7r7d#1,57237405,,16361732,,complete,,,computer,Desktop or Laptop,Mac OS 10.15,Firefox 150.0,1470x956,1470x810,,,0,Phonetic categorization,25,full_List_10,pass,$${overridespreadsheet},full_List_10,123,phonetic categorization,1.2 second pause,dp6plq,5,timedOut,,,1203.8199999999488,1200,1203.8199999999488,1203.8199999999488,1200,1203.8199999999488,1,0,0,,Time Limit,screen,0,screen,phonetic categorization,dip,dip_0.wav,,,din,dip,,,,expo-10ms,0,,4,labeled,,,234,,exposure,A,A,5,8.94427190999916,d-right,d,
908,1784153333311,15/07/2026 22:08:53,1784153333311,-7,15/07/2026 15:08:53,269901,13,task-pkec,repeat-7r7d#1,57237405,,16361732,,complete,,,computer,Desktop or Laptop,Mac OS 10.15,Firefox 150.0,1470x956,1470x810,,,0,Phonetic categorization,25,full_List_10,pass,$${overridespreadsheet},full_List_10,124,phonetic categorization,fixation,99n54d,1,response,,,500,500,500,500,500,500,0,0,0,,Time Limit,screen,0,screen,phonetic categorization,tin,din_55.wav,,,tin,din,,,,expo-10ms,55,,4,unlabeled,,,234,,exposure,A,A,50,16.431676725155,d-right,t,
909,1784153333812,15/07/2026 22:08:53,1784153333812,-7,15/07/2026 15:08:53,269901,13,task-pkec,repeat-7r7d#1,57237405,,16361732,,complete,,,computer,Desktop or Laptop,Mac OS 10.15,Firefox 150.0,1470x956,1470x810,,,0,Phonetic categorization,25,full_List_10,pass,$${overridespreadsheet},full_List_10,124,phonetic categorization,show option,yef3xk,2,response,,,500,500,500,500,500,500,1,0,0,,Time Limit,screen,0,screen,phonetic categorization,tin,din_55.wav,,,tin,din,,,,expo-10ms,55,,4,unlabeled,,,234,,exposure,A,A,50,16.431676725155,d-right,t,
910,1784153333819,15/07/2026 22:08:53,1784153333819,-7,15/07/2026 15:08:53,269901,13,task-pkec,repeat-7r7d#1,57237405,,16361732,,complete,,,computer,Desktop or Laptop,Mac OS 10.15,Firefox 150.0,1470x956,1470x810,,,0,Phonetic categorization,25,full_List_10,pass,$${overridespreadsheet},full_List_10,124,phonetic categorization,soundplay,x8jhtp,3,info,audio started,,10.819999999948777,0,10.819999999948777,10.819999999948777,0,10.819999999948777,0,0,0,,Audio Clip,Audio,1,object-207,phonetic categorization,tin,din_55.wav,,,tin,din,,,,expo-10ms,55,,4,unlabeled,,,234,,exposure,A,A,50,16.431676725155,d-right,t,
911,1784153334183,15/07/2026 22:08:54,1784153334183,-7,15/07/2026 15:08:54,269901,13,task-pkec,repeat-7r7d#1,57237405,,16361732,,complete,,,computer,Desktop or Laptop,Mac OS 10.15,Firefox 150.0,1470x956,1470x810,,,0,Phonetic categorization,25,full_List_10,pass,$${overridespreadsheet},full_List_10,124,phonetic categorization,soundplay,x8jhtp,3,info,audio finished,,374.8199999999488,366.6799999999348,374.8199999999488,374.8199999999488,366.6799999999348,374.8199999999488,0,0,0,,Audio Clip,Audio,1,object-207,phonetic categorization,tin,din_55.wav,,,tin,din,,,,expo-10ms,55,,4,unlabeled,,,234,,exposure,A,A,50,16.431676725155,d-right,t,
912,1784153334183,15/07/2026 22:08:54,1784153334183,-7,15/07/2026 15:08:54,269901,13,task-pkec,repeat-7r7d#1,57237405,,16361732,,complete,,,computer,Desktop or Laptop,Mac OS 10.15,Firefox 150.0,1470x956,1470x810,,,0,Phonetic categorization,25,full_List_10,pass,$${overridespreadsheet},full_List_10,124,phonetic categorization,soundplay,x8jhtp,3,continue,,,375.8199999999488,366.6799999999348,375.8199999999488,375.8199999999488,366.6799999999348,375.8199999999488,0,0,0,,Audio Clip,Audio,1,object-207,phonetic categorization,tin,din_55.wav,,,tin,din,,,,expo-10ms,55,,4,unlabeled,,,234,,exposure,A,A,50,16.431676725155,d-right,t,
913,1784153334554,15/07/2026 22:08:54,1784153334554,-7,15/07/2026 15:08:54,269901,13,task-pkec,repeat-7r7d#1,57237405,,16361732,,complete,,,computer,Desktop or Laptop,Mac OS 10.15,Firefox 150.0,1470x956,1470x810,,,0,Phonetic categorization,25,full_List_10,pass,$${overridespreadsheet},full_List_10,124,phonetic categorization,2AFC,6i7z8o,4,response,tin,,378.14000000001397,366.6600000000326,378.14000000001397,378.14000000001397,366.6600000000326,378.14000000001397,1,0,0,,Keyboard Response,Keyboard Response,1,object-119,phonetic categorization,tin,din_55.wav,,,tin,din,,,,expo-10ms,55,,4,unlabeled,,,234,,exposure,A,A,50,16.431676725155,d-right,t,
914,1784153335746,15/07/2026 22:08:55,1784153335746,-7,15/07/2026 15:08:55,269901,13,task-pkec,repeat-7r7d#1,57237405,,16361732,,complete,,,computer,Desktop or Laptop,Mac OS 10.15,Firefox 150.0,1470x956,1470x810,,,0,Phonetic categorization,25,full_List_10,pass,$${overridespreadsheet},full_List_10,124,phonetic categorization,1.2 second pause,dp6plq,5,timedOut,,,1203.4799999999814,1200,1203.4799999999814,1203.4799999999814,1200,1203.4799999999814,1,0,0,,Time Limit,screen,0,screen,phonetic categorization,tin,din_55.wav,,,tin,din,,,,expo-10ms,55,,4,unlabeled,,,234,,exposure,A,A,50,16.431676725155,d-right,t,
915,1784153336245,15/07/2026 22:08:56,1784153336245,-7,15/07/2026 15:08:56,269901,13,task-pkec,repeat-7r7d#1,57237405,,16361732,,complete,,,computer,Desktop or Laptop,Mac OS 10.15,Firefox 150.0,1470x956,1470x810,,,0,Phonetic categorization,25,full_List_10,pass,$${overridespreadsheet},full_List_10,125,phonetic categorization,fixation,99n54d,1,response,,,500,500,500,500,500,500,0,0,0,,Time Limit,screen,0,screen,phonetic categorization,tin,din_50.wav,,,tin,din,,,,expo-10ms,50,,4,unlabeled,,,234,,exposure,A,A,50,16.431676725155,d-right,t,
916,1784153336745,15/07/2026 22:08:56,1784153336745,-7,15/07/2026 15:08:56,269901,13,task-pkec,repeat-7r7d#1,57237405,,16361732,,complete,,,computer,Desktop or Laptop,Mac OS 10.15,Firefox 150.0,1470x956,1470x810,,,0,Phonetic categorization,25,full_List_10,pass,$${overridespreadsheet},full_List_10,125,phonetic categorization,show option,yef3xk,2,response,,,500,500,500,500,500,500,1,0,0,,Time Limit,screen,0,screen,phonetic categorization,tin,din_50.wav,,,tin,din,,,,expo-10ms,50,,4,unlabeled,,,234,,exposure,A,A,50,16.431676725155,d-right,t,
917,1784153336751,15/07/2026 22:08:56,1784153336751,-7,15/07/2026 15:08:56,269901,13,task-pkec,repeat-7r7d#1,57237405,,16361732,,complete,,,computer,Desktop or Laptop,Mac OS 10.15,Firefox 150.0,1470x956,1470x810,,,0,Phonetic categorization,25,full_List_10,pass,$${overridespreadsheet},full_List_10,125,phonetic categorization,soundplay,x8jhtp,3,info,audio started,,9.479999999981374,0,9.479999999981374,9.479999999981374,0,9.479999999981374,0,0,0,,Audio Clip,Audio,1,object-207,phonetic categorization,tin,din_50.wav,,,tin,din,,,,expo-10ms,50,,4,unlabeled,,,234,,exposure,A,A,50,16.431676725155,d-right,t,
918,1784153337112,15/07/2026 22:08:57,1784153337112,-7,15/07/2026 15:08:57,269901,13,task-pkec,repeat-7r7d#1,57237405,,16361732,,complete,,,computer,Desktop or Laptop,Mac OS 10.15,Firefox 150.0,1470x956,1470x810,,,0,Phonetic categorization,25,full_List_10,pass,$${overridespreadsheet},full_List_10,125,phonetic categorization,soundplay,x8jhtp,3,info,audio finished,,370.4799999999814,366.4799999999814,370.4799999999814,370.4799999999814,366.4799999999814,370.4799999999814,0,0,0,,Audio Clip,Audio,1,object-207,phonetic categorization,tin,din_50.wav,,,tin,din,,,,expo-10ms,50,,4,unlabeled,,,234,,exposure,A,A,50,16.431676725155,d-right,t,
919,1784153337113,15/07/2026 22:08:57,1784153337113,-7,15/07/2026 15:08:57,269901,13,task-pkec,repeat-7r7d#1,57237405,,16361732,,complete,,,computer,Desktop or Laptop,Mac OS 10.15,Firefox 150.0,1470x956,1470x810,,,0,Phonetic categorization,25,full_List_10,pass,$${overridespreadsheet},full_List_10,125,phonetic categorization,soundplay,x8jhtp,3,continue,,,371.4799999999814,366.4799999999814,371.4799999999814,371.4799999999814,366.4799999999814,371.4799999999814,0,0,0,,Audio Clip,Audio,1,object-207,phonetic categorization,tin,din_50.wav,,,tin,din,,,,expo-10ms,50,,4,unlabeled,,,234,,exposure,A,A,50,16.431676725155,d-right,t,
920,1784153337372,15/07/2026 22:08:57,1784153337372,-7,15/07/2026 15:08:57,269901,13,task-pkec,repeat-7r7d#1,57237405,,16361732,,complete,,,computer,Desktop or Laptop,Mac OS 10.15,Firefox 150.0,1470x956,1470x810,,,0,Phonetic categorization,25,full_List_10,pass,$${overridespreadsheet},full_List_10,125,phonetic categorization,2AFC,6i7z8o,4,response,tin,,263,250.18000000005122,263,263,250.18000000005122,263,1,0,0,,Keyboard Response,Keyboard Response,1,object-119,phonetic categorization,tin,din_50.wav,,,tin,din,,,,expo-10ms,50,,4,unlabeled,,,234,,exposure,A,A,50,16.431676725155,d-right,t,
921,1784153338560,15/07/2026 22:08:58,1784153338560,-7,15/07/2026 15:08:58,269901,13,task-pkec,repeat-7r7d#1,57237405,,16361732,,complete,,,computer,Desktop or Laptop,Mac OS 10.15,Firefox 150.0,1470x956,1470x810,,,0,Phonetic categorization,25,full_List_10,pass,$${overridespreadsheet},full_List_10,125,phonetic categorization,1.2 second pause,dp6plq,5,timedOut,,,1200.8199999999488,1200,1200.8199999999488,1200.8199999999488,1200,1200.8199999999488,1,0,0,,Time Limit,screen,0,screen,phonetic categorization,tin,din_50.wav,,,tin,din,,,,expo-10ms,50,,4,unlabeled,,,234,,exposure,A,A,50,16.431676725155,d-right,t,
922,1784153339061,15/07/2026 22:08:59,1784153339061,-7,15/07/2026 15:08:59,269901,13,task-pkec,repeat-7r7d#1,57237405,,16361732,,complete,,,computer,Desktop or Laptop,Mac OS 10.15,Firefox 150.0,1470x956,1470x810,,,0,Phonetic categorization,25,full_List_10,pass,$${overridespreadsheet},full_List_10,126,phonetic categorization,fixation,99n54d,1,response,,,500,500,500,500,500,500,0,0,0,,Time Limit,screen,0,screen,phonetic categorization,dip,dip_20.wav,,,din,dip,,,,expo-10ms,20,,4,labeled,,,234,,exposure,A,A,5,8.94427190999916,d-right,d,
923,1784153339563,15/07/2026 22:08:59,1784153339563,-7,15/07/2026 15:08:59,269901,13,task-pkec,repeat-7r7d#1,57237405,,16361732,,complete,,,computer,Desktop or Laptop,Mac OS 10.15,Firefox 150.0,1470x956,1470x810,,,0,Phonetic categorization,25,full_List_10,pass,$${overridespreadsheet},full_List_10,126,phonetic categorization,show option,yef3xk,2,response,,,500,500,500,500,500,500,1,0,0,,Time Limit,screen,0,screen,phonetic categorization,dip,dip_20.wav,,,din,dip,,,,expo-10ms,20,,4,labeled,,,234,,exposure,A,A,5,8.94427190999916,d-right,d,
924,1784153339568,15/07/2026 22:08:59,1784153339568,-7,15/07/2026 15:08:59,269901,13,task-pkec,repeat-7r7d#1,57237405,,16361732,,complete,,,computer,Desktop or Laptop,Mac OS 10.15,Firefox 150.0,1470x956,1470x810,,,0,Phonetic categorization,25,full_List_10,pass,$${overridespreadsheet},full_List_10,126,phonetic categorization,soundplay,x8jhtp,3,info,audio started,,8.819999999948777,0,8.819999999948777,8.819999999948777,0,8.819999999948777,0,0,0,,Audio Clip,Audio,1,object-207,phonetic categorization,dip,dip_20.wav,,,din,dip,,,,expo-10ms,20,,4,labeled,,,234,,exposure,A,A,5,8.94427190999916,d-right,d,
925,1784153339978,15/07/2026 22:08:59,1784153339978,-7,15/07/2026 15:08:59,269901,13,task-pkec,repeat-7r7d#1,57237405,,16361732,,complete,,,computer,Desktop or Laptop,Mac OS 10.15,Firefox 150.0,1470x956,1470x810,,,0,Phonetic categorization,25,full_List_10,pass,$${overridespreadsheet},full_List_10,126,phonetic categorization,soundplay,x8jhtp,3,info,audio finished,,416.6600000000326,400,416.6600000000326,416.6600000000326,400,416.6600000000326,0,0,0,,Audio Clip,Audio,1,object-207,phonetic categorization,dip,dip_20.wav,,,din,dip,,,,expo-10ms,20,,4,labeled,,,234,,exposure,A,A,5,8.94427190999916,d-right,d,
926,1784153339979,15/07/2026 22:08:59,1784153339979,-7,15/07/2026 15:08:59,269901,13,task-pkec,repeat-7r7d#1,57237405,,16361732,,complete,,,computer,Desktop or Laptop,Mac OS 10.15,Firefox 150.0,1470x956,1470x810,,,0,Phonetic categorization,25,full_List_10,pass,$${overridespreadsheet},full_List_10,126,phonetic categorization,soundplay,x8jhtp,3,continue,,,416.6600000000326,400,416.6600000000326,416.6600000000326,400,416.6600000000326,0,0,0,,Audio Clip,Audio,1,object-207,phonetic categorization,dip,dip_20.wav,,,din,dip,,,,expo-10ms,20,,4,labeled,,,234,,exposure,A,A,5,8.94427190999916,d-right,d,
927,1784153340251,15/07/2026 22:09:00,1784153340251,-7,15/07/2026 15:09:00,269901,13,task-pkec,repeat-7r7d#1,57237405,,16361732,,complete,,,computer,Desktop or Laptop,Mac OS 10.15,Firefox 150.0,1470x956,1470x810,,,0,Phonetic categorization,25,full_List_10,pass,$${overridespreadsheet},full_List_10,126,phonetic categorization,2AFC,6i7z8o,4,response,dip,,292.8199999999488,283.3399999999674,292.8199999999488,292.8199999999488,283.3399999999674,292.8199999999488,1,0,0,,Keyboard Response,Keyboard Response,1,object-119,phonetic categorization,dip,dip_20.wav,,,din,dip,,,,expo-10ms,20,,4,labeled,,,234,,exposure,A,A,5,8.94427190999916,d-right,d,
928,1784153341445,15/07/2026 22:09:01,1784153341445,-7,15/07/2026 15:09:01,269901,13,task-pkec,repeat-7r7d#1,57237405,,16361732,,complete,,,computer,Desktop or Laptop,Mac OS 10.15,Firefox 150.0,1470x956,1470x810,,,0,Phonetic categorization,25,full_List_10,pass,$${overridespreadsheet},full_List_10,126,phonetic categorization,1.2 second pause,dp6plq,5,timedOut,,,1202.4799999999814,1200,1202.4799999999814,1202.4799999999814,1200,1202.4799999999814,1,0,0,,Time Limit,screen,0,screen,phonetic categorization,dip,dip_20.wav,,,din,dip,,,,expo-10ms,20,,4,labeled,,,234,,exposure,A,A,5,8.94427190999916,d-right,d,
929,1784153341943,15/07/2026 22:09:01,1784153341943,-7,15/07/2026 15:09:01,269901,13,task-pkec,repeat-7r7d#1,57237405,,16361732,,complete,,,computer,Desktop or Laptop,Mac OS 10.15,Firefox 150.0,1470x956,1470x810,,,0,Phonetic categorization,25,full_List_10,pass,$${overridespreadsheet},full_List_10,127,phonetic categorization,fixation,99n54d,1,response,,,500,500,500,500,500,500,0,0,0,,Time Limit,screen,0,screen,phonetic categorization,tin,din_70.wav,,,till,tin,,,,expo-10ms,70,,4,labeled,,,234,,exposure,A,A,50,16.431676725155,d-right,t,
930,1784153342445,15/07/2026 22:09:02,1784153342445,-7,15/07/2026 15:09:02,269901,13,task-pkec,repeat-7r7d#1,57237405,,16361732,,complete,,,computer,Desktop or Laptop,Mac OS 10.15,Firefox 150.0,1470x956,1470x810,,,0,Phonetic categorization,25,full_List_10,pass,$${overridespreadsheet},full_List_10,127,phonetic categorization,show option,yef3xk,2,response,,,500,500,500,500,500,500,1,0,0,,Time Limit,screen,0,screen,phonetic categorization,tin,din_70.wav,,,till,tin,,,,expo-10ms,70,,4,labeled,,,234,,exposure,A,A,50,16.431676725155,d-right,t,
931,1784153342447,15/07/2026 22:09:02,1784153342447,-7,15/07/2026 15:09:02,269901,13,task-pkec,repeat-7r7d#1,57237405,,16361732,,complete,,,computer,Desktop or Laptop,Mac OS 10.15,Firefox 150.0,1470x956,1470x810,,,0,Phonetic categorization,25,full_List_10,pass,$${overridespreadsheet},full_List_10,127,phonetic categorization,soundplay,x8jhtp,3,info,audio started,,5.4799999999813735,0,5.4799999999813735,5.4799999999813735,0,5.4799999999813735,0,0,0,,Audio Clip,Audio,1,object-207,phonetic categorization,tin,din_70.wav,,,till,tin,,,,expo-10ms,70,,4,labeled,,,234,,exposure,A,A,50,16.431676725155,d-right,t,
932,1784153342860,15/07/2026 22:09:02,1784153342860,-7,15/07/2026 15:09:02,269901,13,task-pkec,repeat-7r7d#1,57237405,,16361732,,complete,,,computer,Desktop or Laptop,Mac OS 10.15,Firefox 150.0,1470x956,1470x810,,,0,Phonetic categorization,25,full_List_10,pass,$${overridespreadsheet},full_List_10,127,phonetic categorization,soundplay,x8jhtp,3,info,audio finished,,416.6600000000326,400,416.6600000000326,416.6600000000326,400,416.6600000000326,0,0,0,,Audio Clip,Audio,1,object-207,phonetic categorization,tin,din_70.wav,,,till,tin,,,,expo-10ms,70,,4,labeled,,,234,,exposure,A,A,50,16.431676725155,d-right,t,
933,1784153342860,15/07/2026 22:09:02,1784153342860,-7,15/07/2026 15:09:02,269901,13,task-pkec,repeat-7r7d#1,57237405,,16361732,,complete,,,computer,Desktop or Laptop,Mac OS 10.15,Firefox 150.0,1470x956,1470x810,,,0,Phonetic categorization,25,full_List_10,pass,$${overridespreadsheet},full_List_10,127,phonetic categorization,soundplay,x8jhtp,3,continue,,,416.6600000000326,400,416.6600000000326,416.6600000000326,400,416.6600000000326,0,0,0,,Audio Clip,Audio,1,object-207,phonetic categorization,tin,din_70.wav,,,till,tin,,,,expo-10ms,70,,4,labeled,,,234,,exposure,A,A,50,16.431676725155,d-right,t,
934,1784153343252,15/07/2026 22:09:03,1784153343252,-7,15/07/2026 15:09:03,269901,13,task-pkec,repeat-7r7d#1,57237405,,16361732,,complete,,,computer,Desktop or Laptop,Mac OS 10.15,Firefox 150.0,1470x956,1470x810,,,0,Phonetic categorization,25,full_List_10,pass,$${overridespreadsheet},full_List_10,127,phonetic categorization,2AFC,6i7z8o,4,response,tin,,409.4799999999814,399.71999999997206,409.4799999999814,409.4799999999814,399.71999999997206,409.4799999999814,1,0,0,,Keyboard Response,Keyboard Response,1,object-119,phonetic categorization,tin,din_70.wav,,,till,tin,,,,expo-10ms,70,,4,labeled,,,234,,exposure,A,A,50,16.431676725155,d-right,t,
935,1784153344445,15/07/2026 22:09:04,1784153344445,-7,15/07/2026 15:09:04,269901,13,task-pkec,repeat-7r7d#1,57237405,,16361732,,complete,,,computer,Desktop or Laptop,Mac OS 10.15,Firefox 150.0,1470x956,1470x810,,,0,Phonetic categorization,25,full_List_10,pass,$${overridespreadsheet},full_List_10,127,phonetic categorization,1.2 second pause,dp6plq,5,timedOut,,,1202.7600000000093,1200.280000000028,1202.7600000000093,1202.7600000000093,1200.280000000028,1202.7600000000093,1,0,0,,Time Limit,screen,0,screen,phonetic categorization,tin,din_70.wav,,,till,tin,,,,expo-10ms,70,,4,labeled,,,234,,exposure,A,A,50,16.431676725155,d-right,t,
936,1784153344943,15/07/2026 22:09:04,1784153344943,-7,15/07/2026 15:09:04,269901,13,task-pkec,repeat-7r7d#1,57237405,,16361732,,complete,,,computer,Desktop or Laptop,Mac OS 10.15,Firefox 150.0,1470x956,1470x810,,,0,Phonetic categorization,25,full_List_10,pass,$${overridespreadsheet},full_List_10,128,phonetic categorization,fixation,99n54d,1,response,,,500,500,500,500,500,500,0,0,0,,Time Limit,screen,0,screen,phonetic categorization,tin,din_50.wav,,,till,tin,,,,expo-10ms,50,,4,labeled,,,234,,exposure,A,A,50,16.431676725155,d-right,t,
937,1784153345443,15/07/2026 22:09:05,1784153345443,-7,15/07/2026 15:09:05,269901,13,task-pkec,repeat-7r7d#1,57237405,,16361732,,complete,,,computer,Desktop or Laptop,Mac OS 10.15,Firefox 150.0,1470x956,1470x810,,,0,Phonetic categorization,25,full_List_10,pass,$${overridespreadsheet},full_List_10,128,phonetic categorization,show option,yef3xk,2,response,,,500,500,500,500,500,500,1,0,0,,Time Limit,screen,0,screen,phonetic categorization,tin,din_50.wav,,,till,tin,,,,expo-10ms,50,,4,labeled,,,234,,exposure,A,A,50,16.431676725155,d-right,t,
938,1784153345449,15/07/2026 22:09:05,1784153345449,-7,15/07/2026 15:09:05,269901,13,task-pkec,repeat-7r7d#1,57237405,,16361732,,complete,,,computer,Desktop or Laptop,Mac OS 10.15,Firefox 150.0,1470x956,1470x810,,,0,Phonetic categorization,25,full_List_10,pass,$${overridespreadsheet},full_List_10,128,phonetic categorization,soundplay,x8jhtp,3,info,audio started,,7.4799999999813735,0,7.4799999999813735,7.4799999999813735,0,7.4799999999813735,0,0,0,,Audio Clip,Audio,1,object-207,phonetic categorization,tin,din_50.wav,,,till,tin,,,,expo-10ms,50,,4,labeled,,,234,,exposure,A,A,50,16.431676725155,d-right,t,
939,1784153345808,15/07/2026 22:09:05,1784153345808,-7,15/07/2026 15:09:05,269901,13,task-pkec,repeat-7r7d#1,57237405,,16361732,,complete,,,computer,Desktop or Laptop,Mac OS 10.15,Firefox 150.0,1470x956,1470x810,,,0,Phonetic categorization,25,full_List_10,pass,$${overridespreadsheet},full_List_10,128,phonetic categorization,soundplay,x8jhtp,3,info,audio finished,,365.4799999999814,350,365.4799999999814,365.4799999999814,350,365.4799999999814,0,0,0,,Audio Clip,Audio,1,object-207,phonetic categorization,tin,din_50.wav,,,till,tin,,,,expo-10ms,50,,4,labeled,,,234,,exposure,A,A,50,16.431676725155,d-right,t,
940,1784153345808,15/07/2026 22:09:05,1784153345808,-7,15/07/2026 15:09:05,269901,13,task-pkec,repeat-7r7d#1,57237405,,16361732,,complete,,,computer,Desktop or Laptop,Mac OS 10.15,Firefox 150.0,1470x956,1470x810,,,0,Phonetic categorization,25,full_List_10,pass,$${overridespreadsheet},full_List_10,128,phonetic categorization,soundplay,x8jhtp,3,continue,,,366.4799999999814,350,366.4799999999814,366.4799999999814,350,366.4799999999814,0,0,0,,Audio Clip,Audio,1,object-207,phonetic categorization,tin,din_50.wav,,,till,tin,,,,expo-10ms,50,,4,labeled,,,234,,exposure,A,A,50,16.431676725155,d-right,t,
941,1784153346167,15/07/2026 22:09:06,1784153346167,-7,15/07/2026 15:09:06,269901,13,task-pkec,repeat-7r7d#1,57237405,,16361732,,complete,,,computer,Desktop or Laptop,Mac OS 10.15,Firefox 150.0,1470x956,1470x810,,,0,Phonetic categorization,25,full_List_10,pass,$${overridespreadsheet},full_List_10,128,phonetic categorization,2AFC,6i7z8o,4,response,tin,,375.4799999999814,366.6600000000326,375.4799999999814,375.4799999999814,366.6600000000326,375.4799999999814,1,0,0,,Keyboard Response,Keyboard Response,1,object-119,phonetic categorization,tin,din_50.wav,,,till,tin,,,,expo-10ms,50,,4,labeled,,,234,,exposure,A,A,50,16.431676725155,d-right,t,
942,1784153347362,15/07/2026 22:09:07,1784153347362,-7,15/07/2026 15:09:07,269901,13,task-pkec,repeat-7r7d#1,57237405,,16361732,,complete,,,computer,Desktop or Laptop,Mac OS 10.15,Firefox 150.0,1470x956,1470x810,,,0,Phonetic categorization,25,full_List_10,pass,$${overridespreadsheet},full_List_10,128,phonetic categorization,1.2 second pause,dp6plq,5,timedOut,,,1202.8199999999488,1200,1202.8199999999488,1202.8199999999488,1200,1202.8199999999488,1,0,0,,Time Limit,screen,0,screen,phonetic categorization,tin,din_50.wav,,,till,tin,,,,expo-10ms,50,,4,labeled,,,234,,exposure,A,A,50,16.431676725155,d-right,t,
943,1784153347861,15/07/2026 22:09:07,1784153347861,-7,15/07/2026 15:09:07,269901,13,task-pkec,repeat-7r7d#1,57237405,,16361732,,complete,,,computer,Desktop or Laptop,Mac OS 10.15,Firefox 150.0,1470x956,1470x810,,,0,Phonetic categorization,25,full_List_10,pass,$${overridespreadsheet},full_List_10,129,phonetic categorization,fixation,99n54d,1,response,,,500,500,500,500,500,500,0,0,0,,Time Limit,screen,0,screen,phonetic categorization,din,din_15.wav,,,din,dill,,,,expo-10ms,15,,4,labeled,,,234,,exposure,A,A,5,8.94427190999916,d-right,d,
944,1784153348363,15/07/2026 22:09:08,1784153348363,-7,15/07/2026 15:09:08,269901,13,task-pkec,repeat-7r7d#1,57237405,,16361732,,complete,,,computer,Desktop or Laptop,Mac OS 10.15,Firefox 150.0,1470x956,1470x810,,,0,Phonetic categorization,25,full_List_10,pass,$${overridespreadsheet},full_List_10,129,phonetic categorization,show option,yef3xk,2,response,,,500,500,500,500,500,500,1,0,0,,Time Limit,screen,0,screen,phonetic categorization,din,din_15.wav,,,din,dill,,,,expo-10ms,15,,4,labeled,,,234,,exposure,A,A,5,8.94427190999916,d-right,d,
945,1784153348369,15/07/2026 22:09:08,1784153348369,-7,15/07/2026 15:09:08,269901,13,task-pkec,repeat-7r7d#1,57237405,,16361732,,complete,,,computer,Desktop or Laptop,Mac OS 10.15,Firefox 150.0,1470x956,1470x810,,,0,Phonetic categorization,25,full_List_10,pass,$${overridespreadsheet},full_List_10,129,phonetic categorization,soundplay,x8jhtp,3,info,audio started,,10.819999999948777,0,10.819999999948777,10.819999999948777,0,10.819999999948777,0,0,0,,Audio Clip,Audio,1,object-207,phonetic categorization,din,din_15.wav,,,din,dill,,,,expo-10ms,15,,4,labeled,,,234,,exposure,A,A,5,8.94427190999916,d-right,d,
946,1784153348707,15/07/2026 22:09:08,1784153348707,-7,15/07/2026 15:09:08,269901,13,task-pkec,repeat-7r7d#1,57237405,,16361732,,complete,,,computer,Desktop or Laptop,Mac OS 10.15,Firefox 150.0,1470x956,1470x810,,,0,Phonetic categorization,25,full_List_10,pass,$${overridespreadsheet},full_List_10,129,phonetic categorization,soundplay,x8jhtp,3,info,audio finished,,348.8199999999488,333.3399999999674,348.8199999999488,348.8199999999488,333.3399999999674,348.8199999999488,0,0,0,,Audio Clip,Audio,1,object-207,phonetic categorization,din,din_15.wav,,,din,dill,,,,expo-10ms,15,,4,labeled,,,234,,exposure,A,A,5,8.94427190999916,d-right,d,
947,1784153348711,15/07/2026 22:09:08,1784153348711,-7,15/07/2026 15:09:08,269901,13,task-pkec,repeat-7r7d#1,57237405,,16361732,,complete,,,computer,Desktop or Laptop,Mac OS 10.15,Firefox 150.0,1470x956,1470x810,,,0,Phonetic categorization,25,full_List_10,pass,$${overridespreadsheet},full_List_10,129,phonetic categorization,soundplay,x8jhtp,3,continue,,,350,333.3399999999674,350,350,333.3399999999674,350,0,0,0,,Audio Clip,Audio,1,object-207,phonetic categorization,din,din_15.wav,,,din,dill,,,,expo-10ms,15,,4,labeled,,,234,,exposure,A,A,5,8.94427190999916,d-right,d,
948,1784153349819,15/07/2026 22:09:09,1784153349819,-7,15/07/2026 15:09:09,269901,13,task-pkec,repeat-7r7d#1,57237405,,16361732,,complete,,,computer,Desktop or Laptop,Mac OS 10.15,Firefox 150.0,1470x956,1470x810,,,0,Phonetic categorization,25,full_List_10,pass,$${overridespreadsheet},full_List_10,129,phonetic categorization,2AFC,6i7z8o,4,response,din,,1126.4799999999814,1116.6600000000326,1126.4799999999814,1126.4799999999814,1116.6600000000326,1126.4799999999814,1,0,0,,Keyboard Response,Keyboard Response,1,object-119,phonetic categorization,din,din_15.wav,,,din,dill,,,,expo-10ms,15,,4,labeled,,,234,,exposure,A,A,5,8.94427190999916,d-right,d,
949,1784153351011,15/07/2026 22:09:11,1784153351011,-7,15/07/2026 15:09:11,269901,13,task-pkec,repeat-7r7d#1,57237405,,16361732,,complete,,,computer,Desktop or Laptop,Mac OS 10.15,Firefox 150.0,1470x956,1470x810,,,0,Phonetic categorization,25,full_List_10,pass,$${overridespreadsheet},full_List_10,129,phonetic categorization,1.2 second pause,dp6plq,5,timedOut,,,1202.8199999999488,1200,1202.8199999999488,1202.8199999999488,1200,1202.8199999999488,1,0,0,,Time Limit,screen,0,screen,phonetic categorization,din,din_15.wav,,,din,dill,,,,expo-10ms,15,,4,labeled,,,234,,exposure,A,A,5,8.94427190999916,d-right,d,
950,1784153351512,15/07/2026 22:09:11,1784153351512,-7,15/07/2026 15:09:11,269901,13,task-pkec,repeat-7r7d#1,57237405,,16361732,,complete,,,computer,Desktop or Laptop,Mac OS 10.15,Firefox 150.0,1470x956,1470x810,,,0,Phonetic categorization,25,full_List_10,pass,$${overridespreadsheet},full_List_10,130,phonetic categorization,fixation,99n54d,1,response,,,500,500,500,500,500,500,0,0,0,,Time Limit,screen,0,screen,phonetic categorization,tip,dip_55.wav,,,tip,tin,,,,expo-10ms,55,,4,labeled,,,234,,exposure,A,A,50,16.431676725155,d-right,t,
951,1784153352009,15/07/2026 22:09:12,1784153352009,-7,15/07/2026 15:09:12,269901,13,task-pkec,repeat-7r7d#1,57237405,,16361732,,complete,,,computer,Desktop or Laptop,Mac OS 10.15,Firefox 150.0,1470x956,1470x810,,,0,Phonetic categorization,25,full_List_10,pass,$${overridespreadsheet},full_List_10,130,phonetic categorization,show option,yef3xk,2,response,,,499.61999999999534,499.61999999999534,499.61999999999534,499.61999999999534,499.61999999999534,499.61999999999534,1,0,0,,Time Limit,screen,0,screen,phonetic categorization,tip,dip_55.wav,,,tip,tin,,,,expo-10ms,55,,4,labeled,,,234,,exposure,A,A,50,16.431676725155,d-right,t,
952,1784153352016,15/07/2026 22:09:12,1784153352016,-7,15/07/2026 15:09:12,269901,13,task-pkec,repeat-7r7d#1,57237405,,16361732,,complete,,,computer,Desktop or Laptop,Mac OS 10.15,Firefox 150.0,1470x956,1470x810,,,0,Phonetic categorization,25,full_List_10,pass,$${overridespreadsheet},full_List_10,130,phonetic categorization,soundplay,x8jhtp,3,info,audio started,,7.199999999953434,0,7.199999999953434,7.199999999953434,0,7.199999999953434,0,0,0,,Audio Clip,Audio,1,object-207,phonetic categorization,tip,dip_55.wav,,,tip,tin,,,,expo-10ms,55,,4,labeled,,,234,,exposure,A,A,50,16.431676725155,d-right,t,
953,1784153352447,15/07/2026 22:09:12,1784153352447,-7,15/07/2026 15:09:12,269901,13,task-pkec,repeat-7r7d#1,57237405,,16361732,,complete,,,computer,Desktop or Laptop,Mac OS 10.15,Firefox 150.0,1470x956,1470x810,,,0,Phonetic categorization,25,full_List_10,pass,$${overridespreadsheet},full_List_10,130,phonetic categorization,soundplay,x8jhtp,3,info,audio finished,,438.19999999995343,433.71999999997206,438.19999999995343,438.19999999995343,433.71999999997206,438.19999999995343,0,0,0,,Audio Clip,Audio,1,object-207,phonetic categorization,tip,dip_55.wav,,,tip,tin,,,,expo-10ms,55,,4,labeled,,,234,,exposure,A,A,50,16.431676725155,d-right,t,
954,1784153352447,15/07/2026 22:09:12,1784153352447,-7,15/07/2026 15:09:12,269901,13,task-pkec,repeat-7r7d#1,57237405,,16361732,,complete,,,computer,Desktop or Laptop,Mac OS 10.15,Firefox 150.0,1470x956,1470x810,,,0,Phonetic categorization,25,full_List_10,pass,$${overridespreadsheet},full_List_10,130,phonetic categorization,soundplay,x8jhtp,3,continue,,,439.19999999995343,433.71999999997206,439.19999999995343,439.19999999995343,433.71999999997206,439.19999999995343,0,0,0,,Audio Clip,Audio,1,object-207,phonetic categorization,tip,dip_55.wav,,,tip,tin,,,,expo-10ms,55,,4,labeled,,,234,,exposure,A,A,50,16.431676725155,d-right,t,
955,1784153353049,15/07/2026 22:09:13,1784153353049,-7,15/07/2026 15:09:13,269901,13,task-pkec,repeat-7r7d#1,57237405,,16361732,,complete,,,computer,Desktop or Laptop,Mac OS 10.15,Firefox 150.0,1470x956,1470x810,,,0,Phonetic categorization,25,full_List_10,pass,$${overridespreadsheet},full_List_10,130,phonetic categorization,2AFC,6i7z8o,4,response,tip,,606.4799999999814,600,606.4799999999814,606.4799999999814,600,606.4799999999814,1,0,0,,Keyboard Response,Keyboard Response,1,object-119,phonetic categorization,tip,dip_55.wav,,,tip,tin,,,,expo-10ms,55,,4,labeled,,,234,,exposure,A,A,50,16.431676725155,d-right,t,
956,1784153354245,15/07/2026 22:09:14,1784153354245,-7,15/07/2026 15:09:14,269901,13,task-pkec,repeat-7r7d#1,57237405,,16361732,,complete,,,computer,Desktop or Laptop,Mac OS 10.15,Firefox 150.0,1470x956,1470x810,,,0,Phonetic categorization,25,full_List_10,pass,$${overridespreadsheet},full_List_10,130,phonetic categorization,1.2 second pause,dp6plq,5,timedOut,,,1202.4799999999814,1200,1202.4799999999814,1202.4799999999814,1200,1202.4799999999814,1,0,0,,Time Limit,screen,0,screen,phonetic categorization,tip,dip_55.wav,,,tip,tin,,,,expo-10ms,55,,4,labeled,,,234,,exposure,A,A,50,16.431676725155,d-right,t,
957,1784153354745,15/07/2026 22:09:14,1784153354745,-7,15/07/2026 15:09:14,269901,13,task-pkec,repeat-7r7d#1,57237405,,16361732,,complete,,,computer,Desktop or Laptop,Mac OS 10.15,Firefox 150.0,1470x956,1470x810,,,0,Phonetic categorization,25,full_List_10,pass,$${overridespreadsheet},full_List_10,131,phonetic categorization,fixation,99n54d,1,response,,,500,500,500,500,500,500,0,0,0,,Time Limit,screen,0,screen,phonetic categorization,tin,din_60.wav,,,tin,din,,,,expo-10ms,60,,4,unlabeled,,,234,,exposure,A,A,50,16.431676725155,d-right,t,
958,1784153355246,15/07/2026 22:09:15,1784153355246,-7,15/07/2026 15:09:15,269901,13,task-pkec,repeat-7r7d#1,57237405,,16361732,,complete,,,computer,Desktop or Laptop,Mac OS 10.15,Firefox 150.0,1470x956,1470x810,,,0,Phonetic categorization,25,full_List_10,pass,$${overridespreadsheet},full_List_10,131,phonetic categorization,show option,yef3xk,2,response,,,500,500,500,500,500,500,1,0,0,,Time Limit,screen,0,screen,phonetic categorization,tin,din_60.wav,,,tin,din,,,,expo-10ms,60,,4,unlabeled,,,234,,exposure,A,A,50,16.431676725155,d-right,t,
959,1784153355252,15/07/2026 22:09:15,1784153355252,-7,15/07/2026 15:09:15,269901,13,task-pkec,repeat-7r7d#1,57237405,,16361732,,complete,,,computer,Desktop or Laptop,Mac OS 10.15,Firefox 150.0,1470x956,1470x810,,,0,Phonetic categorization,25,full_List_10,pass,$${overridespreadsheet},full_List_10,131,phonetic categorization,soundplay,x8jhtp,3,info,audio started,,9.479999999981374,0,9.479999999981374,9.479999999981374,0,9.479999999981374,0,0,0,,Audio Clip,Audio,1,object-207,phonetic categorization,tin,din_60.wav,,,tin,din,,,,expo-10ms,60,,4,unlabeled,,,234,,exposure,A,A,50,16.431676725155,d-right,t,
960,1784153355617,15/07/2026 22:09:15,1784153355617,-7,15/07/2026 15:09:15,269901,13,task-pkec,repeat-7r7d#1,57237405,,16361732,,complete,,,computer,Desktop or Laptop,Mac OS 10.15,Firefox 150.0,1470x956,1470x810,,,0,Phonetic categorization,25,full_List_10,pass,$${overridespreadsheet},full_List_10,131,phonetic categorization,soundplay,x8jhtp,3,info,audio finished,,374.4799999999814,366.6600000000326,374.4799999999814,374.4799999999814,366.6600000000326,374.4799999999814,0,0,0,,Audio Clip,Audio,1,object-207,phonetic categorization,tin,din_60.wav,,,tin,din,,,,expo-10ms,60,,4,unlabeled,,,234,,exposure,A,A,50,16.431676725155,d-right,t,
961,1784153355617,15/07/2026 22:09:15,1784153355617,-7,15/07/2026 15:09:15,269901,13,task-pkec,repeat-7r7d#1,57237405,,16361732,,complete,,,computer,Desktop or Laptop,Mac OS 10.15,Firefox 150.0,1470x956,1470x810,,,0,Phonetic categorization,25,full_List_10,pass,$${overridespreadsheet},full_List_10,131,phonetic categorization,soundplay,x8jhtp,3,continue,,,375.4799999999814,366.6600000000326,375.4799999999814,375.4799999999814,366.6600000000326,375.4799999999814,0,0,0,,Audio Clip,Audio,1,object-207,phonetic categorization,tin,din_60.wav,,,tin,din,,,,expo-10ms,60,,4,unlabeled,,,234,,exposure,A,A,50,16.431676725155,d-right,t,
962,1784153356161,15/07/2026 22:09:16,1784153356161,-7,15/07/2026 15:09:16,269901,13,task-pkec,repeat-7r7d#1,57237405,,16361732,,complete,,,computer,Desktop or Laptop,Mac OS 10.15,Firefox 150.0,1470x956,1470x810,,,0,Phonetic categorization,25,full_List_10,pass,$${overridespreadsheet},full_List_10,131,phonetic categorization,2AFC,6i7z8o,4,response,tin,,550.7999999999302,533.3399999999674,550.7999999999302,550.7999999999302,533.3399999999674,550.7999999999302,1,0,0,,Keyboard Response,Keyboard Response,1,object-119,phonetic categorization,tin,din_60.wav,,,tin,din,,,,expo-10ms,60,,4,unlabeled,,,234,,exposure,A,A,50,16.431676725155,d-right,t,
963,1784153357346,15/07/2026 22:09:17,1784153357346,-7,15/07/2026 15:09:17,269901,13,task-pkec,repeat-7r7d#1,57237405,,16361732,,complete,,,computer,Desktop or Laptop,Mac OS 10.15,Firefox 150.0,1470x956,1470x810,,,0,Phonetic categorization,25,full_List_10,pass,$${overridespreadsheet},full_List_10,131,phonetic categorization,1.2 second pause,dp6plq,5,timedOut,,,1203.4799999999814,1200,1203.4799999999814,1203.4799999999814,1200,1203.4799999999814,1,0,0,,Time Limit,screen,0,screen,phonetic categorization,tin,din_60.wav,,,tin,din,,,,expo-10ms,60,,4,unlabeled,,,234,,exposure,A,A,50,16.431676725155,d-right,t,
964,1784153357845,15/07/2026 22:09:17,1784153357845,-7,15/07/2026 15:09:17,269901,13,task-pkec,repeat-7r7d#1,57237405,,16361732,,complete,,,computer,Desktop or Laptop,Mac OS 10.15,Firefox 150.0,1470x956,1470x810,,,0,Phonetic categorization,25,full_List_10,pass,$${overridespreadsheet},full_List_10,132,phonetic categorization,fixation,99n54d,1,response,,,500,500,500,500,500,500,0,0,0,,Time Limit,screen,0,screen,phonetic categorization,dill,dill_25.wav,,,till,dill,,,,expo-10ms,25,,4,unlabeled,,,234,,exposure,A,A,5,8.94427190999916,d-right,d,
965,1784153358345,15/07/2026 22:09:18,1784153358345,-7,15/07/2026 15:09:18,269901,13,task-pkec,repeat-7r7d#1,57237405,,16361732,,complete,,,computer,Desktop or Laptop,Mac OS 10.15,Firefox 150.0,1470x956,1470x810,,,0,Phonetic categorization,25,full_List_10,pass,$${overridespreadsheet},full_List_10,132,phonetic categorization,show option,yef3xk,2,response,,,500,500,500,500,500,500,1,0,0,,Time Limit,screen,0,screen,phonetic categorization,dill,dill_25.wav,,,till,dill,,,,expo-10ms,25,,4,unlabeled,,,234,,exposure,A,A,5,8.94427190999916,d-right,d,
966,1784153358349,15/07/2026 22:09:18,1784153358349,-7,15/07/2026 15:09:18,269901,13,task-pkec,repeat-7r7d#1,57237405,,16361732,,complete,,,computer,Desktop or Laptop,Mac OS 10.15,Firefox 150.0,1470x956,1470x810,,,0,Phonetic categorization,25,full_List_10,pass,$${overridespreadsheet},full_List_10,132,phonetic categorization,soundplay,x8jhtp,3,info,audio started,,7.4799999999813735,0,7.4799999999813735,7.4799999999813735,0,7.4799999999813735,0,0,0,,Audio Clip,Audio,1,object-207,phonetic categorization,dill,dill_25.wav,,,till,dill,,,,expo-10ms,25,,4,unlabeled,,,234,,exposure,A,A,5,8.94427190999916,d-right,d,
967,1784153358707,15/07/2026 22:09:18,1784153358707,-7,15/07/2026 15:09:18,269901,13,task-pkec,repeat-7r7d#1,57237405,,16361732,,complete,,,computer,Desktop or Laptop,Mac OS 10.15,Firefox 150.0,1470x956,1470x810,,,0,Phonetic categorization,25,full_List_10,pass,$${overridespreadsheet},full_List_10,132,phonetic categorization,soundplay,x8jhtp,3,info,audio finished,,364.4799999999814,350,364.4799999999814,364.4799999999814,350,364.4799999999814,0,0,0,,Audio Clip,Audio,1,object-207,phonetic categorization,dill,dill_25.wav,,,till,dill,,,,expo-10ms,25,,4,unlabeled,,,234,,exposure,A,A,5,8.94427190999916,d-right,d,
968,1784153358707,15/07/2026 22:09:18,1784153358707,-7,15/07/2026 15:09:18,269901,13,task-pkec,repeat-7r7d#1,57237405,,16361732,,complete,,,computer,Desktop or Laptop,Mac OS 10.15,Firefox 150.0,1470x956,1470x810,,,0,Phonetic categorization,25,full_List_10,pass,$${overridespreadsheet},full_List_10,132,phonetic categorization,soundplay,x8jhtp,3,continue,,,365.4799999999814,350,365.4799999999814,365.4799999999814,350,365.4799999999814,0,0,0,,Audio Clip,Audio,1,object-207,phonetic categorization,dill,dill_25.wav,,,till,dill,,,,expo-10ms,25,,4,unlabeled,,,234,,exposure,A,A,5,8.94427190999916,d-right,d,
969,1784153359056,15/07/2026 22:09:19,1784153359056,-7,15/07/2026 15:09:19,269901,13,task-pkec,repeat-7r7d#1,57237405,,16361732,,complete,,,computer,Desktop or Laptop,Mac OS 10.15,Firefox 150.0,1470x956,1470x810,,,0,Phonetic categorization,25,full_List_10,pass,$${overridespreadsheet},full_List_10,132,phonetic categorization,2AFC,6i7z8o,4,response,dill,,362.4799999999814,350,362.4799999999814,362.4799999999814,350,362.4799999999814,1,0,0,,Keyboard Response,Keyboard Response,1,object-119,phonetic categorization,dill,dill_25.wav,,,till,dill,,,,expo-10ms,25,,4,unlabeled,,,234,,exposure,A,A,5,8.94427190999916,d-right,d,
970,1784153360245,15/07/2026 22:09:20,1784153360245,-7,15/07/2026 15:09:20,269901,13,task-pkec,repeat-7r7d#1,57237405,,16361732,,complete,,,computer,Desktop or Laptop,Mac OS 10.15,Firefox 150.0,1470x956,1470x810,,,0,Phonetic categorization,25,full_List_10,pass,$${overridespreadsheet},full_List_10,132,phonetic categorization,1.2 second pause,dp6plq,5,timedOut,,,1202.4799999999814,1200,1202.4799999999814,1202.4799999999814,1200,1202.4799999999814,1,0,0,,Time Limit,screen,0,screen,phonetic categorization,dill,dill_25.wav,,,till,dill,,,,expo-10ms,25,,4,unlabeled,,,234,,exposure,A,A,5,8.94427190999916,d-right,d,
971,1784153360745,15/07/2026 22:09:20,1784153360745,-7,15/07/2026 15:09:20,269901,13,task-pkec,repeat-7r7d#1,57237405,,16361732,,complete,,,computer,Desktop or Laptop,Mac OS 10.15,Firefox 150.0,1470x956,1470x810,,,0,Phonetic categorization,25,full_List_10,pass,$${overridespreadsheet},full_List_10,133,phonetic categorization,fixation,99n54d,1,response,,,500,500,500,500,500,500,1,0,0,,Time Limit,screen,0,screen,phonetic categorization,din,din_5.wav,,,tin,din,,,,,5,,5,,,,234,,test,,T3,,,d-right,,
972,1784153361245,15/07/2026 22:09:21,1784153361245,-7,15/07/2026 15:09:21,269901,13,task-pkec,repeat-7r7d#1,57237405,,16361732,,complete,,,computer,Desktop or Laptop,Mac OS 10.15,Firefox 150.0,1470x956,1470x810,,,0,Phonetic categorization,25,full_List_10,pass,$${overridespreadsheet},full_List_10,133,phonetic categorization,show option,yef3xk,2,response,,,500,500,500,500,500,500,1,0,0,,Time Limit,screen,0,screen,phonetic categorization,din,din_5.wav,,,tin,din,,,,,5,,5,,,,234,,test,,T3,,,d-right,,
973,1784153361248,15/07/2026 22:09:21,1784153361248,-7,15/07/2026 15:09:21,269901,13,task-pkec,repeat-7r7d#1,57237405,,16361732,,complete,,,computer,Desktop or Laptop,Mac OS 10.15,Firefox 150.0,1470x956,1470x810,,,0,Phonetic categorization,25,full_List_10,pass,$${overridespreadsheet},full_List_10,133,phonetic categorization,soundplay,x8jhtp,3,info,audio started,,6.4799999999813735,0,6.4799999999813735,6.4799999999813735,0,6.4799999999813735,0,0,0,,Audio Clip,Audio,1,object-207,phonetic categorization,din,din_5.wav,,,tin,din,,,,,5,,5,,,,234,,test,,T3,,,d-right,,
974,1784153361578,15/07/2026 22:09:21,1784153361578,-7,15/07/2026 15:09:21,269901,13,task-pkec,repeat-7r7d#1,57237405,,16361732,,complete,,,computer,Desktop or Laptop,Mac OS 10.15,Firefox 150.0,1470x956,1470x810,,,0,Phonetic categorization,25,full_List_10,pass,$${overridespreadsheet},full_List_10,133,phonetic categorization,soundplay,x8jhtp,3,info,audio finished,,333.3200000000652,316.6600000000326,333.3200000000652,333.3200000000652,316.6600000000326,333.3200000000652,0,0,0,,Audio Clip,Audio,1,object-207,phonetic categorization,din,din_5.wav,,,tin,din,,,,,5,,5,,,,234,,test,,T3,,,d-right,,
975,1784153361579,15/07/2026 22:09:21,1784153361579,-7,15/07/2026 15:09:21,269901,13,task-pkec,repeat-7r7d#1,57237405,,16361732,,complete,,,computer,Desktop or Laptop,Mac OS 10.15,Firefox 150.0,1470x956,1470x810,,,0,Phonetic categorization,25,full_List_10,pass,$${overridespreadsheet},full_List_10,133,phonetic categorization,soundplay,x8jhtp,3,continue,,,333.3200000000652,316.6600000000326,333.3200000000652,333.3200000000652,316.6600000000326,333.3200000000652,1,0,0,,Audio Clip,Audio,1,object-207,phonetic categorization,din,din_5.wav,,,tin,din,,,,,5,,5,,,,234,,test,,T3,,,d-right,,
976,1784153362213,15/07/2026 22:09:22,1784153362213,-7,15/07/2026 15:09:22,269901,13,task-pkec,repeat-7r7d#1,57237405,,16361732,,complete,,,computer,Desktop or Laptop,Mac OS 10.15,Firefox 150.0,1470x956,1470x810,,,0,Phonetic categorization,25,full_List_10,pass,$${overridespreadsheet},full_List_10,133,phonetic categorization,2AFC,6i7z8o,4,response,din,,653.8199999999488,650,653.8199999999488,653.8199999999488,650,653.8199999999488,1,0,0,,Keyboard Response,Keyboard Response,1,object-119,phonetic categorization,din,din_5.wav,,,tin,din,,,,,5,,5,,,,234,,test,,T3,,,d-right,,
977,1784153363412,15/07/2026 22:09:23,1784153363412,-7,15/07/2026 15:09:23,269901,13,task-pkec,repeat-7r7d#1,57237405,,16361732,,complete,,,computer,Desktop or Laptop,Mac OS 10.15,Firefox 150.0,1470x956,1470x810,,,0,Phonetic categorization,25,full_List_10,pass,$${overridespreadsheet},full_List_10,133,phonetic categorization,1.2 second pause,dp6plq,5,timedOut,,,1203.8199999999488,1200,1203.8199999999488,1203.8199999999488,1200,1203.8199999999488,1,0,0,,Time Limit,screen,0,screen,phonetic categorization,din,din_5.wav,,,tin,din,,,,,5,,5,,,,234,,test,,T3,,,d-right,,
978,1784153363912,15/07/2026 22:09:23,1784153363912,-7,15/07/2026 15:09:23,269901,13,task-pkec,repeat-7r7d#1,57237405,,16361732,,complete,,,computer,Desktop or Laptop,Mac OS 10.15,Firefox 150.0,1470x956,1470x810,,,0,Phonetic categorization,25,full_List_10,pass,$${overridespreadsheet},full_List_10,134,phonetic categorization,fixation,99n54d,1,response,,,500,500,500,500,500,500,1,0,0,,Time Limit,screen,0,screen,phonetic categorization,dill,dill_25.wav,,,till,dill,,,,,25,,5,,,,234,,test,,T3,,,d-right,,
979,1784153364411,15/07/2026 22:09:24,1784153364411,-7,15/07/2026 15:09:24,269901,13,task-pkec,repeat-7r7d#1,57237405,,16361732,,complete,,,computer,Desktop or Laptop,Mac OS 10.15,Firefox 150.0,1470x956,1470x810,,,0,Phonetic categorization,25,full_List_10,pass,$${overridespreadsheet},full_List_10,134,phonetic categorization,show option,yef3xk,2,response,,,500,500,500,500,500,500,1,0,0,,Time Limit,screen,0,screen,phonetic categorization,dill,dill_25.wav,,,till,dill,,,,,25,,5,,,,234,,test,,T3,,,d-right,,
980,1784153364419,15/07/2026 22:09:24,1784153364419,-7,15/07/2026 15:09:24,269901,13,task-pkec,repeat-7r7d#1,57237405,,16361732,,complete,,,computer,Desktop or Laptop,Mac OS 10.15,Firefox 150.0,1470x956,1470x810,,,0,Phonetic categorization,25,full_List_10,pass,$${overridespreadsheet},full_List_10,134,phonetic categorization,soundplay,x8jhtp,3,info,audio started,,9.819999999948777,0,9.819999999948777,9.819999999948777,0,9.819999999948777,0,0,0,,Audio Clip,Audio,1,object-207,phonetic categorization,dill,dill_25.wav,,,till,dill,,,,,25,,5,,,,234,,test,,T3,,,d-right,,
981,1784153364774,15/07/2026 22:09:24,1784153364774,-7,15/07/2026 15:09:24,269901,13,task-pkec,repeat-7r7d#1,57237405,,16361732,,complete,,,computer,Desktop or Laptop,Mac OS 10.15,Firefox 150.0,1470x956,1470x810,,,0,Phonetic categorization,25,full_List_10,pass,$${overridespreadsheet},full_List_10,134,phonetic categorization,soundplay,x8jhtp,3,info,audio finished,,364.8199999999488,350,364.8199999999488,364.8199999999488,350,364.8199999999488,0,0,0,,Audio Clip,Audio,1,object-207,phonetic categorization,dill,dill_25.wav,,,till,dill,,,,,25,,5,,,,234,,test,,T3,,,d-right,,
982,1784153364774,15/07/2026 22:09:24,1784153364774,-7,15/07/2026 15:09:24,269901,13,task-pkec,repeat-7r7d#1,57237405,,16361732,,complete,,,computer,Desktop or Laptop,Mac OS 10.15,Firefox 150.0,1470x956,1470x810,,,0,Phonetic categorization,25,full_List_10,pass,$${overridespreadsheet},full_List_10,134,phonetic categorization,soundplay,x8jhtp,3,continue,,,365.8199999999488,350,365.8199999999488,365.8199999999488,350,365.8199999999488,1,0,0,,Audio Clip,Audio,1,object-207,phonetic categorization,dill,dill_25.wav,,,till,dill,,,,,25,,5,,,,234,,test,,T3,,,d-right,,
983,1784153365175,15/07/2026 22:09:25,1784153365175,-7,15/07/2026 15:09:25,269901,13,task-pkec,repeat-7r7d#1,57237405,,16361732,,complete,,,computer,Desktop or Laptop,Mac OS 10.15,Firefox 150.0,1470x956,1470x810,,,0,Phonetic categorization,25,full_List_10,pass,$${overridespreadsheet},full_List_10,134,phonetic categorization,2AFC,6i7z8o,4,response,dill,,416.6600000000326,400,416.6600000000326,416.6600000000326,400,416.6600000000326,1,0,0,,Keyboard Response,Keyboard Response,1,object-119,phonetic categorization,dill,dill_25.wav,,,till,dill,,,,,25,,5,,,,234,,test,,T3,,,d-right,,
984,1784153366362,15/07/2026 22:09:26,1784153366362,-7,15/07/2026 15:09:26,269901,13,task-pkec,repeat-7r7d#1,57237405,,16361732,,complete,,,computer,Desktop or Laptop,Mac OS 10.15,Firefox 150.0,1470x956,1470x810,,,0,Phonetic categorization,25,full_List_10,pass,$${overridespreadsheet},full_List_10,134,phonetic categorization,1.2 second pause,dp6plq,5,timedOut,,,1202.8199999999488,1200,1202.8199999999488,1202.8199999999488,1200,1202.8199999999488,1,0,0,,Time Limit,screen,0,screen,phonetic categorization,dill,dill_25.wav,,,till,dill,,,,,25,,5,,,,234,,test,,T3,,,d-right,,
985,1784153366862,15/07/2026 22:09:26,1784153366862,-7,15/07/2026 15:09:26,269901,13,task-pkec,repeat-7r7d#1,57237405,,16361732,,complete,,,computer,Desktop or Laptop,Mac OS 10.15,Firefox 150.0,1470x956,1470x810,,,0,Phonetic categorization,25,full_List_10,pass,$${overridespreadsheet},full_List_10,135,phonetic categorization,fixation,99n54d,1,response,,,500,500,500,500,500,500,1,0,0,,Time Limit,screen,0,screen,phonetic categorization,din,din_70.wav,,,tin,din,,,,,70,,5,,,,234,,test,,T3,,,d-right,,
986,1784153367362,15/07/2026 22:09:27,1784153367362,-7,15/07/2026 15:09:27,269901,13,task-pkec,repeat-7r7d#1,57237405,,16361732,,complete,,,computer,Desktop or Laptop,Mac OS 10.15,Firefox 150.0,1470x956,1470x810,,,0,Phonetic categorization,25,full_List_10,pass,$${overridespreadsheet},full_List_10,135,phonetic categorization,show option,yef3xk,2,response,,,500,500,500,500,500,500,1,0,0,,Time Limit,screen,0,screen,phonetic categorization,din,din_70.wav,,,tin,din,,,,,70,,5,,,,234,,test,,T3,,,d-right,,
987,1784153367370,15/07/2026 22:09:27,1784153367370,-7,15/07/2026 15:09:27,269901,13,task-pkec,repeat-7r7d#1,57237405,,16361732,,complete,,,computer,Desktop or Laptop,Mac OS 10.15,Firefox 150.0,1470x956,1470x810,,,0,Phonetic categorization,25,full_List_10,pass,$${overridespreadsheet},full_List_10,135,phonetic categorization,soundplay,x8jhtp,3,info,audio started,,11.819999999948777,0,11.819999999948777,11.819999999948777,0,11.819999999948777,0,0,0,,Audio Clip,Audio,1,object-207,phonetic categorization,din,din_70.wav,,,tin,din,,,,,70,,5,,,,234,,test,,T3,,,d-right,,
988,1784153367745,15/07/2026 22:09:27,1784153367745,-7,15/07/2026 15:09:27,269901,13,task-pkec,repeat-7r7d#1,57237405,,16361732,,complete,,,computer,Desktop or Laptop,Mac OS 10.15,Firefox 150.0,1470x956,1470x810,,,0,Phonetic categorization,25,full_List_10,pass,$${overridespreadsheet},full_List_10,135,phonetic categorization,soundplay,x8jhtp,3,info,audio finished,,383.3599999998696,366.6799999999348,383.3599999998696,383.3599999998696,366.6799999999348,383.3599999998696,0,0,0,,Audio Clip,Audio,1,object-207,phonetic categorization,din,din_70.wav,,,tin,din,,,,,70,,5,,,,234,,test,,T3,,,d-right,,
989,1784153367746,15/07/2026 22:09:27,1784153367746,-7,15/07/2026 15:09:27,269901,13,task-pkec,repeat-7r7d#1,57237405,,16361732,,complete,,,computer,Desktop or Laptop,Mac OS 10.15,Firefox 150.0,1470x956,1470x810,,,0,Phonetic categorization,25,full_List_10,pass,$${overridespreadsheet},full_List_10,135,phonetic categorization,soundplay,x8jhtp,3,continue,,,383.3599999998696,366.6799999999348,383.3599999998696,383.3599999998696,366.6799999999348,383.3599999998696,1,0,0,,Audio Clip,Audio,1,object-207,phonetic categorization,din,din_70.wav,,,tin,din,,,,,70,,5,,,,234,,test,,T3,,,d-right,,
990,1784153368272,15/07/2026 22:09:28,1784153368272,-7,15/07/2026 15:09:28,269901,13,task-pkec,repeat-7r7d#1,57237405,,16361732,,complete,,,computer,Desktop or Laptop,Mac OS 10.15,Firefox 150.0,1470x956,1470x810,,,0,Phonetic categorization,25,full_List_10,pass,$${overridespreadsheet},full_List_10,135,phonetic categorization,2AFC,6i7z8o,4,response,tin,,546.140000000014,533.3200000000652,546.140000000014,546.140000000014,533.3200000000652,546.140000000014,0,0,0,,Keyboard Response,Keyboard Response,1,object-119,phonetic categorization,din,din_70.wav,,,tin,din,,,,,70,,5,,,,234,,test,,T3,,,d-right,,
991,1784153369462,15/07/2026 22:09:29,1784153369462,-7,15/07/2026 15:09:29,269901,13,task-pkec,repeat-7r7d#1,57237405,,16361732,,complete,,,computer,Desktop or Laptop,Mac OS 10.15,Firefox 150.0,1470x956,1470x810,,,0,Phonetic categorization,25,full_List_10,pass,$${overridespreadsheet},full_List_10,135,phonetic categorization,1.2 second pause,dp6plq,5,timedOut,,,1202.8199999999488,1200,1202.8199999999488,1202.8199999999488,1200,1202.8199999999488,1,0,0,,Time Limit,screen,0,screen,phonetic categorization,din,din_70.wav,,,tin,din,,,,,70,,5,,,,234,,test,,T3,,,d-right,,
992,1784153369960,15/07/2026 22:09:29,1784153369960,-7,15/07/2026 15:09:29,269901,13,task-pkec,repeat-7r7d#1,57237405,,16361732,,complete,,,computer,Desktop or Laptop,Mac OS 10.15,Firefox 150.0,1470x956,1470x810,,,0,Phonetic categorization,25,full_List_10,pass,$${overridespreadsheet},full_List_10,136,phonetic categorization,fixation,99n54d,1,response,,,499.85999999998603,499.85999999998603,499.85999999998603,499.85999999998603,499.85999999998603,499.85999999998603,1,0,0,,Time Limit,screen,0,screen,phonetic categorization,dill,dill_35.wav,,,till,dill,,,,,35,,5,,,,234,,test,,T3,,,d-right,,
993,1784153370462,15/07/2026 22:09:30,1784153370462,-7,15/07/2026 15:09:30,269901,13,task-pkec,repeat-7r7d#1,57237405,,16361732,,complete,,,computer,Desktop or Laptop,Mac OS 10.15,Firefox 150.0,1470x956,1470x810,,,0,Phonetic categorization,25,full_List_10,pass,$${overridespreadsheet},full_List_10,136,phonetic categorization,show option,yef3xk,2,response,,,500.14000000001397,500.14000000001397,500.14000000001397,500.14000000001397,500.14000000001397,500.14000000001397,1,0,0,,Time Limit,screen,0,screen,phonetic categorization,dill,dill_35.wav,,,till,dill,,,,,35,,5,,,,234,,test,,T3,,,d-right,,
994,1784153370465,15/07/2026 22:09:30,1784153370465,-7,15/07/2026 15:09:30,269901,13,task-pkec,repeat-7r7d#1,57237405,,16361732,,complete,,,computer,Desktop or Laptop,Mac OS 10.15,Firefox 150.0,1470x956,1470x810,,,0,Phonetic categorization,25,full_List_10,pass,$${overridespreadsheet},full_List_10,136,phonetic categorization,soundplay,x8jhtp,3,info,audio started,,5.819999999948777,0,5.819999999948777,5.819999999948777,0,5.819999999948777,0,0,0,,Audio Clip,Audio,1,object-207,phonetic categorization,dill,dill_35.wav,,,till,dill,,,,,35,,5,,,,234,,test,,T3,,,d-right,,
995,1784153370828,15/07/2026 22:09:30,1784153370828,-7,15/07/2026 15:09:30,269901,13,task-pkec,repeat-7r7d#1,57237405,,16361732,,complete,,,computer,Desktop or Laptop,Mac OS 10.15,Firefox 150.0,1470x956,1470x810,,,0,Phonetic categorization,25,full_List_10,pass,$${overridespreadsheet},full_List_10,136,phonetic categorization,soundplay,x8jhtp,3,info,audio finished,,369.8199999999488,366.6799999999348,369.8199999999488,369.8199999999488,366.6799999999348,369.8199999999488,0,0,0,,Audio Clip,Audio,1,object-207,phonetic categorization,dill,dill_35.wav,,,till,dill,,,,,35,,5,,,,234,,test,,T3,,,d-right,,
996,1784153370829,15/07/2026 22:09:30,1784153370829,-7,15/07/2026 15:09:30,269901,13,task-pkec,repeat-7r7d#1,57237405,,16361732,,complete,,,computer,Desktop or Laptop,Mac OS 10.15,Firefox 150.0,1470x956,1470x810,,,0,Phonetic categorization,25,full_List_10,pass,$${overridespreadsheet},full_List_10,136,phonetic categorization,soundplay,x8jhtp,3,continue,,,369.8199999999488,366.6799999999348,369.8199999999488,369.8199999999488,366.6799999999348,369.8199999999488,1,0,0,,Audio Clip,Audio,1,object-207,phonetic categorization,dill,dill_35.wav,,,till,dill,,,,,35,,5,,,,234,,test,,T3,,,d-right,,
997,1784153371247,15/07/2026 22:09:31,1784153371247,-7,15/07/2026 15:09:31,269901,13,task-pkec,repeat-7r7d#1,57237405,,16361732,,complete,,,computer,Desktop or Laptop,Mac OS 10.15,Firefox 150.0,1470x956,1470x810,,,0,Phonetic categorization,25,full_List_10,pass,$${overridespreadsheet},full_List_10,136,phonetic categorization,2AFC,6i7z8o,4,response,dill,,421.14000000001397,416.6600000000326,421.14000000001397,421.14000000001397,416.6600000000326,421.14000000001397,1,0,0,,Keyboard Response,Keyboard Response,1,object-119,phonetic categorization,dill,dill_35.wav,,,till,dill,,,,,35,,5,,,,234,,test,,T3,,,d-right,,
998,1784153372442,15/07/2026 22:09:32,1784153372442,-7,15/07/2026 15:09:32,269901,13,task-pkec,repeat-7r7d#1,57237405,,16361732,,complete,,,computer,Desktop or Laptop,Mac OS 10.15,Firefox 150.0,1470x956,1470x810,,,0,Phonetic categorization,25,full_List_10,pass,$${overridespreadsheet},full_List_10,136,phonetic categorization,1.2 second pause,dp6plq,5,timedOut,,,1200.4799999999814,1200,1200.4799999999814,1200.4799999999814,1200,1200.4799999999814,1,0,0,,Time Limit,screen,0,screen,phonetic categorization,dill,dill_35.wav,,,till,dill,,,,,35,,5,,,,234,,test,,T3,,,d-right,,
999,1784153372944,15/07/2026 22:09:32,1784153372944,-7,15/07/2026 15:09:32,269901,13,task-pkec,repeat-7r7d#1,57237405,,16361732,,complete,,,computer,Desktop or Laptop,Mac OS 10.15,Firefox 150.0,1470x956,1470x810,,,0,Phonetic categorization,25,full_List_10,pass,$${overridespreadsheet},full_List_10,137,phonetic categorization,fixation,99n54d,1,response,,,500,500,500,500,500,500,1,0,0,,Time Limit,screen,0,screen,phonetic categorization,dip,dip_-5.wav,,,tip,dip,,,,,-5,,5,,,,234,,test,,T3,,,d-right,,
1000,1784153373445,15/07/2026 22:09:33,1784153373445,-7,15/07/2026 15:09:33,269901,13,task-pkec,repeat-7r7d#1,57237405,,16361732,,complete,,,computer,Desktop or Laptop,Mac OS 10.15,Firefox 150.0,1470x956,1470x810,,,0,Phonetic categorization,25,full_List_10,pass,$${overridespreadsheet},full_List_10,137,phonetic categorization,show option,yef3xk,2,response,,,500,500,500,500,500,500,1,0,0,,Time Limit,screen,0,screen,phonetic categorization,dip,dip_-5.wav,,,tip,dip,,,,,-5,,5,,,,234,,test,,T3,,,d-right,,
1001,1784153373451,15/07/2026 22:09:33,1784153373451,-7,15/07/2026 15:09:33,269901,13,task-pkec,repeat-7r7d#1,57237405,,16361732,,complete,,,computer,Desktop or Laptop,Mac OS 10.15,Firefox 150.0,1470x956,1470x810,,,0,Phonetic categorization,25,full_List_10,pass,$${overridespreadsheet},full_List_10,137,phonetic categorization,soundplay,x8jhtp,3,info,audio started,,8.479999999981374,0,8.479999999981374,8.479999999981374,0,8.479999999981374,0,0,0,,Audio Clip,Audio,1,object-207,phonetic categorization,dip,dip_-5.wav,,,tip,dip,,,,,-5,,5,,,,234,,test,,T3,,,d-right,,
1002,1784153373854,15/07/2026 22:09:33,1784153373854,-7,15/07/2026 15:09:33,269901,13,task-pkec,repeat-7r7d#1,57237405,,16361732,,complete,,,computer,Desktop or Laptop,Mac OS 10.15,Firefox 150.0,1470x956,1470x810,,,0,Phonetic categorization,25,full_List_10,pass,$${overridespreadsheet},full_List_10,137,phonetic categorization,soundplay,x8jhtp,3,info,audio finished,,412.4799999999814,400,412.4799999999814,412.4799999999814,400,412.4799999999814,0,0,0,,Audio Clip,Audio,1,object-207,phonetic categorization,dip,dip_-5.wav,,,tip,dip,,,,,-5,,5,,,,234,,test,,T3,,,d-right,,
1003,1784153373856,15/07/2026 22:09:33,1784153373856,-7,15/07/2026 15:09:33,269901,13,task-pkec,repeat-7r7d#1,57237405,,16361732,,complete,,,computer,Desktop or Laptop,Mac OS 10.15,Firefox 150.0,1470x956,1470x810,,,0,Phonetic categorization,25,full_List_10,pass,$${overridespreadsheet},full_List_10,137,phonetic categorization,soundplay,x8jhtp,3,continue,,,414.4799999999814,400,414.4799999999814,414.4799999999814,400,414.4799999999814,1,0,0,,Audio Clip,Audio,1,object-207,phonetic categorization,dip,dip_-5.wav,,,tip,dip,,,,,-5,,5,,,,234,,test,,T3,,,d-right,,
1004,1784153374298,15/07/2026 22:09:34,1784153374298,-7,15/07/2026 15:09:34,269901,13,task-pkec,repeat-7r7d#1,57237405,,16361732,,complete,,,computer,Desktop or Laptop,Mac OS 10.15,Firefox 150.0,1470x956,1470x810,,,0,Phonetic categorization,25,full_List_10,pass,$${overridespreadsheet},full_List_10,137,phonetic categorization,2AFC,6i7z8o,4,response,dip,,455.4799999999814,450,455.4799999999814,455.4799999999814,450,455.4799999999814,1,0,0,,Keyboard Response,Keyboard Response,1,object-119,phonetic categorization,dip,dip_-5.wav,,,tip,dip,,,,,-5,,5,,,,234,,test,,T3,,,d-right,,
1005,1784153375495,15/07/2026 22:09:35,1784153375495,-7,15/07/2026 15:09:35,269901,13,task-pkec,repeat-7r7d#1,57237405,,16361732,,complete,,,computer,Desktop or Laptop,Mac OS 10.15,Firefox 150.0,1470x956,1470x810,,,0,Phonetic categorization,25,full_List_10,pass,$${overridespreadsheet},full_List_10,137,phonetic categorization,1.2 second pause,dp6plq,5,timedOut,,,1202.4799999999814,1200,1202.4799999999814,1202.4799999999814,1200,1202.4799999999814,1,0,0,,Time Limit,screen,0,screen,phonetic categorization,dip,dip_-5.wav,,,tip,dip,,,,,-5,,5,,,,234,,test,,T3,,,d-right,,
1006,1784153375992,15/07/2026 22:09:35,1784153375992,-7,15/07/2026 15:09:35,269901,13,task-pkec,repeat-7r7d#1,57237405,,16361732,,complete,,,computer,Desktop or Laptop,Mac OS 10.15,Firefox 150.0,1470x956,1470x810,,,0,Phonetic categorization,25,full_List_10,pass,$${overridespreadsheet},full_List_10,138,phonetic categorization,fixation,99n54d,1,response,,,499.4399999999441,499.4399999999441,499.4399999999441,499.4399999999441,499.4399999999441,499.4399999999441,1,0,0,,Time Limit,screen,0,screen,phonetic categorization,dill,dill_15.wav,,,till,dill,,,,,15,,5,,,,234,,test,,T3,,,d-right,,
1007,1784153376496,15/07/2026 22:09:36,1784153376496,-7,15/07/2026 15:09:36,269901,13,task-pkec,repeat-7r7d#1,57237405,,16361732,,complete,,,computer,Desktop or Laptop,Mac OS 10.15,Firefox 150.0,1470x956,1470x810,,,0,Phonetic categorization,25,full_List_10,pass,$${overridespreadsheet},full_List_10,138,phonetic categorization,show option,yef3xk,2,response,,,500.5600000000559,500.5600000000559,500.5600000000559,500.5600000000559,500.5600000000559,500.5600000000559,1,0,0,,Time Limit,screen,0,screen,phonetic categorization,dill,dill_15.wav,,,till,dill,,,,,15,,5,,,,234,,test,,T3,,,d-right,,
1008,1784153376501,15/07/2026 22:09:36,1784153376501,-7,15/07/2026 15:09:36,269901,13,task-pkec,repeat-7r7d#1,57237405,,16361732,,complete,,,computer,Desktop or Laptop,Mac OS 10.15,Firefox 150.0,1470x956,1470x810,,,0,Phonetic categorization,25,full_List_10,pass,$${overridespreadsheet},full_List_10,138,phonetic categorization,soundplay,x8jhtp,3,info,audio started,,9.479999999981374,0,9.479999999981374,9.479999999981374,0,9.479999999981374,0,0,0,,Audio Clip,Audio,1,object-207,phonetic categorization,dill,dill_15.wav,,,till,dill,,,,,15,,5,,,,234,,test,,T3,,,d-right,,
1009,1784153376889,15/07/2026 22:09:36,1784153376889,-7,15/07/2026 15:09:36,269901,13,task-pkec,repeat-7r7d#1,57237405,,16361732,,complete,,,computer,Desktop or Laptop,Mac OS 10.15,Firefox 150.0,1470x956,1470x810,,,0,Phonetic categorization,25,full_List_10,pass,$${overridespreadsheet},full_List_10,138,phonetic categorization,soundplay,x8jhtp,3,info,audio finished,,396.4799999999814,383.0999999999767,396.4799999999814,396.4799999999814,383.0999999999767,396.4799999999814,0,0,0,,Audio Clip,Audio,1,object-207,phonetic categorization,dill,dill_15.wav,,,till,dill,,,,,15,,5,,,,234,,test,,T3,,,d-right,,
1010,1784153376889,15/07/2026 22:09:36,1784153376889,-7,15/07/2026 15:09:36,269901,13,task-pkec,repeat-7r7d#1,57237405,,16361732,,complete,,,computer,Desktop or Laptop,Mac OS 10.15,Firefox 150.0,1470x956,1470x810,,,0,Phonetic categorization,25,full_List_10,pass,$${overridespreadsheet},full_List_10,138,phonetic categorization,soundplay,x8jhtp,3,continue,,,397.4799999999814,383.0999999999767,397.4799999999814,397.4799999999814,383.0999999999767,397.4799999999814,1,0,0,,Audio Clip,Audio,1,object-207,phonetic categorization,dill,dill_15.wav,,,till,dill,,,,,15,,5,,,,234,,test,,T3,,,d-right,,
1011,1784153377072,15/07/2026 22:09:37,1784153377072,-7,15/07/2026 15:09:37,269901,13,task-pkec,repeat-7r7d#1,57237405,,16361732,,complete,,,computer,Desktop or Laptop,Mac OS 10.15,Firefox 150.0,1470x956,1470x810,,,0,Phonetic categorization,25,full_List_10,pass,$${overridespreadsheet},full_List_10,138,phonetic categorization,2AFC,6i7z8o,4,response,dill,,196.38000000000466,183.56000000005588,196.38000000000466,196.38000000000466,183.56000000005588,196.38000000000466,1,0,0,,Keyboard Response,Keyboard Response,1,object-119,phonetic categorization,dill,dill_15.wav,,,till,dill,,,,,15,,5,,,,234,,test,,T3,,,d-right,,
1012,1784153378262,15/07/2026 22:09:38,1784153378262,-7,15/07/2026 15:09:38,269901,13,task-pkec,repeat-7r7d#1,57237405,,16361732,,complete,,,computer,Desktop or Laptop,Mac OS 10.15,Firefox 150.0,1470x956,1470x810,,,0,Phonetic categorization,25,full_List_10,pass,$${overridespreadsheet},full_List_10,138,phonetic categorization,1.2 second pause,dp6plq,5,timedOut,,,1202.8199999999488,1200,1202.8199999999488,1202.8199999999488,1200,1202.8199999999488,1,0,0,,Time Limit,screen,0,screen,phonetic categorization,dill,dill_15.wav,,,till,dill,,,,,15,,5,,,,234,,test,,T3,,,d-right,,
1013,1784153378762,15/07/2026 22:09:38,1784153378762,-7,15/07/2026 15:09:38,269901,13,task-pkec,repeat-7r7d#1,57237405,,16361732,,complete,,,computer,Desktop or Laptop,Mac OS 10.15,Firefox 150.0,1470x956,1470x810,,,0,Phonetic categorization,25,full_List_10,pass,$${overridespreadsheet},full_List_10,139,phonetic categorization,fixation,99n54d,1,response,,,500,500,500,500,500,500,1,0,0,,Time Limit,screen,0,screen,phonetic categorization,dill,dill_40.wav,,,till,dill,,,,,40,,5,,,,234,,test,,T3,,,d-right,,
1014,1784153379262,15/07/2026 22:09:39,1784153379262,-7,15/07/2026 15:09:39,269901,13,task-pkec,repeat-7r7d#1,57237405,,16361732,,complete,,,computer,Desktop or Laptop,Mac OS 10.15,Firefox 150.0,1470x956,1470x810,,,0,Phonetic categorization,25,full_List_10,pass,$${overridespreadsheet},full_List_10,139,phonetic categorization,show option,yef3xk,2,response,,,500,500,500,500,500,500,1,0,0,,Time Limit,screen,0,screen,phonetic categorization,dill,dill_40.wav,,,till,dill,,,,,40,,5,,,,234,,test,,T3,,,d-right,,
1015,1784153379268,15/07/2026 22:09:39,1784153379268,-7,15/07/2026 15:09:39,269901,13,task-pkec,repeat-7r7d#1,57237405,,16361732,,complete,,,computer,Desktop or Laptop,Mac OS 10.15,Firefox 150.0,1470x956,1470x810,,,0,Phonetic categorization,25,full_List_10,pass,$${overridespreadsheet},full_List_10,139,phonetic categorization,soundplay,x8jhtp,3,info,audio started,,8.819999999948777,0,8.819999999948777,8.819999999948777,0,8.819999999948777,0,0,0,,Audio Clip,Audio,1,object-207,phonetic categorization,dill,dill_40.wav,,,till,dill,,,,,40,,5,,,,234,,test,,T3,,,d-right,,
1016,1784153379635,15/07/2026 22:09:39,1784153379635,-7,15/07/2026 15:09:39,269901,13,task-pkec,repeat-7r7d#1,57237405,,16361732,,complete,,,computer,Desktop or Laptop,Mac OS 10.15,Firefox 150.0,1470x956,1470x810,,,0,Phonetic categorization,25,full_List_10,pass,$${overridespreadsheet},full_List_10,139,phonetic categorization,soundplay,x8jhtp,3,info,audio finished,,376.8199999999488,366.6799999999348,376.8199999999488,376.8199999999488,366.6799999999348,376.8199999999488,0,0,0,,Audio Clip,Audio,1,object-207,phonetic categorization,dill,dill_40.wav,,,till,dill,,,,,40,,5,,,,234,,test,,T3,,,d-right,,
1017,1784153379636,15/07/2026 22:09:39,1784153379636,-7,15/07/2026 15:09:39,269901,13,task-pkec,repeat-7r7d#1,57237405,,16361732,,complete,,,computer,Desktop or Laptop,Mac OS 10.15,Firefox 150.0,1470x956,1470x810,,,0,Phonetic categorization,25,full_List_10,pass,$${overridespreadsheet},full_List_10,139,phonetic categorization,soundplay,x8jhtp,3,continue,,,378.8199999999488,366.6799999999348,378.8199999999488,378.8199999999488,366.6799999999348,378.8199999999488,1,0,0,,Audio Clip,Audio,1,object-207,phonetic categorization,dill,dill_40.wav,,,till,dill,,,,,40,,5,,,,234,,test,,T3,,,d-right,,
1018,1784153380158,15/07/2026 22:09:40,1784153380158,-7,15/07/2026 15:09:40,269901,13,task-pkec,repeat-7r7d#1,57237405,,16361732,,complete,,,computer,Desktop or Laptop,Mac OS 10.15,Firefox 150.0,1470x956,1470x810,,,0,Phonetic categorization,25,full_List_10,pass,$${overridespreadsheet},full_List_10,139,phonetic categorization,2AFC,6i7z8o,4,response,till,,532.140000000014,516.6600000000326,532.140000000014,532.140000000014,516.6600000000326,532.140000000014,0,0,0,,Keyboard Response,Keyboard Response,1,object-119,phonetic categorization,dill,dill_40.wav,,,till,dill,,,,,40,,5,,,,234,,test,,T3,,,d-right,,
1019,1784153381346,15/07/2026 22:09:41,1784153381346,-7,15/07/2026 15:09:41,269901,13,task-pkec,repeat-7r7d#1,57237405,,16361732,,complete,,,computer,Desktop or Laptop,Mac OS 10.15,Firefox 150.0,1470x956,1470x810,,,0,Phonetic categorization,25,full_List_10,pass,$${overridespreadsheet},full_List_10,139,phonetic categorization,1.2 second pause,dp6plq,5,timedOut,,,1203.4799999999814,1200,1203.4799999999814,1203.4799999999814,1200,1203.4799999999814,1,0,0,,Time Limit,screen,0,screen,phonetic categorization,dill,dill_40.wav,,,till,dill,,,,,40,,5,,,,234,,test,,T3,,,d-right,,
1020,1784153381846,15/07/2026 22:09:41,1784153381846,-7,15/07/2026 15:09:41,269901,13,task-pkec,repeat-7r7d#1,57237405,,16361732,,complete,,,computer,Desktop or Laptop,Mac OS 10.15,Firefox 150.0,1470x956,1470x810,,,0,Phonetic categorization,25,full_List_10,pass,$${overridespreadsheet},full_List_10,140,phonetic categorization,fixation,99n54d,1,response,,,500,500,500,500,500,500,1,0,0,,Time Limit,screen,0,screen,phonetic categorization,dip,dip_30.wav,,,tip,dip,,,,,30,,5,,,,234,,test,,T3,,,d-right,,
1021,1784153382343,15/07/2026 22:09:42,1784153382343,-7,15/07/2026 15:09:42,269901,13,task-pkec,repeat-7r7d#1,57237405,,16361732,,complete,,,computer,Desktop or Laptop,Mac OS 10.15,Firefox 150.0,1470x956,1470x810,,,0,Phonetic categorization,25,full_List_10,pass,$${overridespreadsheet},full_List_10,140,phonetic categorization,show option,yef3xk,2,response,,,500,500,500,500,500,500,1,0,0,,Time Limit,screen,0,screen,phonetic categorization,dip,dip_30.wav,,,tip,dip,,,,,30,,5,,,,234,,test,,T3,,,d-right,,
1022,1784153382352,15/07/2026 22:09:42,1784153382352,-7,15/07/2026 15:09:42,269901,13,task-pkec,repeat-7r7d#1,57237405,,16361732,,complete,,,computer,Desktop or Laptop,Mac OS 10.15,Firefox 150.0,1470x956,1470x810,,,0,Phonetic categorization,25,full_List_10,pass,$${overridespreadsheet},full_List_10,140,phonetic categorization,soundplay,x8jhtp,3,info,audio started,,9.479999999981374,0,9.479999999981374,9.479999999981374,0,9.479999999981374,0,0,0,,Audio Clip,Audio,1,object-207,phonetic categorization,dip,dip_30.wav,,,tip,dip,,,,,30,,5,,,,234,,test,,T3,,,d-right,,
1023,1784153382768,15/07/2026 22:09:42,1784153382768,-7,15/07/2026 15:09:42,269901,13,task-pkec,repeat-7r7d#1,57237405,,16361732,,complete,,,computer,Desktop or Laptop,Mac OS 10.15,Firefox 150.0,1470x956,1470x810,,,0,Phonetic categorization,25,full_List_10,pass,$${overridespreadsheet},full_List_10,140,phonetic categorization,soundplay,x8jhtp,3,info,audio finished,,426.4799999999814,416.6600000000326,426.4799999999814,426.4799999999814,416.6600000000326,426.4799999999814,0,0,0,,Audio Clip,Audio,1,object-207,phonetic categorization,dip,dip_30.wav,,,tip,dip,,,,,30,,5,,,,234,,test,,T3,,,d-right,,
1024,1784153382770,15/07/2026 22:09:42,1784153382770,-7,15/07/2026 15:09:42,269901,13,task-pkec,repeat-7r7d#1,57237405,,16361732,,complete,,,computer,Desktop or Laptop,Mac OS 10.15,Firefox 150.0,1470x956,1470x810,,,0,Phonetic categorization,25,full_List_10,pass,$${overridespreadsheet},full_List_10,140,phonetic categorization,soundplay,x8jhtp,3,continue,,,427.4799999999814,416.6600000000326,427.4799999999814,427.4799999999814,416.6600000000326,427.4799999999814,1,0,0,,Audio Clip,Audio,1,object-207,phonetic categorization,dip,dip_30.wav,,,tip,dip,,,,,30,,5,,,,234,,test,,T3,,,d-right,,
1025,1784153383125,15/07/2026 22:09:43,1784153383125,-7,15/07/2026 15:09:43,269901,13,task-pkec,repeat-7r7d#1,57237405,,16361732,,complete,,,computer,Desktop or Laptop,Mac OS 10.15,Firefox 150.0,1470x956,1470x810,,,0,Phonetic categorization,25,full_List_10,pass,$${overridespreadsheet},full_List_10,140,phonetic categorization,2AFC,6i7z8o,4,response,dip,,366.6600000000326,350,366.6600000000326,366.6600000000326,350,366.6600000000326,1,0,0,,Keyboard Response,Keyboard Response,1,object-119,phonetic categorization,dip,dip_30.wav,,,tip,dip,,,,,30,,5,,,,234,,test,,T3,,,d-right,,
1026,1784153384312,15/07/2026 22:09:44,1784153384312,-7,15/07/2026 15:09:44,269901,13,task-pkec,repeat-7r7d#1,57237405,,16361732,,complete,,,computer,Desktop or Laptop,Mac OS 10.15,Firefox 150.0,1470x956,1470x810,,,0,Phonetic categorization,25,full_List_10,pass,$${overridespreadsheet},full_List_10,140,phonetic categorization,1.2 second pause,dp6plq,5,timedOut,,,1202.8199999999488,1200,1202.8199999999488,1202.8199999999488,1200,1202.8199999999488,1,0,0,,Time Limit,screen,0,screen,phonetic categorization,dip,dip_30.wav,,,tip,dip,,,,,30,,5,,,,234,,test,,T3,,,d-right,,
1027,1784153384811,15/07/2026 22:09:44,1784153384811,-7,15/07/2026 15:09:44,269901,13,task-pkec,repeat-7r7d#1,57237405,,16361732,,complete,,,computer,Desktop or Laptop,Mac OS 10.15,Firefox 150.0,1470x956,1470x810,,,0,Phonetic categorization,25,full_List_10,pass,$${overridespreadsheet},full_List_10,141,phonetic categorization,fixation,99n54d,1,response,,,500,500,500,500,500,500,1,0,0,,Time Limit,screen,0,screen,phonetic categorization,din,din_45.wav,,,tin,din,,,,,45,,5,,,,234,,test,,T3,,,d-right,,
1028,1784153385310,15/07/2026 22:09:45,1784153385310,-7,15/07/2026 15:09:45,269901,13,task-pkec,repeat-7r7d#1,57237405,,16361732,,complete,,,computer,Desktop or Laptop,Mac OS 10.15,Firefox 150.0,1470x956,1470x810,,,0,Phonetic categorization,25,full_List_10,pass,$${overridespreadsheet},full_List_10,141,phonetic categorization,show option,yef3xk,2,response,,,500,500,500,500,500,500,1,0,0,,Time Limit,screen,0,screen,phonetic categorization,din,din_45.wav,,,tin,din,,,,,45,,5,,,,234,,test,,T3,,,d-right,,
1029,1784153385317,15/07/2026 22:09:45,1784153385317,-7,15/07/2026 15:09:45,269901,13,task-pkec,repeat-7r7d#1,57237405,,16361732,,complete,,,computer,Desktop or Laptop,Mac OS 10.15,Firefox 150.0,1470x956,1470x810,,,0,Phonetic categorization,25,full_List_10,pass,$${overridespreadsheet},full_List_10,141,phonetic categorization,soundplay,x8jhtp,3,info,audio started,,8.819999999948777,0,8.819999999948777,8.819999999948777,0,8.819999999948777,0,0,0,,Audio Clip,Audio,1,object-207,phonetic categorization,din,din_45.wav,,,tin,din,,,,,45,,5,,,,234,,test,,T3,,,d-right,,
1030,1784153385674,15/07/2026 22:09:45,1784153385674,-7,15/07/2026 15:09:45,269901,13,task-pkec,repeat-7r7d#1,57237405,,16361732,,complete,,,computer,Desktop or Laptop,Mac OS 10.15,Firefox 150.0,1470x956,1470x810,,,0,Phonetic categorization,25,full_List_10,pass,$${overridespreadsheet},full_List_10,141,phonetic categorization,soundplay,x8jhtp,3,info,audio finished,,365.4200000000419,349.38000000000466,365.4200000000419,365.4200000000419,349.38000000000466,365.4200000000419,0,0,0,,Audio Clip,Audio,1,object-207,phonetic categorization,din,din_45.wav,,,tin,din,,,,,45,,5,,,,234,,test,,T3,,,d-right,,
1031,1784153385674,15/07/2026 22:09:45,1784153385674,-7,15/07/2026 15:09:45,269901,13,task-pkec,repeat-7r7d#1,57237405,,16361732,,complete,,,computer,Desktop or Laptop,Mac OS 10.15,Firefox 150.0,1470x956,1470x810,,,0,Phonetic categorization,25,full_List_10,pass,$${overridespreadsheet},full_List_10,141,phonetic categorization,soundplay,x8jhtp,3,continue,,,365.4200000000419,349.38000000000466,365.4200000000419,365.4200000000419,349.38000000000466,365.4200000000419,1,0,0,,Audio Clip,Audio,1,object-207,phonetic categorization,din,din_45.wav,,,tin,din,,,,,45,,5,,,,234,,test,,T3,,,d-right,,
1032,1784153386445,15/07/2026 22:09:46,1784153386445,-7,15/07/2026 15:09:46,269901,13,task-pkec,repeat-7r7d#1,57237405,,16361732,,complete,,,computer,Desktop or Laptop,Mac OS 10.15,Firefox 150.0,1470x956,1470x810,,,0,Phonetic categorization,25,full_List_10,pass,$${overridespreadsheet},full_List_10,141,phonetic categorization,2AFC,6i7z8o,4,response,tin,,784.2399999998743,767.2999999999302,784.2399999998743,784.2399999998743,767.2999999999302,784.2399999998743,0,0,0,,Keyboard Response,Keyboard Response,1,object-119,phonetic categorization,din,din_45.wav,,,tin,din,,,,,45,,5,,,,234,,test,,T3,,,d-right,,
1033,1784153387629,15/07/2026 22:09:47,1784153387629,-7,15/07/2026 15:09:47,269901,13,task-pkec,repeat-7r7d#1,57237405,,16361732,,complete,,,computer,Desktop or Laptop,Mac OS 10.15,Firefox 150.0,1470x956,1470x810,,,0,Phonetic categorization,25,full_List_10,pass,$${overridespreadsheet},full_List_10,141,phonetic categorization,1.2 second pause,dp6plq,5,timedOut,,,1203.140000000014,1200,1203.140000000014,1203.140000000014,1200,1203.140000000014,1,0,0,,Time Limit,screen,0,screen,phonetic categorization,din,din_45.wav,,,tin,din,,,,,45,,5,,,,234,,test,,T3,,,d-right,,
1034,1784153388128,15/07/2026 22:09:48,1784153388128,-7,15/07/2026 15:09:48,269901,13,task-pkec,repeat-7r7d#1,57237405,,16361732,,complete,,,computer,Desktop or Laptop,Mac OS 10.15,Firefox 150.0,1470x956,1470x810,,,0,Phonetic categorization,25,full_List_10,pass,$${overridespreadsheet},full_List_10,142,phonetic categorization,fixation,99n54d,1,response,,,500,500,500,500,500,500,1,0,0,,Time Limit,screen,0,screen,phonetic categorization,dip,dip_55.wav,,,tip,dip,,,,,55,,5,,,,234,,test,,T3,,,d-right,,
1035,1784153388636,15/07/2026 22:09:48,1784153388636,-7,15/07/2026 15:09:48,269901,13,task-pkec,repeat-7r7d#1,57237405,,16361732,,complete,,,computer,Desktop or Laptop,Mac OS 10.15,Firefox 150.0,1470x956,1470x810,,,0,Phonetic categorization,25,full_List_10,pass,$${overridespreadsheet},full_List_10,142,phonetic categorization,show option,yef3xk,2,response,,,506.80000000004657,506.80000000004657,506.80000000004657,506.80000000004657,506.80000000004657,506.80000000004657,1,0,0,,Time Limit,screen,0,screen,phonetic categorization,dip,dip_55.wav,,,tip,dip,,,,,55,,5,,,,234,,test,,T3,,,d-right,,
1036,1784153388642,15/07/2026 22:09:48,1784153388642,-7,15/07/2026 15:09:48,269901,13,task-pkec,repeat-7r7d#1,57237405,,16361732,,complete,,,computer,Desktop or Laptop,Mac OS 10.15,Firefox 150.0,1470x956,1470x810,,,0,Phonetic categorization,25,full_List_10,pass,$${overridespreadsheet},full_List_10,142,phonetic categorization,soundplay,x8jhtp,3,info,audio started,,10.339999999967404,0,10.339999999967404,10.339999999967404,0,10.339999999967404,0,0,0,,Audio Clip,Audio,1,object-207,phonetic categorization,dip,dip_55.wav,,,tip,dip,,,,,55,,5,,,,234,,test,,T3,,,d-right,,
1037,1784153389079,15/07/2026 22:09:49,1784153389079,-7,15/07/2026 15:09:49,269901,13,task-pkec,repeat-7r7d#1,57237405,,16361732,,complete,,,computer,Desktop or Laptop,Mac OS 10.15,Firefox 150.0,1470x956,1470x810,,,0,Phonetic categorization,25,full_List_10,pass,$${overridespreadsheet},full_List_10,142,phonetic categorization,soundplay,x8jhtp,3,info,audio finished,,446.3399999999674,433.3199999999488,446.3399999999674,446.3399999999674,433.3199999999488,446.3399999999674,0,0,0,,Audio Clip,Audio,1,object-207,phonetic categorization,dip,dip_55.wav,,,tip,dip,,,,,55,,5,,,,234,,test,,T3,,,d-right,,
1038,1784153389080,15/07/2026 22:09:49,1784153389080,-7,15/07/2026 15:09:49,269901,13,task-pkec,repeat-7r7d#1,57237405,,16361732,,complete,,,computer,Desktop or Laptop,Mac OS 10.15,Firefox 150.0,1470x956,1470x810,,,0,Phonetic categorization,25,full_List_10,pass,$${overridespreadsheet},full_List_10,142,phonetic categorization,soundplay,x8jhtp,3,continue,,,448.3399999999674,433.3199999999488,448.3399999999674,448.3399999999674,433.3199999999488,448.3399999999674,1,0,0,,Audio Clip,Audio,1,object-207,phonetic categorization,dip,dip_55.wav,,,tip,dip,,,,,55,,5,,,,234,,test,,T3,,,d-right,,
1039,1784153389860,15/07/2026 22:09:49,1784153389860,-7,15/07/2026 15:09:49,269901,13,task-pkec,repeat-7r7d#1,57237405,,16361732,,complete,,,computer,Desktop or Laptop,Mac OS 10.15,Firefox 150.0,1470x956,1470x810,,,0,Phonetic categorization,25,full_List_10,pass,$${overridespreadsheet},full_List_10,142,phonetic categorization,2AFC,6i7z8o,4,response,tip,,794.0200000000186,783.3399999999674,794.0200000000186,794.0200000000186,783.3399999999674,794.0200000000186,0,0,0,,Keyboard Response,Keyboard Response,1,object-119,phonetic categorization,dip,dip_55.wav,,,tip,dip,,,,,55,,5,,,,234,,test,,T3,,,d-right,,
1040,1784153391049,15/07/2026 22:09:51,1784153391049,-7,15/07/2026 15:09:51,269901,13,task-pkec,repeat-7r7d#1,57237405,,16361732,,complete,,,computer,Desktop or Laptop,Mac OS 10.15,Firefox 150.0,1470x956,1470x810,,,0,Phonetic categorization,25,full_List_10,pass,$${overridespreadsheet},full_List_10,142,phonetic categorization,1.2 second pause,dp6plq,5,timedOut,,,1200.6800000000512,1199.4800000000978,1200.6800000000512,1200.6800000000512,1199.4800000000978,1200.6800000000512,1,0,0,,Time Limit,screen,0,screen,phonetic categorization,dip,dip_55.wav,,,tip,dip,,,,,55,,5,,,,234,,test,,T3,,,d-right,,
1041,1784153391552,15/07/2026 22:09:51,1784153391552,-7,15/07/2026 15:09:51,269901,13,task-pkec,repeat-7r7d#1,57237405,,16361732,,complete,,,computer,Desktop or Laptop,Mac OS 10.15,Firefox 150.0,1470x956,1470x810,,,0,Phonetic categorization,25,full_List_10,pass,$${overridespreadsheet},full_List_10,143,phonetic categorization,fixation,99n54d,1,response,,,500.5199999999022,500.5199999999022,500.5199999999022,500.5199999999022,500.5199999999022,500.5199999999022,1,0,0,,Time Limit,screen,0,screen,phonetic categorization,din,din_50.wav,,,tin,din,,,,,50,,5,,,,234,,test,,T3,,,d-right,,
1042,1784153392052,15/07/2026 22:09:52,1784153392052,-7,15/07/2026 15:09:52,269901,13,task-pkec,repeat-7r7d#1,57237405,,16361732,,complete,,,computer,Desktop or Laptop,Mac OS 10.15,Firefox 150.0,1470x956,1470x810,,,0,Phonetic categorization,25,full_List_10,pass,$${overridespreadsheet},full_List_10,143,phonetic categorization,show option,yef3xk,2,response,,,500,500,500,500,500,500,1,0,0,,Time Limit,screen,0,screen,phonetic categorization,din,din_50.wav,,,tin,din,,,,,50,,5,,,,234,,test,,T3,,,d-right,,
1043,1784153392058,15/07/2026 22:09:52,1784153392058,-7,15/07/2026 15:09:52,269901,13,task-pkec,repeat-7r7d#1,57237405,,16361732,,complete,,,computer,Desktop or Laptop,Mac OS 10.15,Firefox 150.0,1470x956,1470x810,,,0,Phonetic categorization,25,full_List_10,pass,$${overridespreadsheet},full_List_10,143,phonetic categorization,soundplay,x8jhtp,3,info,audio started,,9.680000000051223,0,9.680000000051223,9.680000000051223,0,9.680000000051223,0,0,0,,Audio Clip,Audio,1,object-207,phonetic categorization,din,din_50.wav,,,tin,din,,,,,50,,5,,,,234,,test,,T3,,,d-right,,
1044,1784153392420,15/07/2026 22:09:52,1784153392420,-7,15/07/2026 15:09:52,269901,13,task-pkec,repeat-7r7d#1,57237405,,16361732,,complete,,,computer,Desktop or Laptop,Mac OS 10.15,Firefox 150.0,1470x956,1470x810,,,0,Phonetic categorization,25,full_List_10,pass,$${overridespreadsheet},full_List_10,143,phonetic categorization,soundplay,x8jhtp,3,info,audio finished,,371.6800000000512,366.6600000000326,371.6800000000512,371.6800000000512,366.6600000000326,371.6800000000512,0,0,0,,Audio Clip,Audio,1,object-207,phonetic categorization,din,din_50.wav,,,tin,din,,,,,50,,5,,,,234,,test,,T3,,,d-right,,
1045,1784153392421,15/07/2026 22:09:52,1784153392421,-7,15/07/2026 15:09:52,269901,13,task-pkec,repeat-7r7d#1,57237405,,16361732,,complete,,,computer,Desktop or Laptop,Mac OS 10.15,Firefox 150.0,1470x956,1470x810,,,0,Phonetic categorization,25,full_List_10,pass,$${overridespreadsheet},full_List_10,143,phonetic categorization,soundplay,x8jhtp,3,continue,,,372.6800000000512,366.6600000000326,372.6800000000512,372.6800000000512,366.6600000000326,372.6800000000512,1,0,0,,Audio Clip,Audio,1,object-207,phonetic categorization,din,din_50.wav,,,tin,din,,,,,50,,5,,,,234,,test,,T3,,,d-right,,
1046,1784153392866,15/07/2026 22:09:52,1784153392866,-7,15/07/2026 15:09:52,269901,13,task-pkec,repeat-7r7d#1,57237405,,16361732,,complete,,,computer,Desktop or Laptop,Mac OS 10.15,Firefox 150.0,1470x956,1470x810,,,0,Phonetic categorization,25,full_List_10,pass,$${overridespreadsheet},full_List_10,143,phonetic categorization,2AFC,6i7z8o,4,response,tin,,449.9999999998836,433.3399999999674,449.9999999998836,449.9999999998836,433.3399999999674,449.9999999998836,0,0,0,,Keyboard Response,Keyboard Response,1,object-119,phonetic categorization,din,din_50.wav,,,tin,din,,,,,50,,5,,,,234,,test,,T3,,,d-right,,
1047,1784153394052,15/07/2026 22:09:54,1784153394052,-7,15/07/2026 15:09:54,269901,13,task-pkec,repeat-7r7d#1,57237405,,16361732,,complete,,,computer,Desktop or Laptop,Mac OS 10.15,Firefox 150.0,1470x956,1470x810,,,0,Phonetic categorization,25,full_List_10,pass,$${overridespreadsheet},full_List_10,143,phonetic categorization,1.2 second pause,dp6plq,5,timedOut,,,1202.6800000000512,1200,1202.6800000000512,1202.6800000000512,1200,1202.6800000000512,1,0,0,,Time Limit,screen,0,screen,phonetic categorization,din,din_50.wav,,,tin,din,,,,,50,,5,,,,234,,test,,T3,,,d-right,,
1048,1784153394551,15/07/2026 22:09:54,1784153394551,-7,15/07/2026 15:09:54,269901,13,task-pkec,repeat-7r7d#1,57237405,,16361732,,complete,,,computer,Desktop or Laptop,Mac OS 10.15,Firefox 150.0,1470x956,1470x810,,,0,Phonetic categorization,25,full_List_10,pass,$${overridespreadsheet},full_List_10,144,phonetic categorization,fixation,99n54d,1,response,,,500,500,500,500,500,500,1,0,0,,Time Limit,screen,0,screen,phonetic categorization,dip,dip_65.wav,,,tip,dip,,,,,65,,5,,,,234,,test,,T3,,,d-right,,
1049,1784153395051,15/07/2026 22:09:55,1784153395051,-7,15/07/2026 15:09:55,269901,13,task-pkec,repeat-7r7d#1,57237405,,16361732,,complete,,,computer,Desktop or Laptop,Mac OS 10.15,Firefox 150.0,1470x956,1470x810,,,0,Phonetic categorization,25,full_List_10,pass,$${overridespreadsheet},full_List_10,144,phonetic categorization,show option,yef3xk,2,response,,,500,500,500,500,500,500,1,0,0,,Time Limit,screen,0,screen,phonetic categorization,dip,dip_65.wav,,,tip,dip,,,,,65,,5,,,,234,,test,,T3,,,d-right,,
1050,1784153395057,15/07/2026 22:09:55,1784153395057,-7,15/07/2026 15:09:55,269901,13,task-pkec,repeat-7r7d#1,57237405,,16361732,,complete,,,computer,Desktop or Laptop,Mac OS 10.15,Firefox 150.0,1470x956,1470x810,,,0,Phonetic categorization,25,full_List_10,pass,$${overridespreadsheet},full_List_10,144,phonetic categorization,soundplay,x8jhtp,3,info,audio started,,7.680000000051223,0,7.680000000051223,7.680000000051223,0,7.680000000051223,0,0,0,,Audio Clip,Audio,1,object-207,phonetic categorization,dip,dip_65.wav,,,tip,dip,,,,,65,,5,,,,234,,test,,T3,,,d-right,,
1051,1784153395497,15/07/2026 22:09:55,1784153395497,-7,15/07/2026 15:09:55,269901,13,task-pkec,repeat-7r7d#1,57237405,,16361732,,complete,,,computer,Desktop or Laptop,Mac OS 10.15,Firefox 150.0,1470x956,1470x810,,,0,Phonetic categorization,25,full_List_10,pass,$${overridespreadsheet},full_List_10,144,phonetic categorization,soundplay,x8jhtp,3,info,audio finished,,447.6800000000512,433.3400000000838,447.6800000000512,447.6800000000512,433.3400000000838,447.6800000000512,0,0,0,,Audio Clip,Audio,1,object-207,phonetic categorization,dip,dip_65.wav,,,tip,dip,,,,,65,,5,,,,234,,test,,T3,,,d-right,,
1052,1784153395498,15/07/2026 22:09:55,1784153395498,-7,15/07/2026 15:09:55,269901,13,task-pkec,repeat-7r7d#1,57237405,,16361732,,complete,,,computer,Desktop or Laptop,Mac OS 10.15,Firefox 150.0,1470x956,1470x810,,,0,Phonetic categorization,25,full_List_10,pass,$${overridespreadsheet},full_List_10,144,phonetic categorization,soundplay,x8jhtp,3,continue,,,448.6800000000512,433.3400000000838,448.6800000000512,448.6800000000512,433.3400000000838,448.6800000000512,1,0,0,,Audio Clip,Audio,1,object-207,phonetic categorization,dip,dip_65.wav,,,tip,dip,,,,,65,,5,,,,234,,test,,T3,,,d-right,,
1053,1784153397366,15/07/2026 22:09:57,1784153397366,-7,15/07/2026 15:09:57,269901,13,task-pkec,repeat-7r7d#1,57237405,,16361732,,complete,,,computer,Desktop or Laptop,Mac OS 10.15,Firefox 150.0,1470x956,1470x810,,,0,Phonetic categorization,25,full_List_10,pass,$${overridespreadsheet},full_List_10,144,phonetic categorization,2AFC,6i7z8o,4,response,tip,,1883.1999999999534,1866.5999999999767,1883.1999999999534,1883.1999999999534,1866.5999999999767,1883.1999999999534,0,0,0,,Keyboard Response,Keyboard Response,1,object-119,phonetic categorization,dip,dip_65.wav,,,tip,dip,,,,,65,,5,,,,234,,test,,T3,,,d-right,,
1054,1784153398552,15/07/2026 22:09:58,1784153398552,-7,15/07/2026 15:09:58,269901,13,task-pkec,repeat-7r7d#1,57237405,,16361732,,complete,,,computer,Desktop or Laptop,Mac OS 10.15,Firefox 150.0,1470x956,1470x810,,,0,Phonetic categorization,25,full_List_10,pass,$${overridespreadsheet},full_List_10,144,phonetic categorization,1.2 second pause,dp6plq,5,timedOut,,,1202.7399999999907,1200.0599999999395,1202.7399999999907,1202.7399999999907,1200.0599999999395,1202.7399999999907,1,0,0,,Time Limit,screen,0,screen,phonetic categorization,dip,dip_65.wav,,,tip,dip,,,,,65,,5,,,,234,,test,,T3,,,d-right,,
1055,1784153399051,15/07/2026 22:09:59,1784153399051,-7,15/07/2026 15:09:59,269901,13,task-pkec,repeat-7r7d#1,57237405,,16361732,,complete,,,computer,Desktop or Laptop,Mac OS 10.15,Firefox 150.0,1470x956,1470x810,,,0,Phonetic categorization,25,full_List_10,pass,$${overridespreadsheet},full_List_10,145,phonetic categorization,fixation,99n54d,1,response,,,500,500,500,500,500,500,0,0,0,,Time Limit,screen,0,screen,phonetic categorization,till,dill_55.wav,,,tin,till,,,,expo-10ms,55,,6,labeled,,,234,,exposure,A,B,50,16.431676725155,d-right,t,
1056,1784153399552,15/07/2026 22:09:59,1784153399552,-7,15/07/2026 15:09:59,269901,13,task-pkec,repeat-7r7d#1,57237405,,16361732,,complete,,,computer,Desktop or Laptop,Mac OS 10.15,Firefox 150.0,1470x956,1470x810,,,0,Phonetic categorization,25,full_List_10,pass,$${overridespreadsheet},full_List_10,145,phonetic categorization,show option,yef3xk,2,response,,,500,500,500,500,500,500,1,0,0,,Time Limit,screen,0,screen,phonetic categorization,till,dill_55.wav,,,tin,till,,,,expo-10ms,55,,6,labeled,,,234,,exposure,A,B,50,16.431676725155,d-right,t,
1057,1784153399557,15/07/2026 22:09:59,1784153399557,-7,15/07/2026 15:09:59,269901,13,task-pkec,repeat-7r7d#1,57237405,,16361732,,complete,,,computer,Desktop or Laptop,Mac OS 10.15,Firefox 150.0,1470x956,1470x810,,,0,Phonetic categorization,25,full_List_10,pass,$${overridespreadsheet},full_List_10,145,phonetic categorization,soundplay,x8jhtp,3,info,audio started,,9.680000000051223,0,9.680000000051223,9.680000000051223,0,9.680000000051223,0,0,0,,Audio Clip,Audio,1,object-207,phonetic categorization,till,dill_55.wav,,,tin,till,,,,expo-10ms,55,,6,labeled,,,234,,exposure,A,B,50,16.431676725155,d-right,t,
1058,1784153399936,15/07/2026 22:09:59,1784153399936,-7,15/07/2026 15:09:59,269901,13,task-pkec,repeat-7r7d#1,57237405,,16361732,,complete,,,computer,Desktop or Laptop,Mac OS 10.15,Firefox 150.0,1470x956,1470x810,,,0,Phonetic categorization,25,full_List_10,pass,$${overridespreadsheet},full_List_10,145,phonetic categorization,soundplay,x8jhtp,3,info,audio finished,,387.6800000000512,383.3400000000838,387.6800000000512,387.6800000000512,383.3400000000838,387.6800000000512,0,0,0,,Audio Clip,Audio,1,object-207,phonetic categorization,till,dill_55.wav,,,tin,till,,,,expo-10ms,55,,6,labeled,,,234,,exposure,A,B,50,16.431676725155,d-right,t,
1059,1784153399937,15/07/2026 22:09:59,1784153399937,-7,15/07/2026 15:09:59,269901,13,task-pkec,repeat-7r7d#1,57237405,,16361732,,complete,,,computer,Desktop or Laptop,Mac OS 10.15,Firefox 150.0,1470x956,1470x810,,,0,Phonetic categorization,25,full_List_10,pass,$${overridespreadsheet},full_List_10,145,phonetic categorization,soundplay,x8jhtp,3,continue,,,388.6800000000512,383.3400000000838,388.6800000000512,388.6800000000512,383.3400000000838,388.6800000000512,0,0,0,,Audio Clip,Audio,1,object-207,phonetic categorization,till,dill_55.wav,,,tin,till,,,,expo-10ms,55,,6,labeled,,,234,,exposure,A,B,50,16.431676725155,d-right,t,
1060,1784153400427,15/07/2026 22:10:00,1784153400427,-7,15/07/2026 15:10:00,269901,13,task-pkec,repeat-7r7d#1,57237405,,16361732,,complete,,,computer,Desktop or Laptop,Mac OS 10.15,Firefox 150.0,1470x956,1470x810,,,0,Phonetic categorization,25,full_List_10,pass,$${overridespreadsheet},full_List_10,145,phonetic categorization,2AFC,6i7z8o,4,response,till,,495.3399999999674,483.3199999999488,495.3399999999674,495.3399999999674,483.3199999999488,495.3399999999674,1,0,0,,Keyboard Response,Keyboard Response,1,object-119,phonetic categorization,till,dill_55.wav,,,tin,till,,,,expo-10ms,55,,6,labeled,,,234,,exposure,A,B,50,16.431676725155,d-right,t,
1061,1784153401620,15/07/2026 22:10:01,1784153401620,-7,15/07/2026 15:10:01,269901,13,task-pkec,repeat-7r7d#1,57237405,,16361732,,complete,,,computer,Desktop or Laptop,Mac OS 10.15,Firefox 150.0,1470x956,1470x810,,,0,Phonetic categorization,25,full_List_10,pass,$${overridespreadsheet},full_List_10,145,phonetic categorization,1.2 second pause,dp6plq,5,timedOut,,,1204.0200000000186,1200,1204.0200000000186,1204.0200000000186,1200,1204.0200000000186,1,0,0,,Time Limit,screen,0,screen,phonetic categorization,till,dill_55.wav,,,tin,till,,,,expo-10ms,55,,6,labeled,,,234,,exposure,A,B,50,16.431676725155,d-right,t,
1062,1784153402119,15/07/2026 22:10:02,1784153402119,-7,15/07/2026 15:10:02,269901,13,task-pkec,repeat-7r7d#1,57237405,,16361732,,complete,,,computer,Desktop or Laptop,Mac OS 10.15,Firefox 150.0,1470x956,1470x810,,,0,Phonetic categorization,25,full_List_10,pass,$${overridespreadsheet},full_List_10,146,phonetic categorization,fixation,99n54d,1,response,,,500,500,500,500,500,500,0,0,0,,Time Limit,screen,0,screen,phonetic categorization,din,din_0.wav,,,tin,din,,,,expo-10ms,0,,6,unlabeled,,,234,,exposure,A,B,5,8.94427190999916,d-right,d,
1063,1784153402619,15/07/2026 22:10:02,1784153402619,-7,15/07/2026 15:10:02,269901,13,task-pkec,repeat-7r7d#1,57237405,,16361732,,complete,,,computer,Desktop or Laptop,Mac OS 10.15,Firefox 150.0,1470x956,1470x810,,,0,Phonetic categorization,25,full_List_10,pass,$${overridespreadsheet},full_List_10,146,phonetic categorization,show option,yef3xk,2,response,,,500,500,500,500,500,500,1,0,0,,Time Limit,screen,0,screen,phonetic categorization,din,din_0.wav,,,tin,din,,,,expo-10ms,0,,6,unlabeled,,,234,,exposure,A,B,5,8.94427190999916,d-right,d,
1064,1784153402626,15/07/2026 22:10:02,1784153402626,-7,15/07/2026 15:10:02,269901,13,task-pkec,repeat-7r7d#1,57237405,,16361732,,complete,,,computer,Desktop or Laptop,Mac OS 10.15,Firefox 150.0,1470x956,1470x810,,,0,Phonetic categorization,25,full_List_10,pass,$${overridespreadsheet},full_List_10,146,phonetic categorization,soundplay,x8jhtp,3,info,audio started,,10.020000000018626,0,10.020000000018626,10.020000000018626,0,10.020000000018626,0,0,0,,Audio Clip,Audio,1,object-207,phonetic categorization,din,din_0.wav,,,tin,din,,,,expo-10ms,0,,6,unlabeled,,,234,,exposure,A,B,5,8.94427190999916,d-right,d,
1065,1784153402953,15/07/2026 22:10:02,1784153402953,-7,15/07/2026 15:10:02,269901,13,task-pkec,repeat-7r7d#1,57237405,,16361732,,complete,,,computer,Desktop or Laptop,Mac OS 10.15,Firefox 150.0,1470x956,1470x810,,,0,Phonetic categorization,25,full_List_10,pass,$${overridespreadsheet},full_List_10,146,phonetic categorization,soundplay,x8jhtp,3,info,audio finished,,337.0200000000186,333.2600000000093,337.0200000000186,337.0200000000186,333.2600000000093,337.0200000000186,0,0,0,,Audio Clip,Audio,1,object-207,phonetic categorization,din,din_0.wav,,,tin,din,,,,expo-10ms,0,,6,unlabeled,,,234,,exposure,A,B,5,8.94427190999916,d-right,d,
1066,1784153402958,15/07/2026 22:10:02,1784153402958,-7,15/07/2026 15:10:02,269901,13,task-pkec,repeat-7r7d#1,57237405,,16361732,,complete,,,computer,Desktop or Laptop,Mac OS 10.15,Firefox 150.0,1470x956,1470x810,,,0,Phonetic categorization,25,full_List_10,pass,$${overridespreadsheet},full_List_10,146,phonetic categorization,soundplay,x8jhtp,3,continue,,,342.0200000000186,333.2600000000093,342.0200000000186,342.0200000000186,333.2600000000093,342.0200000000186,0,0,0,,Audio Clip,Audio,1,object-207,phonetic categorization,din,din_0.wav,,,tin,din,,,,expo-10ms,0,,6,unlabeled,,,234,,exposure,A,B,5,8.94427190999916,d-right,d,
1067,1784153403419,15/07/2026 22:10:03,1784153403419,-7,15/07/2026 15:10:03,269901,13,task-pkec,repeat-7r7d#1,57237405,,16361732,,complete,,,computer,Desktop or Laptop,Mac OS 10.15,Firefox 150.0,1470x956,1470x810,,,0,Phonetic categorization,25,full_List_10,pass,$${overridespreadsheet},full_List_10,146,phonetic categorization,2AFC,6i7z8o,4,response,din,,466.73999999987427,450.0799999999581,466.73999999987427,466.73999999987427,450.0799999999581,466.73999999987427,1,0,0,,Keyboard Response,Keyboard Response,1,object-119,phonetic categorization,din,din_0.wav,,,tin,din,,,,expo-10ms,0,,6,unlabeled,,,234,,exposure,A,B,5,8.94427190999916,d-right,d,
1068,1784153404604,15/07/2026 22:10:04,1784153404604,-7,15/07/2026 15:10:04,269901,13,task-pkec,repeat-7r7d#1,57237405,,16361732,,complete,,,computer,Desktop or Laptop,Mac OS 10.15,Firefox 150.0,1470x956,1470x810,,,0,Phonetic categorization,25,full_List_10,pass,$${overridespreadsheet},full_List_10,146,phonetic categorization,1.2 second pause,dp6plq,5,timedOut,,,1203.6800000000512,1200,1203.6800000000512,1203.6800000000512,1200,1203.6800000000512,1,0,0,,Time Limit,screen,0,screen,phonetic categorization,din,din_0.wav,,,tin,din,,,,expo-10ms,0,,6,unlabeled,,,234,,exposure,A,B,5,8.94427190999916,d-right,d,
1069,1784153405103,15/07/2026 22:10:05,1784153405103,-7,15/07/2026 15:10:05,269901,13,task-pkec,repeat-7r7d#1,57237405,,16361732,,complete,,,computer,Desktop or Laptop,Mac OS 10.15,Firefox 150.0,1470x956,1470x810,,,0,Phonetic categorization,25,full_List_10,pass,$${overridespreadsheet},full_List_10,147,phonetic categorization,fixation,99n54d,1,response,,,500,500,500,500,500,500,0,0,0,,Time Limit,screen,0,screen,phonetic categorization,tip,dip_55.wav,,,tip,tin,,,,expo-10ms,55,,6,labeled,,,234,,exposure,A,B,50,16.431676725155,d-right,t,
1070,1784153405600,15/07/2026 22:10:05,1784153405600,-7,15/07/2026 15:10:05,269901,13,task-pkec,repeat-7r7d#1,57237405,,16361732,,complete,,,computer,Desktop or Laptop,Mac OS 10.15,Firefox 150.0,1470x956,1470x810,,,0,Phonetic categorization,25,full_List_10,pass,$${overridespreadsheet},full_List_10,147,phonetic categorization,show option,yef3xk,2,response,,,500,500,500,500,500,500,1,0,0,,Time Limit,screen,0,screen,phonetic categorization,tip,dip_55.wav,,,tip,tin,,,,expo-10ms,55,,6,labeled,,,234,,exposure,A,B,50,16.431676725155,d-right,t,
1071,1784153405606,15/07/2026 22:10:05,1784153405606,-7,15/07/2026 15:10:05,269901,13,task-pkec,repeat-7r7d#1,57237405,,16361732,,complete,,,computer,Desktop or Laptop,Mac OS 10.15,Firefox 150.0,1470x956,1470x810,,,0,Phonetic categorization,25,full_List_10,pass,$${overridespreadsheet},full_List_10,147,phonetic categorization,soundplay,x8jhtp,3,info,audio started,,7.680000000051223,0,7.680000000051223,7.680000000051223,0,7.680000000051223,0,0,0,,Audio Clip,Audio,1,object-207,phonetic categorization,tip,dip_55.wav,,,tip,tin,,,,expo-10ms,55,,6,labeled,,,234,,exposure,A,B,50,16.431676725155,d-right,t,
1072,1784153406038,15/07/2026 22:10:06,1784153406038,-7,15/07/2026 15:10:06,269901,13,task-pkec,repeat-7r7d#1,57237405,,16361732,,complete,,,computer,Desktop or Laptop,Mac OS 10.15,Firefox 150.0,1470x956,1470x810,,,0,Phonetic categorization,25,full_List_10,pass,$${overridespreadsheet},full_List_10,147,phonetic categorization,soundplay,x8jhtp,3,info,audio finished,,439.6800000000512,433.3400000000838,439.6800000000512,439.6800000000512,433.3400000000838,439.6800000000512,0,0,0,,Audio Clip,Audio,1,object-207,phonetic categorization,tip,dip_55.wav,,,tip,tin,,,,expo-10ms,55,,6,labeled,,,234,,exposure,A,B,50,16.431676725155,d-right,t,
1073,1784153406040,15/07/2026 22:10:06,1784153406040,-7,15/07/2026 15:10:06,269901,13,task-pkec,repeat-7r7d#1,57237405,,16361732,,complete,,,computer,Desktop or Laptop,Mac OS 10.15,Firefox 150.0,1470x956,1470x810,,,0,Phonetic categorization,25,full_List_10,pass,$${overridespreadsheet},full_List_10,147,phonetic categorization,soundplay,x8jhtp,3,continue,,,440.6800000000512,433.3400000000838,440.6800000000512,440.6800000000512,433.3400000000838,440.6800000000512,0,0,0,,Audio Clip,Audio,1,object-207,phonetic categorization,tip,dip_55.wav,,,tip,tin,,,,expo-10ms,55,,6,labeled,,,234,,exposure,A,B,50,16.431676725155,d-right,t,
1074,1784153406741,15/07/2026 22:10:06,1784153406741,-7,15/07/2026 15:10:06,269901,13,task-pkec,repeat-7r7d#1,57237405,,16361732,,complete,,,computer,Desktop or Laptop,Mac OS 10.15,Firefox 150.0,1470x956,1470x810,,,0,Phonetic categorization,25,full_List_10,pass,$${overridespreadsheet},full_List_10,147,phonetic categorization,2AFC,6i7z8o,4,response,tip,,708.3399999999674,699.8800000000047,708.3399999999674,708.3399999999674,699.8800000000047,708.3399999999674,1,0,0,,Keyboard Response,Keyboard Response,1,object-119,phonetic categorization,tip,dip_55.wav,,,tip,tin,,,,expo-10ms,55,,6,labeled,,,234,,exposure,A,B,50,16.431676725155,d-right,t,
1075,1784153407935,15/07/2026 22:10:07,1784153407935,-7,15/07/2026 15:10:07,269901,13,task-pkec,repeat-7r7d#1,57237405,,16361732,,complete,,,computer,Desktop or Laptop,Mac OS 10.15,Firefox 150.0,1470x956,1470x810,,,0,Phonetic categorization,25,full_List_10,pass,$${overridespreadsheet},full_List_10,147,phonetic categorization,1.2 second pause,dp6plq,5,timedOut,,,1203.4599999999627,1200.1199999999953,1203.4599999999627,1203.4599999999627,1200.1199999999953,1203.4599999999627,1,0,0,,Time Limit,screen,0,screen,phonetic categorization,tip,dip_55.wav,,,tip,tin,,,,expo-10ms,55,,6,labeled,,,234,,exposure,A,B,50,16.431676725155,d-right,t,
1076,1784153408436,15/07/2026 22:10:08,1784153408436,-7,15/07/2026 15:10:08,269901,13,task-pkec,repeat-7r7d#1,57237405,,16361732,,complete,,,computer,Desktop or Laptop,Mac OS 10.15,Firefox 150.0,1470x956,1470x810,,,0,Phonetic categorization,25,full_List_10,pass,$${overridespreadsheet},full_List_10,148,phonetic categorization,fixation,99n54d,1,response,,,500,500,500,500,500,500,0,0,0,,Time Limit,screen,0,screen,phonetic categorization,dip,dip_10.wav,,,tip,dip,,,,expo-10ms,10,,6,unlabeled,,,234,,exposure,A,B,5,8.94427190999916,d-right,d,
1077,1784153408935,15/07/2026 22:10:08,1784153408935,-7,15/07/2026 15:10:08,269901,13,task-pkec,repeat-7r7d#1,57237405,,16361732,,complete,,,computer,Desktop or Laptop,Mac OS 10.15,Firefox 150.0,1470x956,1470x810,,,0,Phonetic categorization,25,full_List_10,pass,$${overridespreadsheet},full_List_10,148,phonetic categorization,show option,yef3xk,2,response,,,500,500,500,500,500,500,1,0,0,,Time Limit,screen,0,screen,phonetic categorization,dip,dip_10.wav,,,tip,dip,,,,expo-10ms,10,,6,unlabeled,,,234,,exposure,A,B,5,8.94427190999916,d-right,d,
1078,1784153408943,15/07/2026 22:10:08,1784153408943,-7,15/07/2026 15:10:08,269901,13,task-pkec,repeat-7r7d#1,57237405,,16361732,,complete,,,computer,Desktop or Laptop,Mac OS 10.15,Firefox 150.0,1470x956,1470x810,,,0,Phonetic categorization,25,full_List_10,pass,$${overridespreadsheet},full_List_10,148,phonetic categorization,soundplay,x8jhtp,3,info,audio started,,11.339999999967404,0,11.339999999967404,11.339999999967404,0,11.339999999967404,0,0,0,,Audio Clip,Audio,1,object-207,phonetic categorization,dip,dip_10.wav,,,tip,dip,,,,expo-10ms,10,,6,unlabeled,,,234,,exposure,A,B,5,8.94427190999916,d-right,d,
1079,1784153409348,15/07/2026 22:10:09,1784153409348,-7,15/07/2026 15:10:09,269901,13,task-pkec,repeat-7r7d#1,57237405,,16361732,,complete,,,computer,Desktop or Laptop,Mac OS 10.15,Firefox 150.0,1470x956,1470x810,,,0,Phonetic categorization,25,full_List_10,pass,$${overridespreadsheet},full_List_10,148,phonetic categorization,soundplay,x8jhtp,3,info,audio finished,,414.3399999999674,400,414.3399999999674,414.3399999999674,400,414.3399999999674,0,0,0,,Audio Clip,Audio,1,object-207,phonetic categorization,dip,dip_10.wav,,,tip,dip,,,,expo-10ms,10,,6,unlabeled,,,234,,exposure,A,B,5,8.94427190999916,d-right,d,
1080,1784153409348,15/07/2026 22:10:09,1784153409348,-7,15/07/2026 15:10:09,269901,13,task-pkec,repeat-7r7d#1,57237405,,16361732,,complete,,,computer,Desktop or Laptop,Mac OS 10.15,Firefox 150.0,1470x956,1470x810,,,0,Phonetic categorization,25,full_List_10,pass,$${overridespreadsheet},full_List_10,148,phonetic categorization,soundplay,x8jhtp,3,continue,,,416.3399999999674,400,416.3399999999674,416.3399999999674,400,416.3399999999674,0,0,0,,Audio Clip,Audio,1,object-207,phonetic categorization,dip,dip_10.wav,,,tip,dip,,,,expo-10ms,10,,6,unlabeled,,,234,,exposure,A,B,5,8.94427190999916,d-right,d,
1081,1784153409673,15/07/2026 22:10:09,1784153409673,-7,15/07/2026 15:10:09,269901,13,task-pkec,repeat-7r7d#1,57237405,,16361732,,complete,,,computer,Desktop or Laptop,Mac OS 10.15,Firefox 150.0,1470x956,1470x810,,,0,Phonetic categorization,25,full_List_10,pass,$${overridespreadsheet},full_List_10,148,phonetic categorization,2AFC,6i7z8o,4,response,dip,,340.3399999999674,333.3199999999488,340.3399999999674,340.3399999999674,333.3199999999488,340.3399999999674,1,0,0,,Keyboard Response,Keyboard Response,1,object-119,phonetic categorization,dip,dip_10.wav,,,tip,dip,,,,expo-10ms,10,,6,unlabeled,,,234,,exposure,A,B,5,8.94427190999916,d-right,d,
1082,1784153410868,15/07/2026 22:10:10,1784153410868,-7,15/07/2026 15:10:10,269901,13,task-pkec,repeat-7r7d#1,57237405,,16361732,,complete,,,computer,Desktop or Laptop,Mac OS 10.15,Firefox 150.0,1470x956,1470x810,,,0,Phonetic categorization,25,full_List_10,pass,$${overridespreadsheet},full_List_10,148,phonetic categorization,1.2 second pause,dp6plq,5,timedOut,,,1203.0200000000186,1200,1203.0200000000186,1203.0200000000186,1200,1203.0200000000186,1,0,0,,Time Limit,screen,0,screen,phonetic categorization,dip,dip_10.wav,,,tip,dip,,,,expo-10ms,10,,6,unlabeled,,,234,,exposure,A,B,5,8.94427190999916,d-right,d,
1083,1784153411369,15/07/2026 22:10:11,1784153411369,-7,15/07/2026 15:10:11,269901,13,task-pkec,repeat-7r7d#1,57237405,,16361732,,complete,,,computer,Desktop or Laptop,Mac OS 10.15,Firefox 150.0,1470x956,1470x810,,,0,Phonetic categorization,25,full_List_10,pass,$${overridespreadsheet},full_List_10,149,phonetic categorization,fixation,99n54d,1,response,,,500,500,500,500,500,500,0,0,0,,Time Limit,screen,0,screen,phonetic categorization,rare,rare.wav,,,rare,flare,,,,expo-10ms,,,6,,,,234,,catch,A,B,,,d-right,,
1084,1784153411868,15/07/2026 22:10:11,1784153411868,-7,15/07/2026 15:10:11,269901,13,task-pkec,repeat-7r7d#1,57237405,,16361732,,complete,,,computer,Desktop or Laptop,Mac OS 10.15,Firefox 150.0,1470x956,1470x810,,,0,Phonetic categorization,25,full_List_10,pass,$${overridespreadsheet},full_List_10,149,phonetic categorization,show option,yef3xk,2,response,,,500,500,500,500,500,500,1,0,0,,Time Limit,screen,0,screen,phonetic categorization,rare,rare.wav,,,rare,flare,,,,expo-10ms,,,6,,,,234,,catch,A,B,,,d-right,,
1085,1784153411878,15/07/2026 22:10:11,1784153411878,-7,15/07/2026 15:10:11,269901,13,task-pkec,repeat-7r7d#1,57237405,,16361732,,complete,,,computer,Desktop or Laptop,Mac OS 10.15,Firefox 150.0,1470x956,1470x810,,,0,Phonetic categorization,25,full_List_10,pass,$${overridespreadsheet},full_List_10,149,phonetic categorization,soundplay,x8jhtp,3,info,audio started,,13.020000000018626,0,13.020000000018626,13.020000000018626,0,13.020000000018626,0,0,0,,Audio Clip,Audio,1,object-207,phonetic categorization,rare,rare.wav,,,rare,flare,,,,expo-10ms,,,6,,,,234,,catch,A,B,,,d-right,,
1086,1784153412334,15/07/2026 22:10:12,1784153412334,-7,15/07/2026 15:10:12,269901,13,task-pkec,repeat-7r7d#1,57237405,,16361732,,complete,,,computer,Desktop or Laptop,Mac OS 10.15,Firefox 150.0,1470x956,1470x810,,,0,Phonetic categorization,25,full_List_10,pass,$${overridespreadsheet},full_List_10,149,phonetic categorization,soundplay,x8jhtp,3,info,audio finished,,466.6600000000326,450,466.6600000000326,466.6600000000326,450,466.6600000000326,0,0,0,,Audio Clip,Audio,1,object-207,phonetic categorization,rare,rare.wav,,,rare,flare,,,,expo-10ms,,,6,,,,234,,catch,A,B,,,d-right,,
1087,1784153412335,15/07/2026 22:10:12,1784153412335,-7,15/07/2026 15:10:12,269901,13,task-pkec,repeat-7r7d#1,57237405,,16361732,,complete,,,computer,Desktop or Laptop,Mac OS 10.15,Firefox 150.0,1470x956,1470x810,,,0,Phonetic categorization,25,full_List_10,pass,$${overridespreadsheet},full_List_10,149,phonetic categorization,soundplay,x8jhtp,3,continue,,,466.6600000000326,450,466.6600000000326,466.6600000000326,450,466.6600000000326,0,0,0,,Audio Clip,Audio,1,object-207,phonetic categorization,rare,rare.wav,,,rare,flare,,,,expo-10ms,,,6,,,,234,,catch,A,B,,,d-right,,
1088,1784153412540,15/07/2026 22:10:12,1784153412540,-7,15/07/2026 15:10:12,269901,13,task-pkec,repeat-7r7d#1,57237405,,16361732,,complete,,,computer,Desktop or Laptop,Mac OS 10.15,Firefox 150.0,1470x956,1470x810,,,0,Phonetic categorization,25,full_List_10,pass,$${overridespreadsheet},full_List_10,149,phonetic categorization,2AFC,6i7z8o,4,response,rare,,225.02000000001863,216.68000000005122,225.02000000001863,225.02000000001863,216.68000000005122,225.02000000001863,1,0,0,,Keyboard Response,Keyboard Response,1,object-119,phonetic categorization,rare,rare.wav,,,rare,flare,,,,expo-10ms,,,6,,,,234,,catch,A,B,,,d-right,,
1089,1784153413736,15/07/2026 22:10:13,1784153413736,-7,15/07/2026 15:10:13,269901,13,task-pkec,repeat-7r7d#1,57237405,,16361732,,complete,,,computer,Desktop or Laptop,Mac OS 10.15,Firefox 150.0,1470x956,1470x810,,,0,Phonetic categorization,25,full_List_10,pass,$${overridespreadsheet},full_List_10,149,phonetic categorization,1.2 second pause,dp6plq,5,timedOut,,,1204.3399999999674,1200,1204.3399999999674,1204.3399999999674,1200,1204.3399999999674,1,0,0,,Time Limit,screen,0,screen,phonetic categorization,rare,rare.wav,,,rare,flare,,,,expo-10ms,,,6,,,,234,,catch,A,B,,,d-right,,
1090,1784153414235,15/07/2026 22:10:14,1784153414235,-7,15/07/2026 15:10:14,269901,13,task-pkec,repeat-7r7d#1,57237405,,16361732,,complete,,,computer,Desktop or Laptop,Mac OS 10.15,Firefox 150.0,1470x956,1470x810,,,0,Phonetic categorization,25,full_List_10,pass,$${overridespreadsheet},full_List_10,150,phonetic categorization,fixation,99n54d,1,response,,,500,500,500,500,500,500,0,0,0,,Time Limit,screen,0,screen,phonetic categorization,till,dill_60.wav,,,tin,till,,,,expo-10ms,60,,6,labeled,,,234,,exposure,A,B,50,16.431676725155,d-right,t,
1091,1784153414736,15/07/2026 22:10:14,1784153414736,-7,15/07/2026 15:10:14,269901,13,task-pkec,repeat-7r7d#1,57237405,,16361732,,complete,,,computer,Desktop or Laptop,Mac OS 10.15,Firefox 150.0,1470x956,1470x810,,,0,Phonetic categorization,25,full_List_10,pass,$${overridespreadsheet},full_List_10,150,phonetic categorization,show option,yef3xk,2,response,,,500,500,500,500,500,500,1,0,0,,Time Limit,screen,0,screen,phonetic categorization,till,dill_60.wav,,,tin,till,,,,expo-10ms,60,,6,labeled,,,234,,exposure,A,B,50,16.431676725155,d-right,t,
1092,1784153414742,15/07/2026 22:10:14,1784153414742,-7,15/07/2026 15:10:14,269901,13,task-pkec,repeat-7r7d#1,57237405,,16361732,,complete,,,computer,Desktop or Laptop,Mac OS 10.15,Firefox 150.0,1470x956,1470x810,,,0,Phonetic categorization,25,full_List_10,pass,$${overridespreadsheet},full_List_10,150,phonetic categorization,soundplay,x8jhtp,3,info,audio started,,10.339999999967404,0,10.339999999967404,10.339999999967404,0,10.339999999967404,0,0,0,,Audio Clip,Audio,1,object-207,phonetic categorization,till,dill_60.wav,,,tin,till,,,,expo-10ms,60,,6,labeled,,,234,,exposure,A,B,50,16.431676725155,d-right,t,
1093,1784153415122,15/07/2026 22:10:15,1784153415122,-7,15/07/2026 15:10:15,269901,13,task-pkec,repeat-7r7d#1,57237405,,16361732,,complete,,,computer,Desktop or Laptop,Mac OS 10.15,Firefox 150.0,1470x956,1470x810,,,0,Phonetic categorization,25,full_List_10,pass,$${overridespreadsheet},full_List_10,150,phonetic categorization,soundplay,x8jhtp,3,info,audio finished,,390.3399999999674,383.3199999999488,390.3399999999674,390.3399999999674,383.3199999999488,390.3399999999674,0,0,0,,Audio Clip,Audio,1,object-207,phonetic categorization,till,dill_60.wav,,,tin,till,,,,expo-10ms,60,,6,labeled,,,234,,exposure,A,B,50,16.431676725155,d-right,t,
1094,1784153415123,15/07/2026 22:10:15,1784153415123,-7,15/07/2026 15:10:15,269901,13,task-pkec,repeat-7r7d#1,57237405,,16361732,,complete,,,computer,Desktop or Laptop,Mac OS 10.15,Firefox 150.0,1470x956,1470x810,,,0,Phonetic categorization,25,full_List_10,pass,$${overridespreadsheet},full_List_10,150,phonetic categorization,soundplay,x8jhtp,3,continue,,,391.3399999999674,383.3199999999488,391.3399999999674,391.3399999999674,383.3199999999488,391.3399999999674,0,0,0,,Audio Clip,Audio,1,object-207,phonetic categorization,till,dill_60.wav,,,tin,till,,,,expo-10ms,60,,6,labeled,,,234,,exposure,A,B,50,16.431676725155,d-right,t,
1095,1784153415555,15/07/2026 22:10:15,1784153415555,-7,15/07/2026 15:10:15,269901,13,task-pkec,repeat-7r7d#1,57237405,,16361732,,complete,,,computer,Desktop or Laptop,Mac OS 10.15,Firefox 150.0,1470x956,1470x810,,,0,Phonetic categorization,25,full_List_10,pass,$${overridespreadsheet},full_List_10,150,phonetic categorization,2AFC,6i7z8o,4,response,till,,440.0200000000186,433.3399999999674,440.0200000000186,440.0200000000186,433.3399999999674,440.0200000000186,1,0,0,,Keyboard Response,Keyboard Response,1,object-119,phonetic categorization,till,dill_60.wav,,,tin,till,,,,expo-10ms,60,,6,labeled,,,234,,exposure,A,B,50,16.431676725155,d-right,t,
1096,1784153416753,15/07/2026 22:10:16,1784153416753,-7,15/07/2026 15:10:16,269901,13,task-pkec,repeat-7r7d#1,57237405,,16361732,,complete,,,computer,Desktop or Laptop,Mac OS 10.15,Firefox 150.0,1470x956,1470x810,,,0,Phonetic categorization,25,full_List_10,pass,$${overridespreadsheet},full_List_10,150,phonetic categorization,1.2 second pause,dp6plq,5,timedOut,,,1203.6800000000512,1200,1203.6800000000512,1203.6800000000512,1200,1203.6800000000512,1,0,0,,Time Limit,screen,0,screen,phonetic categorization,till,dill_60.wav,,,tin,till,,,,expo-10ms,60,,6,labeled,,,234,,exposure,A,B,50,16.431676725155,d-right,t,
1097,1784153417252,15/07/2026 22:10:17,1784153417252,-7,15/07/2026 15:10:17,269901,13,task-pkec,repeat-7r7d#1,57237405,,16361732,,complete,,,computer,Desktop or Laptop,Mac OS 10.15,Firefox 150.0,1470x956,1470x810,,,0,Phonetic categorization,25,full_List_10,pass,$${overridespreadsheet},full_List_10,151,phonetic categorization,fixation,99n54d,1,response,,,500,500,500,500,500,500,0,0,0,,Time Limit,screen,0,screen,phonetic categorization,tip,dip_55.wav,,,tip,dip,,,,expo-10ms,55,,6,unlabeled,,,234,,exposure,A,B,50,16.431676725155,d-right,t,
1098,1784153417752,15/07/2026 22:10:17,1784153417752,-7,15/07/2026 15:10:17,269901,13,task-pkec,repeat-7r7d#1,57237405,,16361732,,complete,,,computer,Desktop or Laptop,Mac OS 10.15,Firefox 150.0,1470x956,1470x810,,,0,Phonetic categorization,25,full_List_10,pass,$${overridespreadsheet},full_List_10,151,phonetic categorization,show option,yef3xk,2,response,,,500,500,500,500,500,500,1,0,0,,Time Limit,screen,0,screen,phonetic categorization,tip,dip_55.wav,,,tip,dip,,,,expo-10ms,55,,6,unlabeled,,,234,,exposure,A,B,50,16.431676725155,d-right,t,
1099,1784153417756,15/07/2026 22:10:17,1784153417756,-7,15/07/2026 15:10:17,269901,13,task-pkec,repeat-7r7d#1,57237405,,16361732,,complete,,,computer,Desktop or Laptop,Mac OS 10.15,Firefox 150.0,1470x956,1470x810,,,0,Phonetic categorization,25,full_List_10,pass,$${overridespreadsheet},full_List_10,151,phonetic categorization,soundplay,x8jhtp,3,info,audio started,,7.680000000051223,0,7.680000000051223,7.680000000051223,0,7.680000000051223,0,0,0,,Audio Clip,Audio,1,object-207,phonetic categorization,tip,dip_55.wav,,,tip,dip,,,,expo-10ms,55,,6,unlabeled,,,234,,exposure,A,B,50,16.431676725155,d-right,t,
1100,1784153418187,15/07/2026 22:10:18,1784153418187,-7,15/07/2026 15:10:18,269901,13,task-pkec,repeat-7r7d#1,57237405,,16361732,,complete,,,computer,Desktop or Laptop,Mac OS 10.15,Firefox 150.0,1470x956,1470x810,,,0,Phonetic categorization,25,full_List_10,pass,$${overridespreadsheet},full_List_10,151,phonetic categorization,soundplay,x8jhtp,3,info,audio finished,,437.6800000000512,433.3400000000838,437.6800000000512,437.6800000000512,433.3400000000838,437.6800000000512,0,0,0,,Audio Clip,Audio,1,object-207,phonetic categorization,tip,dip_55.wav,,,tip,dip,,,,expo-10ms,55,,6,unlabeled,,,234,,exposure,A,B,50,16.431676725155,d-right,t,
1101,1784153418187,15/07/2026 22:10:18,1784153418187,-7,15/07/2026 15:10:18,269901,13,task-pkec,repeat-7r7d#1,57237405,,16361732,,complete,,,computer,Desktop or Laptop,Mac OS 10.15,Firefox 150.0,1470x956,1470x810,,,0,Phonetic categorization,25,full_List_10,pass,$${overridespreadsheet},full_List_10,151,phonetic categorization,soundplay,x8jhtp,3,continue,,,438.6800000000512,433.3400000000838,438.6800000000512,438.6800000000512,433.3400000000838,438.6800000000512,0,0,0,,Audio Clip,Audio,1,object-207,phonetic categorization,tip,dip_55.wav,,,tip,dip,,,,expo-10ms,55,,6,unlabeled,,,234,,exposure,A,B,50,16.431676725155,d-right,t,
1102,1784153418838,15/07/2026 22:10:18,1784153418838,-7,15/07/2026 15:10:18,269901,13,task-pkec,repeat-7r7d#1,57237405,,16361732,,complete,,,computer,Desktop or Laptop,Mac OS 10.15,Firefox 150.0,1470x956,1470x810,,,0,Phonetic categorization,25,full_List_10,pass,$${overridespreadsheet},full_List_10,151,phonetic categorization,2AFC,6i7z8o,4,response,tip,,656.3399999999674,650,656.3399999999674,656.3399999999674,650,656.3399999999674,1,0,0,,Keyboard Response,Keyboard Response,1,object-119,phonetic categorization,tip,dip_55.wav,,,tip,dip,,,,expo-10ms,55,,6,unlabeled,,,234,,exposure,A,B,50,16.431676725155,d-right,t,
1103,1784153420034,15/07/2026 22:10:20,1784153420034,-7,15/07/2026 15:10:20,269901,13,task-pkec,repeat-7r7d#1,57237405,,16361732,,complete,,,computer,Desktop or Laptop,Mac OS 10.15,Firefox 150.0,1470x956,1470x810,,,0,Phonetic categorization,25,full_List_10,pass,$${overridespreadsheet},full_List_10,151,phonetic categorization,1.2 second pause,dp6plq,5,timedOut,,,1201.3399999999674,1199.6799999999348,1201.3399999999674,1201.3399999999674,1199.6799999999348,1201.3399999999674,1,0,0,,Time Limit,screen,0,screen,phonetic categorization,tip,dip_55.wav,,,tip,dip,,,,expo-10ms,55,,6,unlabeled,,,234,,exposure,A,B,50,16.431676725155,d-right,t,
1104,1784153420535,15/07/2026 22:10:20,1784153420535,-7,15/07/2026 15:10:20,269901,13,task-pkec,repeat-7r7d#1,57237405,,16361732,,complete,,,computer,Desktop or Laptop,Mac OS 10.15,Firefox 150.0,1470x956,1470x810,,,0,Phonetic categorization,25,full_List_10,pass,$${overridespreadsheet},full_List_10,152,phonetic categorization,fixation,99n54d,1,response,,,500.3200000000652,500.3200000000652,500.3200000000652,500.3200000000652,500.3200000000652,500.3200000000652,0,0,0,,Time Limit,screen,0,screen,phonetic categorization,dill,dill_5.wav,,,till,dill,,,,expo-10ms,5,,6,unlabeled,,,234,,exposure,A,B,5,8.94427190999916,d-right,d,
1105,1784153421035,15/07/2026 22:10:21,1784153421035,-7,15/07/2026 15:10:21,269901,13,task-pkec,repeat-7r7d#1,57237405,,16361732,,complete,,,computer,Desktop or Laptop,Mac OS 10.15,Firefox 150.0,1470x956,1470x810,,,0,Phonetic categorization,25,full_List_10,pass,$${overridespreadsheet},full_List_10,152,phonetic categorization,show option,yef3xk,2,response,,,500,500,500,500,500,500,1,0,0,,Time Limit,screen,0,screen,phonetic categorization,dill,dill_5.wav,,,till,dill,,,,expo-10ms,5,,6,unlabeled,,,234,,exposure,A,B,5,8.94427190999916,d-right,d,
1106,1784153421043,15/07/2026 22:10:21,1784153421043,-7,15/07/2026 15:10:21,269901,13,task-pkec,repeat-7r7d#1,57237405,,16361732,,complete,,,computer,Desktop or Laptop,Mac OS 10.15,Firefox 150.0,1470x956,1470x810,,,0,Phonetic categorization,25,full_List_10,pass,$${overridespreadsheet},full_List_10,152,phonetic categorization,soundplay,x8jhtp,3,info,audio started,,10.339999999967404,0,10.339999999967404,10.339999999967404,0,10.339999999967404,0,0,0,,Audio Clip,Audio,1,object-207,phonetic categorization,dill,dill_5.wav,,,till,dill,,,,expo-10ms,5,,6,unlabeled,,,234,,exposure,A,B,5,8.94427190999916,d-right,d,
1107,1784153421384,15/07/2026 22:10:21,1784153421384,-7,15/07/2026 15:10:21,269901,13,task-pkec,repeat-7r7d#1,57237405,,16361732,,complete,,,computer,Desktop or Laptop,Mac OS 10.15,Firefox 150.0,1470x956,1470x810,,,0,Phonetic categorization,25,full_List_10,pass,$${overridespreadsheet},full_List_10,152,phonetic categorization,soundplay,x8jhtp,3,info,audio finished,,352.3399999999674,350,352.3399999999674,352.3399999999674,350,352.3399999999674,0,0,0,,Audio Clip,Audio,1,object-207,phonetic categorization,dill,dill_5.wav,,,till,dill,,,,expo-10ms,5,,6,unlabeled,,,234,,exposure,A,B,5,8.94427190999916,d-right,d,
1108,1784153421385,15/07/2026 22:10:21,1784153421385,-7,15/07/2026 15:10:21,269901,13,task-pkec,repeat-7r7d#1,57237405,,16361732,,complete,,,computer,Desktop or Laptop,Mac OS 10.15,Firefox 150.0,1470x956,1470x810,,,0,Phonetic categorization,25,full_List_10,pass,$${overridespreadsheet},full_List_10,152,phonetic categorization,soundplay,x8jhtp,3,continue,,,353.3399999999674,350,353.3399999999674,353.3399999999674,350,353.3399999999674,0,0,0,,Audio Clip,Audio,1,object-207,phonetic categorization,dill,dill_5.wav,,,till,dill,,,,expo-10ms,5,,6,unlabeled,,,234,,exposure,A,B,5,8.94427190999916,d-right,d,
1109,1784153421996,15/07/2026 22:10:21,1784153421996,-7,15/07/2026 15:10:21,269901,13,task-pkec,repeat-7r7d#1,57237405,,16361732,,complete,,,computer,Desktop or Laptop,Mac OS 10.15,Firefox 150.0,1470x956,1470x810,,,0,Phonetic categorization,25,full_List_10,pass,$${overridespreadsheet},full_List_10,152,phonetic categorization,2AFC,6i7z8o,4,response,dill,,613.3399999999674,600,613.3399999999674,613.3399999999674,600,613.3399999999674,1,0,0,,Keyboard Response,Keyboard Response,1,object-119,phonetic categorization,dill,dill_5.wav,,,till,dill,,,,expo-10ms,5,,6,unlabeled,,,234,,exposure,A,B,5,8.94427190999916,d-right,d,
1110,1784153423185,15/07/2026 22:10:23,1784153423185,-7,15/07/2026 15:10:23,269901,13,task-pkec,repeat-7r7d#1,57237405,,16361732,,complete,,,computer,Desktop or Laptop,Mac OS 10.15,Firefox 150.0,1470x956,1470x810,,,0,Phonetic categorization,25,full_List_10,pass,$${overridespreadsheet},full_List_10,152,phonetic categorization,1.2 second pause,dp6plq,5,timedOut,,,1203.3399999999674,1200,1203.3399999999674,1203.3399999999674,1200,1203.3399999999674,1,0,0,,Time Limit,screen,0,screen,phonetic categorization,dill,dill_5.wav,,,till,dill,,,,expo-10ms,5,,6,unlabeled,,,234,,exposure,A,B,5,8.94427190999916,d-right,d,
1111,1784153423686,15/07/2026 22:10:23,1784153423686,-7,15/07/2026 15:10:23,269901,13,task-pkec,repeat-7r7d#1,57237405,,16361732,,complete,,,computer,Desktop or Laptop,Mac OS 10.15,Firefox 150.0,1470x956,1470x810,,,0,Phonetic categorization,25,full_List_10,pass,$${overridespreadsheet},full_List_10,153,phonetic categorization,fixation,99n54d,1,response,,,500,500,500,500,500,500,0,0,0,,Time Limit,screen,0,screen,phonetic categorization,din,din_0.wav,,,tin,din,,,,expo-10ms,0,,6,unlabeled,,,234,,exposure,A,B,5,8.94427190999916,d-right,d,
1112,1784153424183,15/07/2026 22:10:24,1784153424183,-7,15/07/2026 15:10:24,269901,13,task-pkec,repeat-7r7d#1,57237405,,16361732,,complete,,,computer,Desktop or Laptop,Mac OS 10.15,Firefox 150.0,1470x956,1470x810,,,0,Phonetic categorization,25,full_List_10,pass,$${overridespreadsheet},full_List_10,153,phonetic categorization,show option,yef3xk,2,response,,,500,500,500,500,500,500,1,0,0,,Time Limit,screen,0,screen,phonetic categorization,din,din_0.wav,,,tin,din,,,,expo-10ms,0,,6,unlabeled,,,234,,exposure,A,B,5,8.94427190999916,d-right,d,
1113,1784153424188,15/07/2026 22:10:24,1784153424188,-7,15/07/2026 15:10:24,269901,13,task-pkec,repeat-7r7d#1,57237405,,16361732,,complete,,,computer,Desktop or Laptop,Mac OS 10.15,Firefox 150.0,1470x956,1470x810,,,0,Phonetic categorization,25,full_List_10,pass,$${overridespreadsheet},full_List_10,153,phonetic categorization,soundplay,x8jhtp,3,info,audio started,,6.339999999967404,0,6.339999999967404,6.339999999967404,0,6.339999999967404,0,0,0,,Audio Clip,Audio,1,object-207,phonetic categorization,din,din_0.wav,,,tin,din,,,,expo-10ms,0,,6,unlabeled,,,234,,exposure,A,B,5,8.94427190999916,d-right,d,
1114,1784153424514,15/07/2026 22:10:24,1784153424514,-7,15/07/2026 15:10:24,269901,13,task-pkec,repeat-7r7d#1,57237405,,16361732,,complete,,,computer,Desktop or Laptop,Mac OS 10.15,Firefox 150.0,1470x956,1470x810,,,0,Phonetic categorization,25,full_List_10,pass,$${overridespreadsheet},full_List_10,153,phonetic categorization,soundplay,x8jhtp,3,info,audio finished,,332.3399999999674,316.6599999999162,332.3399999999674,332.3399999999674,316.6599999999162,332.3399999999674,0,0,0,,Audio Clip,Audio,1,object-207,phonetic categorization,din,din_0.wav,,,tin,din,,,,expo-10ms,0,,6,unlabeled,,,234,,exposure,A,B,5,8.94427190999916,d-right,d,
1115,1784153424515,15/07/2026 22:10:24,1784153424515,-7,15/07/2026 15:10:24,269901,13,task-pkec,repeat-7r7d#1,57237405,,16361732,,complete,,,computer,Desktop or Laptop,Mac OS 10.15,Firefox 150.0,1470x956,1470x810,,,0,Phonetic categorization,25,full_List_10,pass,$${overridespreadsheet},full_List_10,153,phonetic categorization,soundplay,x8jhtp,3,continue,,,332.3399999999674,316.6599999999162,332.3399999999674,332.3399999999674,316.6599999999162,332.3399999999674,0,0,0,,Audio Clip,Audio,1,object-207,phonetic categorization,din,din_0.wav,,,tin,din,,,,expo-10ms,0,,6,unlabeled,,,234,,exposure,A,B,5,8.94427190999916,d-right,d,
1116,1784153425362,15/07/2026 22:10:25,1784153425362,-7,15/07/2026 15:10:25,269901,13,task-pkec,repeat-7r7d#1,57237405,,16361732,,complete,,,computer,Desktop or Laptop,Mac OS 10.15,Firefox 150.0,1470x956,1470x810,,,0,Phonetic categorization,25,full_List_10,pass,$${overridespreadsheet},full_List_10,153,phonetic categorization,2AFC,6i7z8o,4,response,din,,862.6800000000512,850,862.6800000000512,862.6800000000512,850,862.6800000000512,1,0,0,,Keyboard Response,Keyboard Response,1,object-119,phonetic categorization,din,din_0.wav,,,tin,din,,,,expo-10ms,0,,6,unlabeled,,,234,,exposure,A,B,5,8.94427190999916,d-right,d,
1117,1784153426552,15/07/2026 22:10:26,1784153426552,-7,15/07/2026 15:10:26,269901,13,task-pkec,repeat-7r7d#1,57237405,,16361732,,complete,,,computer,Desktop or Laptop,Mac OS 10.15,Firefox 150.0,1470x956,1470x810,,,0,Phonetic categorization,25,full_List_10,pass,$${overridespreadsheet},full_List_10,153,phonetic categorization,1.2 second pause,dp6plq,5,timedOut,,,1202.6800000000512,1200,1202.6800000000512,1202.6800000000512,1200,1202.6800000000512,1,0,0,,Time Limit,screen,0,screen,phonetic categorization,din,din_0.wav,,,tin,din,,,,expo-10ms,0,,6,unlabeled,,,234,,exposure,A,B,5,8.94427190999916,d-right,d,
1118,1784153427052,15/07/2026 22:10:27,1784153427052,-7,15/07/2026 15:10:27,269901,13,task-pkec,repeat-7r7d#1,57237405,,16361732,,complete,,,computer,Desktop or Laptop,Mac OS 10.15,Firefox 150.0,1470x956,1470x810,,,0,Phonetic categorization,25,full_List_10,pass,$${overridespreadsheet},full_List_10,154,phonetic categorization,fixation,99n54d,1,response,,,500,500,500,500,500,500,0,0,0,,Time Limit,screen,0,screen,phonetic categorization,dill,dill_20.wav,,,dill,din,,,,expo-10ms,20,,6,labeled,,,234,,exposure,A,B,5,8.94427190999916,d-right,d,
1119,1784153427551,15/07/2026 22:10:27,1784153427551,-7,15/07/2026 15:10:27,269901,13,task-pkec,repeat-7r7d#1,57237405,,16361732,,complete,,,computer,Desktop or Laptop,Mac OS 10.15,Firefox 150.0,1470x956,1470x810,,,0,Phonetic categorization,25,full_List_10,pass,$${overridespreadsheet},full_List_10,154,phonetic categorization,show option,yef3xk,2,response,,,500,500,500,500,500,500,1,0,0,,Time Limit,screen,0,screen,phonetic categorization,dill,dill_20.wav,,,dill,din,,,,expo-10ms,20,,6,labeled,,,234,,exposure,A,B,5,8.94427190999916,d-right,d,
1120,1784153427557,15/07/2026 22:10:27,1784153427557,-7,15/07/2026 15:10:27,269901,13,task-pkec,repeat-7r7d#1,57237405,,16361732,,complete,,,computer,Desktop or Laptop,Mac OS 10.15,Firefox 150.0,1470x956,1470x810,,,0,Phonetic categorization,25,full_List_10,pass,$${overridespreadsheet},full_List_10,154,phonetic categorization,soundplay,x8jhtp,3,info,audio started,,7.680000000051223,0,7.680000000051223,7.680000000051223,0,7.680000000051223,0,0,0,,Audio Clip,Audio,1,object-207,phonetic categorization,dill,dill_20.wav,,,dill,din,,,,expo-10ms,20,,6,labeled,,,234,,exposure,A,B,5,8.94427190999916,d-right,d,
1121,1784153427941,15/07/2026 22:10:27,1784153427941,-7,15/07/2026 15:10:27,269901,13,task-pkec,repeat-7r7d#1,57237405,,16361732,,complete,,,computer,Desktop or Laptop,Mac OS 10.15,Firefox 150.0,1470x956,1470x810,,,0,Phonetic categorization,25,full_List_10,pass,$${overridespreadsheet},full_List_10,154,phonetic categorization,soundplay,x8jhtp,3,info,audio finished,,392.6800000000512,383.3400000000838,392.6800000000512,392.6800000000512,383.3400000000838,392.6800000000512,0,0,0,,Audio Clip,Audio,1,object-207,phonetic categorization,dill,dill_20.wav,,,dill,din,,,,expo-10ms,20,,6,labeled,,,234,,exposure,A,B,5,8.94427190999916,d-right,d,
1122,1784153427942,15/07/2026 22:10:27,1784153427942,-7,15/07/2026 15:10:27,269901,13,task-pkec,repeat-7r7d#1,57237405,,16361732,,complete,,,computer,Desktop or Laptop,Mac OS 10.15,Firefox 150.0,1470x956,1470x810,,,0,Phonetic categorization,25,full_List_10,pass,$${overridespreadsheet},full_List_10,154,phonetic categorization,soundplay,x8jhtp,3,continue,,,393.6800000000512,383.3400000000838,393.6800000000512,393.6800000000512,383.3400000000838,393.6800000000512,0,0,0,,Audio Clip,Audio,1,object-207,phonetic categorization,dill,dill_20.wav,,,dill,din,,,,expo-10ms,20,,6,labeled,,,234,,exposure,A,B,5,8.94427190999916,d-right,d,
1123,1784153428233,15/07/2026 22:10:28,1784153428233,-7,15/07/2026 15:10:28,269901,13,task-pkec,repeat-7r7d#1,57237405,,16361732,,complete,,,computer,Desktop or Laptop,Mac OS 10.15,Firefox 150.0,1470x956,1470x810,,,0,Phonetic categorization,25,full_List_10,pass,$${overridespreadsheet},full_List_10,154,phonetic categorization,2AFC,6i7z8o,4,response,dill,,299.9799999999814,283.3199999999488,299.9799999999814,299.9799999999814,283.3199999999488,299.9799999999814,1,0,0,,Keyboard Response,Keyboard Response,1,object-119,phonetic categorization,dill,dill_20.wav,,,dill,din,,,,expo-10ms,20,,6,labeled,,,234,,exposure,A,B,5,8.94427190999916,d-right,d,
1124,1784153429419,15/07/2026 22:10:29,1784153429419,-7,15/07/2026 15:10:29,269901,13,task-pkec,repeat-7r7d#1,57237405,,16361732,,complete,,,computer,Desktop or Laptop,Mac OS 10.15,Firefox 150.0,1470x956,1470x810,,,0,Phonetic categorization,25,full_List_10,pass,$${overridespreadsheet},full_List_10,154,phonetic categorization,1.2 second pause,dp6plq,5,timedOut,,,1203.0200000000186,1200,1203.0200000000186,1203.0200000000186,1200,1203.0200000000186,1,0,0,,Time Limit,screen,0,screen,phonetic categorization,dill,dill_20.wav,,,dill,din,,,,expo-10ms,20,,6,labeled,,,234,,exposure,A,B,5,8.94427190999916,d-right,d,
1125,1784153429918,15/07/2026 22:10:29,1784153429918,-7,15/07/2026 15:10:29,269901,13,task-pkec,repeat-7r7d#1,57237405,,16361732,,complete,,,computer,Desktop or Laptop,Mac OS 10.15,Firefox 150.0,1470x956,1470x810,,,0,Phonetic categorization,25,full_List_10,pass,$${overridespreadsheet},full_List_10,155,phonetic categorization,fixation,99n54d,1,response,,,500,500,500,500,500,500,0,0,0,,Time Limit,screen,0,screen,phonetic categorization,dill,dill_10.wav,,,dill,din,,,,expo-10ms,10,,6,labeled,,,234,,exposure,A,B,5,8.94427190999916,d-right,d,
1126,1784153430418,15/07/2026 22:10:30,1784153430418,-7,15/07/2026 15:10:30,269901,13,task-pkec,repeat-7r7d#1,57237405,,16361732,,complete,,,computer,Desktop or Laptop,Mac OS 10.15,Firefox 150.0,1470x956,1470x810,,,0,Phonetic categorization,25,full_List_10,pass,$${overridespreadsheet},full_List_10,155,phonetic categorization,show option,yef3xk,2,response,,,500,500,500,500,500,500,1,0,0,,Time Limit,screen,0,screen,phonetic categorization,dill,dill_10.wav,,,dill,din,,,,expo-10ms,10,,6,labeled,,,234,,exposure,A,B,5,8.94427190999916,d-right,d,
1127,1784153430424,15/07/2026 22:10:30,1784153430424,-7,15/07/2026 15:10:30,269901,13,task-pkec,repeat-7r7d#1,57237405,,16361732,,complete,,,computer,Desktop or Laptop,Mac OS 10.15,Firefox 150.0,1470x956,1470x810,,,0,Phonetic categorization,25,full_List_10,pass,$${overridespreadsheet},full_List_10,155,phonetic categorization,soundplay,x8jhtp,3,info,audio started,,8.020000000018626,0,8.020000000018626,8.020000000018626,0,8.020000000018626,0,0,0,,Audio Clip,Audio,1,object-207,phonetic categorization,dill,dill_10.wav,,,dill,din,,,,expo-10ms,10,,6,labeled,,,234,,exposure,A,B,5,8.94427190999916,d-right,d,
1128,1784153430770,15/07/2026 22:10:30,1784153430770,-7,15/07/2026 15:10:30,269901,13,task-pkec,repeat-7r7d#1,57237405,,16361732,,complete,,,computer,Desktop or Laptop,Mac OS 10.15,Firefox 150.0,1470x956,1470x810,,,0,Phonetic categorization,25,full_List_10,pass,$${overridespreadsheet},full_List_10,155,phonetic categorization,soundplay,x8jhtp,3,info,audio finished,,355.0200000000186,350,355.0200000000186,355.0200000000186,350,355.0200000000186,0,0,0,,Audio Clip,Audio,1,object-207,phonetic categorization,dill,dill_10.wav,,,dill,din,,,,expo-10ms,10,,6,labeled,,,234,,exposure,A,B,5,8.94427190999916,d-right,d,
1129,1784153430770,15/07/2026 22:10:30,1784153430770,-7,15/07/2026 15:10:30,269901,13,task-pkec,repeat-7r7d#1,57237405,,16361732,,complete,,,computer,Desktop or Laptop,Mac OS 10.15,Firefox 150.0,1470x956,1470x810,,,0,Phonetic categorization,25,full_List_10,pass,$${overridespreadsheet},full_List_10,155,phonetic categorization,soundplay,x8jhtp,3,continue,,,355.0200000000186,350,355.0200000000186,355.0200000000186,350,355.0200000000186,0,0,0,,Audio Clip,Audio,1,object-207,phonetic categorization,dill,dill_10.wav,,,dill,din,,,,expo-10ms,10,,6,labeled,,,234,,exposure,A,B,5,8.94427190999916,d-right,d,
1130,1784153431220,15/07/2026 22:10:31,1784153431220,-7,15/07/2026 15:10:31,269901,13,task-pkec,repeat-7r7d#1,57237405,,16361732,,complete,,,computer,Desktop or Laptop,Mac OS 10.15,Firefox 150.0,1470x956,1470x810,,,0,Phonetic categorization,25,full_List_10,pass,$${overridespreadsheet},full_List_10,155,phonetic categorization,2AFC,6i7z8o,4,response,dill,,455.0200000000186,450,455.0200000000186,455.0200000000186,450,455.0200000000186,1,0,0,,Keyboard Response,Keyboard Response,1,object-119,phonetic categorization,dill,dill_10.wav,,,dill,din,,,,expo-10ms,10,,6,labeled,,,234,,exposure,A,B,5,8.94427190999916,d-right,d,
1131,1784153432419,15/07/2026 22:10:32,1784153432419,-7,15/07/2026 15:10:32,269901,13,task-pkec,repeat-7r7d#1,57237405,,16361732,,complete,,,computer,Desktop or Laptop,Mac OS 10.15,Firefox 150.0,1470x956,1470x810,,,0,Phonetic categorization,25,full_List_10,pass,$${overridespreadsheet},full_List_10,155,phonetic categorization,1.2 second pause,dp6plq,5,timedOut,,,1204.0200000000186,1200,1204.0200000000186,1204.0200000000186,1200,1204.0200000000186,1,0,0,,Time Limit,screen,0,screen,phonetic categorization,dill,dill_10.wav,,,dill,din,,,,expo-10ms,10,,6,labeled,,,234,,exposure,A,B,5,8.94427190999916,d-right,d,
1132,1784153432918,15/07/2026 22:10:32,1784153432918,-7,15/07/2026 15:10:32,269901,13,task-pkec,repeat-7r7d#1,57237405,,16361732,,complete,,,computer,Desktop or Laptop,Mac OS 10.15,Firefox 150.0,1470x956,1470x810,,,0,Phonetic categorization,25,full_List_10,pass,$${overridespreadsheet},full_List_10,156,phonetic categorization,fixation,99n54d,1,response,,,500,500,500,500,500,500,0,0,0,,Time Limit,screen,0,screen,phonetic categorization,till,dill_60.wav,,,till,dill,,,,expo-10ms,60,,6,unlabeled,,,234,,exposure,A,B,50,16.431676725155,d-right,t,
1133,1784153433418,15/07/2026 22:10:33,1784153433418,-7,15/07/2026 15:10:33,269901,13,task-pkec,repeat-7r7d#1,57237405,,16361732,,complete,,,computer,Desktop or Laptop,Mac OS 10.15,Firefox 150.0,1470x956,1470x810,,,0,Phonetic categorization,25,full_List_10,pass,$${overridespreadsheet},full_List_10,156,phonetic categorization,show option,yef3xk,2,response,,,500,500,500,500,500,500,1,0,0,,Time Limit,screen,0,screen,phonetic categorization,till,dill_60.wav,,,till,dill,,,,expo-10ms,60,,6,unlabeled,,,234,,exposure,A,B,50,16.431676725155,d-right,t,
1134,1784153433423,15/07/2026 22:10:33,1784153433423,-7,15/07/2026 15:10:33,269901,13,task-pkec,repeat-7r7d#1,57237405,,16361732,,complete,,,computer,Desktop or Laptop,Mac OS 10.15,Firefox 150.0,1470x956,1470x810,,,0,Phonetic categorization,25,full_List_10,pass,$${overridespreadsheet},full_List_10,156,phonetic categorization,soundplay,x8jhtp,3,info,audio started,,8.020000000018626,0,8.020000000018626,8.020000000018626,0,8.020000000018626,0,0,0,,Audio Clip,Audio,1,object-207,phonetic categorization,till,dill_60.wav,,,till,dill,,,,expo-10ms,60,,6,unlabeled,,,234,,exposure,A,B,50,16.431676725155,d-right,t,
1135,1784153433805,15/07/2026 22:10:33,1784153433805,-7,15/07/2026 15:10:33,269901,13,task-pkec,repeat-7r7d#1,57237405,,16361732,,complete,,,computer,Desktop or Laptop,Mac OS 10.15,Firefox 150.0,1470x956,1470x810,,,0,Phonetic categorization,25,full_List_10,pass,$${overridespreadsheet},full_List_10,156,phonetic categorization,soundplay,x8jhtp,3,info,audio finished,,389.0200000000186,383.3399999999674,389.0200000000186,389.0200000000186,383.3399999999674,389.0200000000186,0,0,0,,Audio Clip,Audio,1,object-207,phonetic categorization,till,dill_60.wav,,,till,dill,,,,expo-10ms,60,,6,unlabeled,,,234,,exposure,A,B,50,16.431676725155,d-right,t,
1136,1784153433806,15/07/2026 22:10:33,1784153433806,-7,15/07/2026 15:10:33,269901,13,task-pkec,repeat-7r7d#1,57237405,,16361732,,complete,,,computer,Desktop or Laptop,Mac OS 10.15,Firefox 150.0,1470x956,1470x810,,,0,Phonetic categorization,25,full_List_10,pass,$${overridespreadsheet},full_List_10,156,phonetic categorization,soundplay,x8jhtp,3,continue,,,390.0200000000186,383.3399999999674,390.0200000000186,390.0200000000186,383.3399999999674,390.0200000000186,0,0,0,,Audio Clip,Audio,1,object-207,phonetic categorization,till,dill_60.wav,,,till,dill,,,,expo-10ms,60,,6,unlabeled,,,234,,exposure,A,B,50,16.431676725155,d-right,t,
1137,1784153434222,15/07/2026 22:10:34,1784153434222,-7,15/07/2026 15:10:34,269901,13,task-pkec,repeat-7r7d#1,57237405,,16361732,,complete,,,computer,Desktop or Laptop,Mac OS 10.15,Firefox 150.0,1470x956,1470x810,,,0,Phonetic categorization,25,full_List_10,pass,$${overridespreadsheet},full_List_10,156,phonetic categorization,2AFC,6i7z8o,4,response,till,,422.6800000000512,416.6600000000326,422.6800000000512,422.6800000000512,416.6600000000326,422.6800000000512,1,0,0,,Keyboard Response,Keyboard Response,1,object-119,phonetic categorization,till,dill_60.wav,,,till,dill,,,,expo-10ms,60,,6,unlabeled,,,234,,exposure,A,B,50,16.431676725155,d-right,t,
1138,1784153435419,15/07/2026 22:10:35,1784153435419,-7,15/07/2026 15:10:35,269901,13,task-pkec,repeat-7r7d#1,57237405,,16361732,,complete,,,computer,Desktop or Laptop,Mac OS 10.15,Firefox 150.0,1470x956,1470x810,,,0,Phonetic categorization,25,full_List_10,pass,$${overridespreadsheet},full_List_10,156,phonetic categorization,1.2 second pause,dp6plq,5,timedOut,,,1203.0200000000186,1200,1203.0200000000186,1203.0200000000186,1200,1203.0200000000186,1,0,0,,Time Limit,screen,0,screen,phonetic categorization,till,dill_60.wav,,,till,dill,,,,expo-10ms,60,,6,unlabeled,,,234,,exposure,A,B,50,16.431676725155,d-right,t,
1139,1784153435916,15/07/2026 22:10:35,1784153435916,-7,15/07/2026 15:10:35,269901,13,task-pkec,repeat-7r7d#1,57237405,,16361732,,complete,,,computer,Desktop or Laptop,Mac OS 10.15,Firefox 150.0,1470x956,1470x810,,,0,Phonetic categorization,25,full_List_10,pass,$${overridespreadsheet},full_List_10,157,phonetic categorization,fixation,99n54d,1,response,,,499.7399999999907,499.7399999999907,499.7399999999907,499.7399999999907,499.7399999999907,499.7399999999907,0,0,0,,Time Limit,screen,0,screen,phonetic categorization,till,dill_80.wav,,,tin,till,,,,expo-10ms,80,,6,labeled,,,234,,exposure,A,B,50,16.431676725155,d-right,t,
1140,1784153436420,15/07/2026 22:10:36,1784153436420,-7,15/07/2026 15:10:36,269901,13,task-pkec,repeat-7r7d#1,57237405,,16361732,,complete,,,computer,Desktop or Laptop,Mac OS 10.15,Firefox 150.0,1470x956,1470x810,,,0,Phonetic categorization,25,full_List_10,pass,$${overridespreadsheet},full_List_10,157,phonetic categorization,show option,yef3xk,2,response,,,500.2600000000093,500.2600000000093,500.2600000000093,500.2600000000093,500.2600000000093,500.2600000000093,1,0,0,,Time Limit,screen,0,screen,phonetic categorization,till,dill_80.wav,,,tin,till,,,,expo-10ms,80,,6,labeled,,,234,,exposure,A,B,50,16.431676725155,d-right,t,
1141,1784153436425,15/07/2026 22:10:36,1784153436425,-7,15/07/2026 15:10:36,269901,13,task-pkec,repeat-7r7d#1,57237405,,16361732,,complete,,,computer,Desktop or Laptop,Mac OS 10.15,Firefox 150.0,1470x956,1470x810,,,0,Phonetic categorization,25,full_List_10,pass,$${overridespreadsheet},full_List_10,157,phonetic categorization,soundplay,x8jhtp,3,info,audio started,,10.020000000018626,0,10.020000000018626,10.020000000018626,0,10.020000000018626,0,0,0,,Audio Clip,Audio,1,object-207,phonetic categorization,till,dill_80.wav,,,tin,till,,,,expo-10ms,80,,6,labeled,,,234,,exposure,A,B,50,16.431676725155,d-right,t,
1142,1784153436819,15/07/2026 22:10:36,1784153436819,-7,15/07/2026 15:10:36,269901,13,task-pkec,repeat-7r7d#1,57237405,,16361732,,complete,,,computer,Desktop or Laptop,Mac OS 10.15,Firefox 150.0,1470x956,1470x810,,,0,Phonetic categorization,25,full_List_10,pass,$${overridespreadsheet},full_List_10,157,phonetic categorization,soundplay,x8jhtp,3,info,audio finished,,399.9999999998836,383.3399999999674,399.9999999998836,399.9999999998836,383.3399999999674,399.9999999998836,0,0,0,,Audio Clip,Audio,1,object-207,phonetic categorization,till,dill_80.wav,,,tin,till,,,,expo-10ms,80,,6,labeled,,,234,,exposure,A,B,50,16.431676725155,d-right,t,
1143,1784153436821,15/07/2026 22:10:36,1784153436821,-7,15/07/2026 15:10:36,269901,13,task-pkec,repeat-7r7d#1,57237405,,16361732,,complete,,,computer,Desktop or Laptop,Mac OS 10.15,Firefox 150.0,1470x956,1470x810,,,0,Phonetic categorization,25,full_List_10,pass,$${overridespreadsheet},full_List_10,157,phonetic categorization,soundplay,x8jhtp,3,continue,,,399.9999999998836,383.3399999999674,399.9999999998836,399.9999999998836,383.3399999999674,399.9999999998836,0,0,0,,Audio Clip,Audio,1,object-207,phonetic categorization,till,dill_80.wav,,,tin,till,,,,expo-10ms,80,,6,labeled,,,234,,exposure,A,B,50,16.431676725155,d-right,t,
1144,1784153437227,15/07/2026 22:10:37,1784153437227,-7,15/07/2026 15:10:37,269901,13,task-pkec,repeat-7r7d#1,57237405,,16361732,,complete,,,computer,Desktop or Laptop,Mac OS 10.15,Firefox 150.0,1470x956,1470x810,,,0,Phonetic categorization,25,full_List_10,pass,$${overridespreadsheet},full_List_10,157,phonetic categorization,2AFC,6i7z8o,4,response,till,,427.6800000000512,416.6600000000326,427.6800000000512,427.6800000000512,416.6600000000326,427.6800000000512,1,0,0,,Keyboard Response,Keyboard Response,1,object-119,phonetic categorization,till,dill_80.wav,,,tin,till,,,,expo-10ms,80,,6,labeled,,,234,,exposure,A,B,50,16.431676725155,d-right,t,
1145,1784153438415,15/07/2026 22:10:38,1784153438415,-7,15/07/2026 15:10:38,269901,13,task-pkec,repeat-7r7d#1,57237405,,16361732,,complete,,,computer,Desktop or Laptop,Mac OS 10.15,Firefox 150.0,1470x956,1470x810,,,0,Phonetic categorization,25,full_List_10,pass,$${overridespreadsheet},full_List_10,157,phonetic categorization,1.2 second pause,dp6plq,5,timedOut,,,1201.0200000000186,1200,1201.0200000000186,1201.0200000000186,1200,1201.0200000000186,1,0,0,,Time Limit,screen,0,screen,phonetic categorization,till,dill_80.wav,,,tin,till,,,,expo-10ms,80,,6,labeled,,,234,,exposure,A,B,50,16.431676725155,d-right,t,
1146,1784153438918,15/07/2026 22:10:38,1784153438918,-7,15/07/2026 15:10:38,269901,13,task-pkec,repeat-7r7d#1,57237405,,16361732,,complete,,,computer,Desktop or Laptop,Mac OS 10.15,Firefox 150.0,1470x956,1470x810,,,0,Phonetic categorization,25,full_List_10,pass,$${overridespreadsheet},full_List_10,158,phonetic categorization,fixation,99n54d,1,response,,,500,500,500,500,500,500,0,0,0,,Time Limit,screen,0,screen,phonetic categorization,dip,dip_15.wav,,,tip,dip,,,,expo-10ms,15,,6,unlabeled,,,234,,exposure,A,B,5,8.94427190999916,d-right,d,
1147,1784153439419,15/07/2026 22:10:39,1784153439419,-7,15/07/2026 15:10:39,269901,13,task-pkec,repeat-7r7d#1,57237405,,16361732,,complete,,,computer,Desktop or Laptop,Mac OS 10.15,Firefox 150.0,1470x956,1470x810,,,0,Phonetic categorization,25,full_List_10,pass,$${overridespreadsheet},full_List_10,158,phonetic categorization,show option,yef3xk,2,response,,,500,500,500,500,500,500,1,0,0,,Time Limit,screen,0,screen,phonetic categorization,dip,dip_15.wav,,,tip,dip,,,,expo-10ms,15,,6,unlabeled,,,234,,exposure,A,B,5,8.94427190999916,d-right,d,
1148,1784153439424,15/07/2026 22:10:39,1784153439424,-7,15/07/2026 15:10:39,269901,13,task-pkec,repeat-7r7d#1,57237405,,16361732,,complete,,,computer,Desktop or Laptop,Mac OS 10.15,Firefox 150.0,1470x956,1470x810,,,0,Phonetic categorization,25,full_List_10,pass,$${overridespreadsheet},full_List_10,158,phonetic categorization,soundplay,x8jhtp,3,info,audio started,,8.020000000018626,0,8.020000000018626,8.020000000018626,0,8.020000000018626,0,0,0,,Audio Clip,Audio,1,object-207,phonetic categorization,dip,dip_15.wav,,,tip,dip,,,,expo-10ms,15,,6,unlabeled,,,234,,exposure,A,B,5,8.94427190999916,d-right,d,
1149,1784153439833,15/07/2026 22:10:39,1784153439833,-7,15/07/2026 15:10:39,269901,13,task-pkec,repeat-7r7d#1,57237405,,16361732,,complete,,,computer,Desktop or Laptop,Mac OS 10.15,Firefox 150.0,1470x956,1470x810,,,0,Phonetic categorization,25,full_List_10,pass,$${overridespreadsheet},full_List_10,158,phonetic categorization,soundplay,x8jhtp,3,info,audio finished,,416.6600000000326,400,416.6600000000326,416.6600000000326,400,416.6600000000326,0,0,0,,Audio Clip,Audio,1,object-207,phonetic categorization,dip,dip_15.wav,,,tip,dip,,,,expo-10ms,15,,6,unlabeled,,,234,,exposure,A,B,5,8.94427190999916,d-right,d,
1150,1784153439834,15/07/2026 22:10:39,1784153439834,-7,15/07/2026 15:10:39,269901,13,task-pkec,repeat-7r7d#1,57237405,,16361732,,complete,,,computer,Desktop or Laptop,Mac OS 10.15,Firefox 150.0,1470x956,1470x810,,,0,Phonetic categorization,25,full_List_10,pass,$${overridespreadsheet},full_List_10,158,phonetic categorization,soundplay,x8jhtp,3,continue,,,416.6600000000326,400,416.6600000000326,416.6600000000326,400,416.6600000000326,0,0,0,,Audio Clip,Audio,1,object-207,phonetic categorization,dip,dip_15.wav,,,tip,dip,,,,expo-10ms,15,,6,unlabeled,,,234,,exposure,A,B,5,8.94427190999916,d-right,d,
1151,1784153440115,15/07/2026 22:10:40,1784153440115,-7,15/07/2026 15:10:40,269901,13,task-pkec,repeat-7r7d#1,57237405,,16361732,,complete,,,computer,Desktop or Laptop,Mac OS 10.15,Firefox 150.0,1470x956,1470x810,,,0,Phonetic categorization,25,full_List_10,pass,$${overridespreadsheet},full_List_10,158,phonetic categorization,2AFC,6i7z8o,4,response,dip,,299.0200000000186,283.3399999999674,299.0200000000186,299.0200000000186,283.3399999999674,299.0200000000186,1,0,0,,Keyboard Response,Keyboard Response,1,object-119,phonetic categorization,dip,dip_15.wav,,,tip,dip,,,,expo-10ms,15,,6,unlabeled,,,234,,exposure,A,B,5,8.94427190999916,d-right,d,
1152,1784153441303,15/07/2026 22:10:41,1784153441303,-7,15/07/2026 15:10:41,269901,13,task-pkec,repeat-7r7d#1,57237405,,16361732,,complete,,,computer,Desktop or Laptop,Mac OS 10.15,Firefox 150.0,1470x956,1470x810,,,0,Phonetic categorization,25,full_List_10,pass,$${overridespreadsheet},full_List_10,158,phonetic categorization,1.2 second pause,dp6plq,5,timedOut,,,1202.6800000000512,1200,1202.6800000000512,1202.6800000000512,1200,1202.6800000000512,1,0,0,,Time Limit,screen,0,screen,phonetic categorization,dip,dip_15.wav,,,tip,dip,,,,expo-10ms,15,,6,unlabeled,,,234,,exposure,A,B,5,8.94427190999916,d-right,d,
1153,1784153441802,15/07/2026 22:10:41,1784153441802,-7,15/07/2026 15:10:41,269901,13,task-pkec,repeat-7r7d#1,57237405,,16361732,,complete,,,computer,Desktop or Laptop,Mac OS 10.15,Firefox 150.0,1470x956,1470x810,,,0,Phonetic categorization,25,full_List_10,pass,$${overridespreadsheet},full_List_10,159,phonetic categorization,fixation,99n54d,1,response,,,500,500,500,500,500,500,0,0,0,,Time Limit,screen,0,screen,phonetic categorization,din,din_25.wav,,,tin,din,,,,expo-10ms,25,,6,unlabeled,,,234,,exposure,A,B,5,8.94427190999916,d-right,d,
1154,1784153442302,15/07/2026 22:10:42,1784153442302,-7,15/07/2026 15:10:42,269901,13,task-pkec,repeat-7r7d#1,57237405,,16361732,,complete,,,computer,Desktop or Laptop,Mac OS 10.15,Firefox 150.0,1470x956,1470x810,,,0,Phonetic categorization,25,full_List_10,pass,$${overridespreadsheet},full_List_10,159,phonetic categorization,show option,yef3xk,2,response,,,500,500,500,500,500,500,1,0,0,,Time Limit,screen,0,screen,phonetic categorization,din,din_25.wav,,,tin,din,,,,expo-10ms,25,,6,unlabeled,,,234,,exposure,A,B,5,8.94427190999916,d-right,d,
1155,1784153442308,15/07/2026 22:10:42,1784153442308,-7,15/07/2026 15:10:42,269901,13,task-pkec,repeat-7r7d#1,57237405,,16361732,,complete,,,computer,Desktop or Laptop,Mac OS 10.15,Firefox 150.0,1470x956,1470x810,,,0,Phonetic categorization,25,full_List_10,pass,$${overridespreadsheet},full_List_10,159,phonetic categorization,soundplay,x8jhtp,3,info,audio started,,9.680000000051223,0,9.680000000051223,9.680000000051223,0,9.680000000051223,0,0,0,,Audio Clip,Audio,1,object-207,phonetic categorization,din,din_25.wav,,,tin,din,,,,expo-10ms,25,,6,unlabeled,,,234,,exposure,A,B,5,8.94427190999916,d-right,d,
1156,1784153442652,15/07/2026 22:10:42,1784153442652,-7,15/07/2026 15:10:42,269901,13,task-pkec,repeat-7r7d#1,57237405,,16361732,,complete,,,computer,Desktop or Laptop,Mac OS 10.15,Firefox 150.0,1470x956,1470x810,,,0,Phonetic categorization,25,full_List_10,pass,$${overridespreadsheet},full_List_10,159,phonetic categorization,soundplay,x8jhtp,3,info,audio finished,,353.6800000000512,350,353.6800000000512,353.6800000000512,350,353.6800000000512,0,0,0,,Audio Clip,Audio,1,object-207,phonetic categorization,din,din_25.wav,,,tin,din,,,,expo-10ms,25,,6,unlabeled,,,234,,exposure,A,B,5,8.94427190999916,d-right,d,
1157,1784153442653,15/07/2026 22:10:42,1784153442653,-7,15/07/2026 15:10:42,269901,13,task-pkec,repeat-7r7d#1,57237405,,16361732,,complete,,,computer,Desktop or Laptop,Mac OS 10.15,Firefox 150.0,1470x956,1470x810,,,0,Phonetic categorization,25,full_List_10,pass,$${overridespreadsheet},full_List_10,159,phonetic categorization,soundplay,x8jhtp,3,continue,,,355.6800000000512,350,355.6800000000512,355.6800000000512,350,355.6800000000512,0,0,0,,Audio Clip,Audio,1,object-207,phonetic categorization,din,din_25.wav,,,tin,din,,,,expo-10ms,25,,6,unlabeled,,,234,,exposure,A,B,5,8.94427190999916,d-right,d,
1158,1784153443120,15/07/2026 22:10:43,1784153443120,-7,15/07/2026 15:10:43,269901,13,task-pkec,repeat-7r7d#1,57237405,,16361732,,complete,,,computer,Desktop or Laptop,Mac OS 10.15,Firefox 150.0,1470x956,1470x810,,,0,Phonetic categorization,25,full_List_10,pass,$${overridespreadsheet},full_List_10,159,phonetic categorization,2AFC,6i7z8o,4,response,din,,470.6800000000512,466.6600000000326,470.6800000000512,470.6800000000512,466.6600000000326,470.6800000000512,1,0,0,,Keyboard Response,Keyboard Response,1,object-119,phonetic categorization,din,din_25.wav,,,tin,din,,,,expo-10ms,25,,6,unlabeled,,,234,,exposure,A,B,5,8.94427190999916,d-right,d,
1159,1784153444319,15/07/2026 22:10:44,1784153444319,-7,15/07/2026 15:10:44,269901,13,task-pkec,repeat-7r7d#1,57237405,,16361732,,complete,,,computer,Desktop or Laptop,Mac OS 10.15,Firefox 150.0,1470x956,1470x810,,,0,Phonetic categorization,25,full_List_10,pass,$${overridespreadsheet},full_List_10,159,phonetic categorization,1.2 second pause,dp6plq,5,timedOut,,,1203.0200000000186,1200,1203.0200000000186,1203.0200000000186,1200,1203.0200000000186,1,0,0,,Time Limit,screen,0,screen,phonetic categorization,din,din_25.wav,,,tin,din,,,,expo-10ms,25,,6,unlabeled,,,234,,exposure,A,B,5,8.94427190999916,d-right,d,
1160,1784153444816,15/07/2026 22:10:44,1784153444816,-7,15/07/2026 15:10:44,269901,13,task-pkec,repeat-7r7d#1,57237405,,16361732,,complete,,,computer,Desktop or Laptop,Mac OS 10.15,Firefox 150.0,1470x956,1470x810,,,0,Phonetic categorization,25,full_List_10,pass,$${overridespreadsheet},full_List_10,160,phonetic categorization,fixation,99n54d,1,response,,,499.9200000000419,499.9200000000419,499.9200000000419,499.9200000000419,499.9200000000419,499.9200000000419,0,0,0,,Time Limit,screen,0,screen,phonetic categorization,tip,dip_80.wav,,,tip,tin,,,,expo-10ms,80,,6,labeled,,,234,,exposure,A,B,50,16.431676725155,d-right,t,
1161,1784153445317,15/07/2026 22:10:45,1784153445317,-7,15/07/2026 15:10:45,269901,13,task-pkec,repeat-7r7d#1,57237405,,16361732,,complete,,,computer,Desktop or Laptop,Mac OS 10.15,Firefox 150.0,1470x956,1470x810,,,0,Phonetic categorization,25,full_List_10,pass,$${overridespreadsheet},full_List_10,160,phonetic categorization,show option,yef3xk,2,response,,,500.0799999999581,500.0799999999581,500.0799999999581,500.0799999999581,500.0799999999581,500.0799999999581,1,0,0,,Time Limit,screen,0,screen,phonetic categorization,tip,dip_80.wav,,,tip,tin,,,,expo-10ms,80,,6,labeled,,,234,,exposure,A,B,50,16.431676725155,d-right,t,
1162,1784153445323,15/07/2026 22:10:45,1784153445323,-7,15/07/2026 15:10:45,269901,13,task-pkec,repeat-7r7d#1,57237405,,16361732,,complete,,,computer,Desktop or Laptop,Mac OS 10.15,Firefox 150.0,1470x956,1470x810,,,0,Phonetic categorization,25,full_List_10,pass,$${overridespreadsheet},full_List_10,160,phonetic categorization,soundplay,x8jhtp,3,info,audio started,,8.020000000018626,0,8.020000000018626,8.020000000018626,0,8.020000000018626,0,0,0,,Audio Clip,Audio,1,object-207,phonetic categorization,tip,dip_80.wav,,,tip,tin,,,,expo-10ms,80,,6,labeled,,,234,,exposure,A,B,50,16.431676725155,d-right,t,
1163,1784153445775,15/07/2026 22:10:45,1784153445775,-7,15/07/2026 15:10:45,269901,13,task-pkec,repeat-7r7d#1,57237405,,16361732,,complete,,,computer,Desktop or Laptop,Mac OS 10.15,Firefox 150.0,1470x956,1470x810,,,0,Phonetic categorization,25,full_List_10,pass,$${overridespreadsheet},full_List_10,160,phonetic categorization,soundplay,x8jhtp,3,info,audio finished,,459.0200000000186,450,459.0200000000186,459.0200000000186,450,459.0200000000186,0,0,0,,Audio Clip,Audio,1,object-207,phonetic categorization,tip,dip_80.wav,,,tip,tin,,,,expo-10ms,80,,6,labeled,,,234,,exposure,A,B,50,16.431676725155,d-right,t,
1164,1784153445775,15/07/2026 22:10:45,1784153445775,-7,15/07/2026 15:10:45,269901,13,task-pkec,repeat-7r7d#1,57237405,,16361732,,complete,,,computer,Desktop or Laptop,Mac OS 10.15,Firefox 150.0,1470x956,1470x810,,,0,Phonetic categorization,25,full_List_10,pass,$${overridespreadsheet},full_List_10,160,phonetic categorization,soundplay,x8jhtp,3,continue,,,460.0200000000186,450,460.0200000000186,460.0200000000186,450,460.0200000000186,0,0,0,,Audio Clip,Audio,1,object-207,phonetic categorization,tip,dip_80.wav,,,tip,tin,,,,expo-10ms,80,,6,labeled,,,234,,exposure,A,B,50,16.431676725155,d-right,t,
1165,1784153445933,15/07/2026 22:10:45,1784153445933,-7,15/07/2026 15:10:45,269901,13,task-pkec,repeat-7r7d#1,57237405,,16361732,,complete,,,computer,Desktop or Laptop,Mac OS 10.15,Firefox 150.0,1470x956,1470x810,,,0,Phonetic categorization,25,full_List_10,pass,$${overridespreadsheet},full_List_10,160,phonetic categorization,2AFC,6i7z8o,4,response,tip,,166.6600000000326,150,166.6600000000326,166.6600000000326,150,166.6600000000326,1,0,0,,Keyboard Response,Keyboard Response,1,object-119,phonetic categorization,tip,dip_80.wav,,,tip,tin,,,,expo-10ms,80,,6,labeled,,,234,,exposure,A,B,50,16.431676725155,d-right,t,
1166,1784153447119,15/07/2026 22:10:47,1784153447119,-7,15/07/2026 15:10:47,269901,13,task-pkec,repeat-7r7d#1,57237405,,16361732,,complete,,,computer,Desktop or Laptop,Mac OS 10.15,Firefox 150.0,1470x956,1470x810,,,0,Phonetic categorization,25,full_List_10,pass,$${overridespreadsheet},full_List_10,160,phonetic categorization,1.2 second pause,dp6plq,5,timedOut,,,1201.0200000000186,1200,1201.0200000000186,1201.0200000000186,1200,1201.0200000000186,1,0,0,,Time Limit,screen,0,screen,phonetic categorization,tip,dip_80.wav,,,tip,tin,,,,expo-10ms,80,,6,labeled,,,234,,exposure,A,B,50,16.431676725155,d-right,t,
1167,1784153447618,15/07/2026 22:10:47,1784153447618,-7,15/07/2026 15:10:47,269901,13,task-pkec,repeat-7r7d#1,57237405,,16361732,,complete,,,computer,Desktop or Laptop,Mac OS 10.15,Firefox 150.0,1470x956,1470x810,,,0,Phonetic categorization,25,full_List_10,pass,$${overridespreadsheet},full_List_10,161,phonetic categorization,fixation,99n54d,1,response,,,500,500,500,500,500,500,0,0,0,,Time Limit,screen,0,screen,phonetic categorization,tin,din_45.wav,,,till,tin,,,,expo-10ms,45,,6,labeled,,,234,,exposure,A,B,50,16.431676725155,d-right,t,
1168,1784153448116,15/07/2026 22:10:48,1784153448116,-7,15/07/2026 15:10:48,269901,13,task-pkec,repeat-7r7d#1,57237405,,16361732,,complete,,,computer,Desktop or Laptop,Mac OS 10.15,Firefox 150.0,1470x956,1470x810,,,0,Phonetic categorization,25,full_List_10,pass,$${overridespreadsheet},full_List_10,161,phonetic categorization,show option,yef3xk,2,response,,,500,500,500,500,500,500,1,0,0,,Time Limit,screen,0,screen,phonetic categorization,tin,din_45.wav,,,till,tin,,,,expo-10ms,45,,6,labeled,,,234,,exposure,A,B,50,16.431676725155,d-right,t,
1169,1784153448121,15/07/2026 22:10:48,1784153448121,-7,15/07/2026 15:10:48,269901,13,task-pkec,repeat-7r7d#1,57237405,,16361732,,complete,,,computer,Desktop or Laptop,Mac OS 10.15,Firefox 150.0,1470x956,1470x810,,,0,Phonetic categorization,25,full_List_10,pass,$${overridespreadsheet},full_List_10,161,phonetic categorization,soundplay,x8jhtp,3,info,audio started,,6.0200000000186265,0,6.0200000000186265,6.0200000000186265,0,6.0200000000186265,0,0,0,,Audio Clip,Audio,1,object-207,phonetic categorization,tin,din_45.wav,,,till,tin,,,,expo-10ms,45,,6,labeled,,,234,,exposure,A,B,50,16.431676725155,d-right,t,
1170,1784153448480,15/07/2026 22:10:48,1784153448480,-7,15/07/2026 15:10:48,269901,13,task-pkec,repeat-7r7d#1,57237405,,16361732,,complete,,,computer,Desktop or Laptop,Mac OS 10.15,Firefox 150.0,1470x956,1470x810,,,0,Phonetic categorization,25,full_List_10,pass,$${overridespreadsheet},full_List_10,161,phonetic categorization,soundplay,x8jhtp,3,info,audio finished,,364.0200000000186,349.95999999996275,364.0200000000186,364.0200000000186,349.95999999996275,364.0200000000186,0,0,0,,Audio Clip,Audio,1,object-207,phonetic categorization,tin,din_45.wav,,,till,tin,,,,expo-10ms,45,,6,labeled,,,234,,exposure,A,B,50,16.431676725155,d-right,t,
1171,1784153448480,15/07/2026 22:10:48,1784153448480,-7,15/07/2026 15:10:48,269901,13,task-pkec,repeat-7r7d#1,57237405,,16361732,,complete,,,computer,Desktop or Laptop,Mac OS 10.15,Firefox 150.0,1470x956,1470x810,,,0,Phonetic categorization,25,full_List_10,pass,$${overridespreadsheet},full_List_10,161,phonetic categorization,soundplay,x8jhtp,3,continue,,,365.0200000000186,349.95999999996275,365.0200000000186,365.0200000000186,349.95999999996275,365.0200000000186,0,0,0,,Audio Clip,Audio,1,object-207,phonetic categorization,tin,din_45.wav,,,till,tin,,,,expo-10ms,45,,6,labeled,,,234,,exposure,A,B,50,16.431676725155,d-right,t,
1172,1784153448848,15/07/2026 22:10:48,1784153448848,-7,15/07/2026 15:10:48,269901,13,task-pkec,repeat-7r7d#1,57237405,,16361732,,complete,,,computer,Desktop or Laptop,Mac OS 10.15,Firefox 150.0,1470x956,1470x810,,,0,Phonetic categorization,25,full_List_10,pass,$${overridespreadsheet},full_List_10,161,phonetic categorization,2AFC,6i7z8o,4,response,tin,,383.0600000000559,366.6600000000326,383.0600000000559,383.0600000000559,366.6600000000326,383.0600000000559,1,0,0,,Keyboard Response,Keyboard Response,1,object-119,phonetic categorization,tin,din_45.wav,,,till,tin,,,,expo-10ms,45,,6,labeled,,,234,,exposure,A,B,50,16.431676725155,d-right,t,
1173,1784153450036,15/07/2026 22:10:50,1784153450036,-7,15/07/2026 15:10:50,269901,13,task-pkec,repeat-7r7d#1,57237405,,16361732,,complete,,,computer,Desktop or Laptop,Mac OS 10.15,Firefox 150.0,1470x956,1470x810,,,0,Phonetic categorization,25,full_List_10,pass,$${overridespreadsheet},full_List_10,161,phonetic categorization,1.2 second pause,dp6plq,5,timedOut,,,1202.4000000000233,1200,1202.4000000000233,1202.4000000000233,1200,1202.4000000000233,1,0,0,,Time Limit,screen,0,screen,phonetic categorization,tin,din_45.wav,,,till,tin,,,,expo-10ms,45,,6,labeled,,,234,,exposure,A,B,50,16.431676725155,d-right,t,
1174,1784153450536,15/07/2026 22:10:50,1784153450536,-7,15/07/2026 15:10:50,269901,13,task-pkec,repeat-7r7d#1,57237405,,16361732,,complete,,,computer,Desktop or Laptop,Mac OS 10.15,Firefox 150.0,1470x956,1470x810,,,0,Phonetic categorization,25,full_List_10,pass,$${overridespreadsheet},full_List_10,162,phonetic categorization,fixation,99n54d,1,response,,,500,500,500,500,500,500,0,0,0,,Time Limit,screen,0,screen,phonetic categorization,din,din_5.wav,,,din,dill,,,,expo-10ms,5,,6,labeled,,,234,,exposure,A,B,5,8.94427190999916,d-right,d,
1175,1784153451035,15/07/2026 22:10:51,1784153451035,-7,15/07/2026 15:10:51,269901,13,task-pkec,repeat-7r7d#1,57237405,,16361732,,complete,,,computer,Desktop or Laptop,Mac OS 10.15,Firefox 150.0,1470x956,1470x810,,,0,Phonetic categorization,25,full_List_10,pass,$${overridespreadsheet},full_List_10,162,phonetic categorization,show option,yef3xk,2,response,,,500,500,500,500,500,500,1,0,0,,Time Limit,screen,0,screen,phonetic categorization,din,din_5.wav,,,din,dill,,,,expo-10ms,5,,6,labeled,,,234,,exposure,A,B,5,8.94427190999916,d-right,d,
1176,1784153451042,15/07/2026 22:10:51,1784153451042,-7,15/07/2026 15:10:51,269901,13,task-pkec,repeat-7r7d#1,57237405,,16361732,,complete,,,computer,Desktop or Laptop,Mac OS 10.15,Firefox 150.0,1470x956,1470x810,,,0,Phonetic categorization,25,full_List_10,pass,$${overridespreadsheet},full_List_10,162,phonetic categorization,soundplay,x8jhtp,3,info,audio started,,9.400000000023283,0,9.400000000023283,9.400000000023283,0,9.400000000023283,0,0,0,,Audio Clip,Audio,1,object-207,phonetic categorization,din,din_5.wav,,,din,dill,,,,expo-10ms,5,,6,labeled,,,234,,exposure,A,B,5,8.94427190999916,d-right,d,
1177,1784153451368,15/07/2026 22:10:51,1784153451368,-7,15/07/2026 15:10:51,269901,13,task-pkec,repeat-7r7d#1,57237405,,16361732,,complete,,,computer,Desktop or Laptop,Mac OS 10.15,Firefox 150.0,1470x956,1470x810,,,0,Phonetic categorization,25,full_List_10,pass,$${overridespreadsheet},full_List_10,162,phonetic categorization,soundplay,x8jhtp,3,info,audio finished,,335.4000000000233,332.7600000000093,335.4000000000233,335.4000000000233,332.7600000000093,335.4000000000233,0,0,0,,Audio Clip,Audio,1,object-207,phonetic categorization,din,din_5.wav,,,din,dill,,,,expo-10ms,5,,6,labeled,,,234,,exposure,A,B,5,8.94427190999916,d-right,d,
1178,1784153451368,15/07/2026 22:10:51,1784153451368,-7,15/07/2026 15:10:51,269901,13,task-pkec,repeat-7r7d#1,57237405,,16361732,,complete,,,computer,Desktop or Laptop,Mac OS 10.15,Firefox 150.0,1470x956,1470x810,,,0,Phonetic categorization,25,full_List_10,pass,$${overridespreadsheet},full_List_10,162,phonetic categorization,soundplay,x8jhtp,3,continue,,,336.4000000000233,332.7600000000093,336.4000000000233,336.4000000000233,332.7600000000093,336.4000000000233,0,0,0,,Audio Clip,Audio,1,object-207,phonetic categorization,din,din_5.wav,,,din,dill,,,,expo-10ms,5,,6,labeled,,,234,,exposure,A,B,5,8.94427190999916,d-right,d,
1179,1784153452060,15/07/2026 22:10:52,1784153452060,-7,15/07/2026 15:10:52,269901,13,task-pkec,repeat-7r7d#1,57237405,,16361732,,complete,,,computer,Desktop or Laptop,Mac OS 10.15,Firefox 150.0,1470x956,1470x810,,,0,Phonetic categorization,25,full_List_10,pass,$${overridespreadsheet},full_List_10,162,phonetic categorization,2AFC,6i7z8o,4,response,din,,693.640000000014,683.9200000000419,693.640000000014,693.640000000014,683.9200000000419,693.640000000014,1,0,0,,Keyboard Response,Keyboard Response,1,object-119,phonetic categorization,din,din_5.wav,,,din,dill,,,,expo-10ms,5,,6,labeled,,,234,,exposure,A,B,5,8.94427190999916,d-right,d,
1180,1784153453252,15/07/2026 22:10:53,1784153453252,-7,15/07/2026 15:10:53,269901,13,task-pkec,repeat-7r7d#1,57237405,,16361732,,complete,,,computer,Desktop or Laptop,Mac OS 10.15,Firefox 150.0,1470x956,1470x810,,,0,Phonetic categorization,25,full_List_10,pass,$${overridespreadsheet},full_List_10,162,phonetic categorization,1.2 second pause,dp6plq,5,timedOut,,,1203.719999999972,1200,1203.719999999972,1203.719999999972,1200,1203.719999999972,1,0,0,,Time Limit,screen,0,screen,phonetic categorization,din,din_5.wav,,,din,dill,,,,expo-10ms,5,,6,labeled,,,234,,exposure,A,B,5,8.94427190999916,d-right,d,
1181,1784153453752,15/07/2026 22:10:53,1784153453752,-7,15/07/2026 15:10:53,269901,13,task-pkec,repeat-7r7d#1,57237405,,16361732,,complete,,,computer,Desktop or Laptop,Mac OS 10.15,Firefox 150.0,1470x956,1470x810,,,0,Phonetic categorization,25,full_List_10,pass,$${overridespreadsheet},full_List_10,163,phonetic categorization,fixation,99n54d,1,response,,,500,500,500,500,500,500,0,0,0,,Time Limit,screen,0,screen,phonetic categorization,tin,din_55.wav,,,tin,din,,,,expo-10ms,55,,6,unlabeled,,,234,,exposure,A,B,50,16.431676725155,d-right,t,
1182,1784153454251,15/07/2026 22:10:54,1784153454251,-7,15/07/2026 15:10:54,269901,13,task-pkec,repeat-7r7d#1,57237405,,16361732,,complete,,,computer,Desktop or Laptop,Mac OS 10.15,Firefox 150.0,1470x956,1470x810,,,0,Phonetic categorization,25,full_List_10,pass,$${overridespreadsheet},full_List_10,163,phonetic categorization,show option,yef3xk,2,response,,,500,500,500,500,500,500,1,0,0,,Time Limit,screen,0,screen,phonetic categorization,tin,din_55.wav,,,tin,din,,,,expo-10ms,55,,6,unlabeled,,,234,,exposure,A,B,50,16.431676725155,d-right,t,
1183,1784153454257,15/07/2026 22:10:54,1784153454257,-7,15/07/2026 15:10:54,269901,13,task-pkec,repeat-7r7d#1,57237405,,16361732,,complete,,,computer,Desktop or Laptop,Mac OS 10.15,Firefox 150.0,1470x956,1470x810,,,0,Phonetic categorization,25,full_List_10,pass,$${overridespreadsheet},full_List_10,163,phonetic categorization,soundplay,x8jhtp,3,info,audio started,,7.71999999997206,0,7.71999999997206,7.71999999997206,0,7.71999999997206,0,0,0,,Audio Clip,Audio,1,object-207,phonetic categorization,tin,din_55.wav,,,tin,din,,,,expo-10ms,55,,6,unlabeled,,,234,,exposure,A,B,50,16.431676725155,d-right,t,
1184,1784153454621,15/07/2026 22:10:54,1784153454621,-7,15/07/2026 15:10:54,269901,13,task-pkec,repeat-7r7d#1,57237405,,16361732,,complete,,,computer,Desktop or Laptop,Mac OS 10.15,Firefox 150.0,1470x956,1470x810,,,0,Phonetic categorization,25,full_List_10,pass,$${overridespreadsheet},full_List_10,163,phonetic categorization,soundplay,x8jhtp,3,info,audio finished,,372.71999999997206,366.6599999999162,372.71999999997206,372.71999999997206,366.6599999999162,372.71999999997206,0,0,0,,Audio Clip,Audio,1,object-207,phonetic categorization,tin,din_55.wav,,,tin,din,,,,expo-10ms,55,,6,unlabeled,,,234,,exposure,A,B,50,16.431676725155,d-right,t,
1185,1784153454622,15/07/2026 22:10:54,1784153454622,-7,15/07/2026 15:10:54,269901,13,task-pkec,repeat-7r7d#1,57237405,,16361732,,complete,,,computer,Desktop or Laptop,Mac OS 10.15,Firefox 150.0,1470x956,1470x810,,,0,Phonetic categorization,25,full_List_10,pass,$${overridespreadsheet},full_List_10,163,phonetic categorization,soundplay,x8jhtp,3,continue,,,373.71999999997206,366.6599999999162,373.71999999997206,373.71999999997206,366.6599999999162,373.71999999997206,0,0,0,,Audio Clip,Audio,1,object-207,phonetic categorization,tin,din_55.wav,,,tin,din,,,,expo-10ms,55,,6,unlabeled,,,234,,exposure,A,B,50,16.431676725155,d-right,t,
1186,1784153454990,15/07/2026 22:10:54,1784153454990,-7,15/07/2026 15:10:54,269901,13,task-pkec,repeat-7r7d#1,57237405,,16361732,,complete,,,computer,Desktop or Laptop,Mac OS 10.15,Firefox 150.0,1470x956,1470x810,,,0,Phonetic categorization,25,full_List_10,pass,$${overridespreadsheet},full_List_10,163,phonetic categorization,2AFC,6i7z8o,4,response,tin,,373.0600000000559,366.6600000000326,373.0600000000559,373.0600000000559,366.6600000000326,373.0600000000559,1,0,0,,Keyboard Response,Keyboard Response,1,object-119,phonetic categorization,tin,din_55.wav,,,tin,din,,,,expo-10ms,55,,6,unlabeled,,,234,,exposure,A,B,50,16.431676725155,d-right,t,
1187,1784153456186,15/07/2026 22:10:56,1784153456186,-7,15/07/2026 15:10:56,269901,13,task-pkec,repeat-7r7d#1,57237405,,16361732,,complete,,,computer,Desktop or Laptop,Mac OS 10.15,Firefox 150.0,1470x956,1470x810,,,0,Phonetic categorization,25,full_List_10,pass,$${overridespreadsheet},full_List_10,163,phonetic categorization,1.2 second pause,dp6plq,5,timedOut,,,1204.4000000000233,1200,1204.4000000000233,1204.4000000000233,1200,1204.4000000000233,1,0,0,,Time Limit,screen,0,screen,phonetic categorization,tin,din_55.wav,,,tin,din,,,,expo-10ms,55,,6,unlabeled,,,234,,exposure,A,B,50,16.431676725155,d-right,t,
1188,1784153456687,15/07/2026 22:10:56,1784153456687,-7,15/07/2026 15:10:56,269901,13,task-pkec,repeat-7r7d#1,57237405,,16361732,,complete,,,computer,Desktop or Laptop,Mac OS 10.15,Firefox 150.0,1470x956,1470x810,,,0,Phonetic categorization,25,full_List_10,pass,$${overridespreadsheet},full_List_10,164,phonetic categorization,fixation,99n54d,1,response,,,500,500,500,500,500,500,0,0,0,,Time Limit,screen,0,screen,phonetic categorization,share,share.wav,,,rare,share,,,,expo-10ms,,,6,,,,234,,catch,A,B,,,d-right,,
1189,1784153457184,15/07/2026 22:10:57,1784153457184,-7,15/07/2026 15:10:57,269901,13,task-pkec,repeat-7r7d#1,57237405,,16361732,,complete,,,computer,Desktop or Laptop,Mac OS 10.15,Firefox 150.0,1470x956,1470x810,,,0,Phonetic categorization,25,full_List_10,pass,$${overridespreadsheet},full_List_10,164,phonetic categorization,show option,yef3xk,2,response,,,500,500,500,500,500,500,1,0,0,,Time Limit,screen,0,screen,phonetic categorization,share,share.wav,,,rare,share,,,,expo-10ms,,,6,,,,234,,catch,A,B,,,d-right,,
1190,1784153457190,15/07/2026 22:10:57,1784153457190,-7,15/07/2026 15:10:57,269901,13,task-pkec,repeat-7r7d#1,57237405,,16361732,,complete,,,computer,Desktop or Laptop,Mac OS 10.15,Firefox 150.0,1470x956,1470x810,,,0,Phonetic categorization,25,full_List_10,pass,$${overridespreadsheet},full_List_10,164,phonetic categorization,soundplay,x8jhtp,3,info,audio started,,8.400000000023283,0,8.400000000023283,8.400000000023283,0,8.400000000023283,0,0,0,,Audio Clip,Audio,1,object-207,phonetic categorization,share,share.wav,,,rare,share,,,,expo-10ms,,,6,,,,234,,catch,A,B,,,d-right,,
1191,1784153457742,15/07/2026 22:10:57,1784153457742,-7,15/07/2026 15:10:57,269901,13,task-pkec,repeat-7r7d#1,57237405,,16361732,,complete,,,computer,Desktop or Laptop,Mac OS 10.15,Firefox 150.0,1470x956,1470x810,,,0,Phonetic categorization,25,full_List_10,pass,$${overridespreadsheet},full_List_10,164,phonetic categorization,soundplay,x8jhtp,3,info,audio finished,,560.4000000000233,550,560.4000000000233,560.4000000000233,550,560.4000000000233,0,0,0,,Audio Clip,Audio,1,object-207,phonetic categorization,share,share.wav,,,rare,share,,,,expo-10ms,,,6,,,,234,,catch,A,B,,,d-right,,
1192,1784153457743,15/07/2026 22:10:57,1784153457743,-7,15/07/2026 15:10:57,269901,13,task-pkec,repeat-7r7d#1,57237405,,16361732,,complete,,,computer,Desktop or Laptop,Mac OS 10.15,Firefox 150.0,1470x956,1470x810,,,0,Phonetic categorization,25,full_List_10,pass,$${overridespreadsheet},full_List_10,164,phonetic categorization,soundplay,x8jhtp,3,continue,,,561.4000000000233,550,561.4000000000233,561.4000000000233,550,561.4000000000233,0,0,0,,Audio Clip,Audio,1,object-207,phonetic categorization,share,share.wav,,,rare,share,,,,expo-10ms,,,6,,,,234,,catch,A,B,,,d-right,,
1193,1784153457870,15/07/2026 22:10:57,1784153457870,-7,15/07/2026 15:10:57,269901,13,task-pkec,repeat-7r7d#1,57237405,,16361732,,complete,,,computer,Desktop or Laptop,Mac OS 10.15,Firefox 150.0,1470x956,1470x810,,,0,Phonetic categorization,25,full_List_10,pass,$${overridespreadsheet},full_List_10,164,phonetic categorization,2AFC,6i7z8o,4,response,share,,137.40000000002328,133.3399999999674,137.40000000002328,137.40000000002328,133.3399999999674,137.40000000002328,1,0,0,,Keyboard Response,Keyboard Response,1,object-119,phonetic categorization,share,share.wav,,,rare,share,,,,expo-10ms,,,6,,,,234,,catch,A,B,,,d-right,,
1194,1784153459067,15/07/2026 22:10:59,1784153459067,-7,15/07/2026 15:10:59,269901,13,task-pkec,repeat-7r7d#1,57237405,,16361732,,complete,,,computer,Desktop or Laptop,Mac OS 10.15,Firefox 150.0,1470x956,1470x810,,,0,Phonetic categorization,25,full_List_10,pass,$${overridespreadsheet},full_List_10,164,phonetic categorization,1.2 second pause,dp6plq,5,timedOut,,,1201.0600000000559,1200,1201.0600000000559,1201.0600000000559,1200,1201.0600000000559,1,0,0,,Time Limit,screen,0,screen,phonetic categorization,share,share.wav,,,rare,share,,,,expo-10ms,,,6,,,,234,,catch,A,B,,,d-right,,
1195,1784153459569,15/07/2026 22:10:59,1784153459569,-7,15/07/2026 15:10:59,269901,13,task-pkec,repeat-7r7d#1,57237405,,16361732,,complete,,,computer,Desktop or Laptop,Mac OS 10.15,Firefox 150.0,1470x956,1470x810,,,0,Phonetic categorization,25,full_List_10,pass,$${overridespreadsheet},full_List_10,165,phonetic categorization,fixation,99n54d,1,response,,,500,500,500,500,500,500,0,0,0,,Time Limit,screen,0,screen,phonetic categorization,till,dill_45.wav,,,tin,till,,,,expo-10ms,45,,6,labeled,,,234,,exposure,A,B,50,16.431676725155,d-right,t,
1196,1784153460068,15/07/2026 22:11:00,1784153460068,-7,15/07/2026 15:11:00,269901,13,task-pkec,repeat-7r7d#1,57237405,,16361732,,complete,,,computer,Desktop or Laptop,Mac OS 10.15,Firefox 150.0,1470x956,1470x810,,,0,Phonetic categorization,25,full_List_10,pass,$${overridespreadsheet},full_List_10,165,phonetic categorization,show option,yef3xk,2,response,,,500,500,500,500,500,500,1,0,0,,Time Limit,screen,0,screen,phonetic categorization,till,dill_45.wav,,,tin,till,,,,expo-10ms,45,,6,labeled,,,234,,exposure,A,B,50,16.431676725155,d-right,t,
1197,1784153460075,15/07/2026 22:11:00,1784153460075,-7,15/07/2026 15:11:00,269901,13,task-pkec,repeat-7r7d#1,57237405,,16361732,,complete,,,computer,Desktop or Laptop,Mac OS 10.15,Firefox 150.0,1470x956,1470x810,,,0,Phonetic categorization,25,full_List_10,pass,$${overridespreadsheet},full_List_10,165,phonetic categorization,soundplay,x8jhtp,3,info,audio started,,10.06000000005588,0,10.06000000005588,10.06000000005588,0,10.06000000005588,0,0,0,,Audio Clip,Audio,1,object-207,phonetic categorization,till,dill_45.wav,,,tin,till,,,,expo-10ms,45,,6,labeled,,,234,,exposure,A,B,50,16.431676725155,d-right,t,
1198,1784153460442,15/07/2026 22:11:00,1784153460442,-7,15/07/2026 15:11:00,269901,13,task-pkec,repeat-7r7d#1,57237405,,16361732,,complete,,,computer,Desktop or Laptop,Mac OS 10.15,Firefox 150.0,1470x956,1470x810,,,0,Phonetic categorization,25,full_List_10,pass,$${overridespreadsheet},full_List_10,165,phonetic categorization,soundplay,x8jhtp,3,info,audio finished,,377.0600000000559,366.6600000000326,377.0600000000559,377.0600000000559,366.6600000000326,377.0600000000559,0,0,0,,Audio Clip,Audio,1,object-207,phonetic categorization,till,dill_45.wav,,,tin,till,,,,expo-10ms,45,,6,labeled,,,234,,exposure,A,B,50,16.431676725155,d-right,t,
1199,1784153460446,15/07/2026 22:11:00,1784153460446,-7,15/07/2026 15:11:00,269901,13,task-pkec,repeat-7r7d#1,57237405,,16361732,,complete,,,computer,Desktop or Laptop,Mac OS 10.15,Firefox 150.0,1470x956,1470x810,,,0,Phonetic categorization,25,full_List_10,pass,$${overridespreadsheet},full_List_10,165,phonetic categorization,soundplay,x8jhtp,3,continue,,,381.0600000000559,366.6600000000326,381.0600000000559,381.0600000000559,366.6600000000326,381.0600000000559,0,0,0,,Audio Clip,Audio,1,object-207,phonetic categorization,till,dill_45.wav,,,tin,till,,,,expo-10ms,45,,6,labeled,,,234,,exposure,A,B,50,16.431676725155,d-right,t,
1200,1784153460685,15/07/2026 22:11:00,1784153460685,-7,15/07/2026 15:11:00,269901,13,task-pkec,repeat-7r7d#1,57237405,,16361732,,complete,,,computer,Desktop or Laptop,Mac OS 10.15,Firefox 150.0,1470x956,1470x810,,,0,Phonetic categorization,25,full_List_10,pass,$${overridespreadsheet},full_List_10,165,phonetic categorization,2AFC,6i7z8o,4,response,till,,252.40000000002328,250,252.40000000002328,252.40000000002328,250,252.40000000002328,1,0,0,,Keyboard Response,Keyboard Response,1,object-119,phonetic categorization,till,dill_45.wav,,,tin,till,,,,expo-10ms,45,,6,labeled,,,234,,exposure,A,B,50,16.431676725155,d-right,t,
1201,1784153461886,15/07/2026 22:11:01,1784153461886,-7,15/07/2026 15:11:01,269901,13,task-pkec,repeat-7r7d#1,57237405,,16361732,,complete,,,computer,Desktop or Laptop,Mac OS 10.15,Firefox 150.0,1470x956,1470x810,,,0,Phonetic categorization,25,full_List_10,pass,$${overridespreadsheet},full_List_10,165,phonetic categorization,1.2 second pause,dp6plq,5,timedOut,,,1203.4000000000233,1200,1203.4000000000233,1203.4000000000233,1200,1203.4000000000233,1,0,0,,Time Limit,screen,0,screen,phonetic categorization,till,dill_45.wav,,,tin,till,,,,expo-10ms,45,,6,labeled,,,234,,exposure,A,B,50,16.431676725155,d-right,t,
1202,1784153462386,15/07/2026 22:11:02,1784153462386,-7,15/07/2026 15:11:02,269901,13,task-pkec,repeat-7r7d#1,57237405,,16361732,,complete,,,computer,Desktop or Laptop,Mac OS 10.15,Firefox 150.0,1470x956,1470x810,,,0,Phonetic categorization,25,full_List_10,pass,$${overridespreadsheet},full_List_10,166,phonetic categorization,fixation,99n54d,1,response,,,500,500,500,500,500,500,0,0,0,,Time Limit,screen,0,screen,phonetic categorization,dill,dill_20.wav,,,dill,din,,,,expo-10ms,20,,6,labeled,,,234,,exposure,A,B,5,8.94427190999916,d-right,d,
1203,1784153462885,15/07/2026 22:11:02,1784153462885,-7,15/07/2026 15:11:02,269901,13,task-pkec,repeat-7r7d#1,57237405,,16361732,,complete,,,computer,Desktop or Laptop,Mac OS 10.15,Firefox 150.0,1470x956,1470x810,,,0,Phonetic categorization,25,full_List_10,pass,$${overridespreadsheet},full_List_10,166,phonetic categorization,show option,yef3xk,2,response,,,500,500,500,500,500,500,1,0,0,,Time Limit,screen,0,screen,phonetic categorization,dill,dill_20.wav,,,dill,din,,,,expo-10ms,20,,6,labeled,,,234,,exposure,A,B,5,8.94427190999916,d-right,d,
1204,1784153462891,15/07/2026 22:11:02,1784153462891,-7,15/07/2026 15:11:02,269901,13,task-pkec,repeat-7r7d#1,57237405,,16361732,,complete,,,computer,Desktop or Laptop,Mac OS 10.15,Firefox 150.0,1470x956,1470x810,,,0,Phonetic categorization,25,full_List_10,pass,$${overridespreadsheet},full_List_10,166,phonetic categorization,soundplay,x8jhtp,3,info,audio started,,8.400000000023283,0,8.400000000023283,8.400000000023283,0,8.400000000023283,0,0,0,,Audio Clip,Audio,1,object-207,phonetic categorization,dill,dill_20.wav,,,dill,din,,,,expo-10ms,20,,6,labeled,,,234,,exposure,A,B,5,8.94427190999916,d-right,d,
1205,1784153463243,15/07/2026 22:11:03,1784153463243,-7,15/07/2026 15:11:03,269901,13,task-pkec,repeat-7r7d#1,57237405,,16361732,,complete,,,computer,Desktop or Laptop,Mac OS 10.15,Firefox 150.0,1470x956,1470x810,,,0,Phonetic categorization,25,full_List_10,pass,$${overridespreadsheet},full_List_10,166,phonetic categorization,soundplay,x8jhtp,3,info,audio finished,,361.4000000000233,350,361.4000000000233,361.4000000000233,350,361.4000000000233,0,0,0,,Audio Clip,Audio,1,object-207,phonetic categorization,dill,dill_20.wav,,,dill,din,,,,expo-10ms,20,,6,labeled,,,234,,exposure,A,B,5,8.94427190999916,d-right,d,
1206,1784153463251,15/07/2026 22:11:03,1784153463251,-7,15/07/2026 15:11:03,269901,13,task-pkec,repeat-7r7d#1,57237405,,16361732,,complete,,,computer,Desktop or Laptop,Mac OS 10.15,Firefox 150.0,1470x956,1470x810,,,0,Phonetic categorization,25,full_List_10,pass,$${overridespreadsheet},full_List_10,166,phonetic categorization,soundplay,x8jhtp,3,continue,,,366.6600000000326,350,366.6600000000326,366.6600000000326,350,366.6600000000326,0,0,0,,Audio Clip,Audio,1,object-207,phonetic categorization,dill,dill_20.wav,,,dill,din,,,,expo-10ms,20,,6,labeled,,,234,,exposure,A,B,5,8.94427190999916,d-right,d,
1207,1784153463515,15/07/2026 22:11:03,1784153463515,-7,15/07/2026 15:11:03,269901,13,task-pkec,repeat-7r7d#1,57237405,,16361732,,complete,,,computer,Desktop or Laptop,Mac OS 10.15,Firefox 150.0,1470x956,1470x810,,,0,Phonetic categorization,25,full_List_10,pass,$${overridespreadsheet},full_List_10,166,phonetic categorization,2AFC,6i7z8o,4,response,dill,,282.4000000000233,266.6800000000512,282.4000000000233,282.4000000000233,266.6800000000512,282.4000000000233,1,0,0,,Keyboard Response,Keyboard Response,1,object-119,phonetic categorization,dill,dill_20.wav,,,dill,din,,,,expo-10ms,20,,6,labeled,,,234,,exposure,A,B,5,8.94427190999916,d-right,d,
1208,1784153464699,15/07/2026 22:11:04,1784153464699,-7,15/07/2026 15:11:04,269901,13,task-pkec,repeat-7r7d#1,57237405,,16361732,,complete,,,computer,Desktop or Laptop,Mac OS 10.15,Firefox 150.0,1470x956,1470x810,,,0,Phonetic categorization,25,full_List_10,pass,$${overridespreadsheet},full_List_10,166,phonetic categorization,1.2 second pause,dp6plq,5,timedOut,,,1199.719999999972,1199.280000000028,1199.719999999972,1199.719999999972,1199.280000000028,1199.719999999972,1,0,0,,Time Limit,screen,0,screen,phonetic categorization,dill,dill_20.wav,,,dill,din,,,,expo-10ms,20,,6,labeled,,,234,,exposure,A,B,5,8.94427190999916,d-right,d,
1209,1784153465201,15/07/2026 22:11:05,1784153465201,-7,15/07/2026 15:11:05,269901,13,task-pkec,repeat-7r7d#1,57237405,,16361732,,complete,,,computer,Desktop or Laptop,Mac OS 10.15,Firefox 150.0,1470x956,1470x810,,,0,Phonetic categorization,25,full_List_10,pass,$${overridespreadsheet},full_List_10,167,phonetic categorization,fixation,99n54d,1,response,,,500.71999999997206,500.71999999997206,500.71999999997206,500.71999999997206,500.71999999997206,500.71999999997206,0,0,0,,Time Limit,screen,0,screen,phonetic categorization,dill,dill_15.wav,,,till,dill,,,,expo-10ms,15,,6,unlabeled,,,234,,exposure,A,B,5,8.94427190999916,d-right,d,
1210,1784153465703,15/07/2026 22:11:05,1784153465703,-7,15/07/2026 15:11:05,269901,13,task-pkec,repeat-7r7d#1,57237405,,16361732,,complete,,,computer,Desktop or Laptop,Mac OS 10.15,Firefox 150.0,1470x956,1470x810,,,0,Phonetic categorization,25,full_List_10,pass,$${overridespreadsheet},full_List_10,167,phonetic categorization,show option,yef3xk,2,response,,,500,500,500,500,500,500,1,0,0,,Time Limit,screen,0,screen,phonetic categorization,dill,dill_15.wav,,,till,dill,,,,expo-10ms,15,,6,unlabeled,,,234,,exposure,A,B,5,8.94427190999916,d-right,d,
1211,1784153465708,15/07/2026 22:11:05,1784153465708,-7,15/07/2026 15:11:05,269901,13,task-pkec,repeat-7r7d#1,57237405,,16361732,,complete,,,computer,Desktop or Laptop,Mac OS 10.15,Firefox 150.0,1470x956,1470x810,,,0,Phonetic categorization,25,full_List_10,pass,$${overridespreadsheet},full_List_10,167,phonetic categorization,soundplay,x8jhtp,3,info,audio started,,9.71999999997206,0,9.71999999997206,9.71999999997206,0,9.71999999997206,0,0,0,,Audio Clip,Audio,1,object-207,phonetic categorization,dill,dill_15.wav,,,till,dill,,,,expo-10ms,15,,6,unlabeled,,,234,,exposure,A,B,5,8.94427190999916,d-right,d,
1212,1784153466060,15/07/2026 22:11:06,1784153466060,-7,15/07/2026 15:11:06,269901,13,task-pkec,repeat-7r7d#1,57237405,,16361732,,complete,,,computer,Desktop or Laptop,Mac OS 10.15,Firefox 150.0,1470x956,1470x810,,,0,Phonetic categorization,25,full_List_10,pass,$${overridespreadsheet},full_List_10,167,phonetic categorization,soundplay,x8jhtp,3,info,audio finished,,360.71999999997206,350,360.71999999997206,360.71999999997206,350,360.71999999997206,0,0,0,,Audio Clip,Audio,1,object-207,phonetic categorization,dill,dill_15.wav,,,till,dill,,,,expo-10ms,15,,6,unlabeled,,,234,,exposure,A,B,5,8.94427190999916,d-right,d,
1213,1784153466061,15/07/2026 22:11:06,1784153466061,-7,15/07/2026 15:11:06,269901,13,task-pkec,repeat-7r7d#1,57237405,,16361732,,complete,,,computer,Desktop or Laptop,Mac OS 10.15,Firefox 150.0,1470x956,1470x810,,,0,Phonetic categorization,25,full_List_10,pass,$${overridespreadsheet},full_List_10,167,phonetic categorization,soundplay,x8jhtp,3,continue,,,362.71999999997206,350,362.71999999997206,362.71999999997206,350,362.71999999997206,0,0,0,,Audio Clip,Audio,1,object-207,phonetic categorization,dill,dill_15.wav,,,till,dill,,,,expo-10ms,15,,6,unlabeled,,,234,,exposure,A,B,5,8.94427190999916,d-right,d,
1214,1784153466341,15/07/2026 22:11:06,1784153466341,-7,15/07/2026 15:11:06,269901,13,task-pkec,repeat-7r7d#1,57237405,,16361732,,complete,,,computer,Desktop or Laptop,Mac OS 10.15,Firefox 150.0,1470x956,1470x810,,,0,Phonetic categorization,25,full_List_10,pass,$${overridespreadsheet},full_List_10,167,phonetic categorization,2AFC,6i7z8o,4,response,dill,,291.71999999997206,283.3199999999488,291.71999999997206,291.71999999997206,283.3199999999488,291.71999999997206,1,0,0,,Keyboard Response,Keyboard Response,1,object-119,phonetic categorization,dill,dill_15.wav,,,till,dill,,,,expo-10ms,15,,6,unlabeled,,,234,,exposure,A,B,5,8.94427190999916,d-right,d,
1215,1784153467536,15/07/2026 22:11:07,1784153467536,-7,15/07/2026 15:11:07,269901,13,task-pkec,repeat-7r7d#1,57237405,,16361732,,complete,,,computer,Desktop or Laptop,Mac OS 10.15,Firefox 150.0,1470x956,1470x810,,,0,Phonetic categorization,25,full_List_10,pass,$${overridespreadsheet},full_List_10,167,phonetic categorization,1.2 second pause,dp6plq,5,timedOut,,,1203.4000000000233,1200,1203.4000000000233,1203.4000000000233,1200,1203.4000000000233,1,0,0,,Time Limit,screen,0,screen,phonetic categorization,dill,dill_15.wav,,,till,dill,,,,expo-10ms,15,,6,unlabeled,,,234,,exposure,A,B,5,8.94427190999916,d-right,d,
1216,1784153468035,15/07/2026 22:11:08,1784153468035,-7,15/07/2026 15:11:08,269901,13,task-pkec,repeat-7r7d#1,57237405,,16361732,,complete,,,computer,Desktop or Laptop,Mac OS 10.15,Firefox 150.0,1470x956,1470x810,,,0,Phonetic categorization,25,full_List_10,pass,$${overridespreadsheet},full_List_10,168,phonetic categorization,fixation,99n54d,1,response,,,500,500,500,500,500,500,0,0,0,,Time Limit,screen,0,screen,phonetic categorization,tin,din_75.wav,,,till,tin,,,,expo-10ms,75,,6,labeled,,,234,,exposure,A,B,50,16.431676725155,d-right,t,
1217,1784153468535,15/07/2026 22:11:08,1784153468535,-7,15/07/2026 15:11:08,269901,13,task-pkec,repeat-7r7d#1,57237405,,16361732,,complete,,,computer,Desktop or Laptop,Mac OS 10.15,Firefox 150.0,1470x956,1470x810,,,0,Phonetic categorization,25,full_List_10,pass,$${overridespreadsheet},full_List_10,168,phonetic categorization,show option,yef3xk,2,response,,,500,500,500,500,500,500,1,0,0,,Time Limit,screen,0,screen,phonetic categorization,tin,din_75.wav,,,till,tin,,,,expo-10ms,75,,6,labeled,,,234,,exposure,A,B,50,16.431676725155,d-right,t,
1218,1784153468541,15/07/2026 22:11:08,1784153468541,-7,15/07/2026 15:11:08,269901,13,task-pkec,repeat-7r7d#1,57237405,,16361732,,complete,,,computer,Desktop or Laptop,Mac OS 10.15,Firefox 150.0,1470x956,1470x810,,,0,Phonetic categorization,25,full_List_10,pass,$${overridespreadsheet},full_List_10,168,phonetic categorization,soundplay,x8jhtp,3,info,audio started,,8.400000000023283,0,8.400000000023283,8.400000000023283,0,8.400000000023283,0,0,0,,Audio Clip,Audio,1,object-207,phonetic categorization,tin,din_75.wav,,,till,tin,,,,expo-10ms,75,,6,labeled,,,234,,exposure,A,B,50,16.431676725155,d-right,t,
1219,1784153468918,15/07/2026 22:11:08,1784153468918,-7,15/07/2026 15:11:08,269901,13,task-pkec,repeat-7r7d#1,57237405,,16361732,,complete,,,computer,Desktop or Laptop,Mac OS 10.15,Firefox 150.0,1470x956,1470x810,,,0,Phonetic categorization,25,full_List_10,pass,$${overridespreadsheet},full_List_10,168,phonetic categorization,soundplay,x8jhtp,3,info,audio finished,,383.12000000011176,366.5600000000559,383.12000000011176,383.12000000011176,366.5600000000559,383.12000000011176,0,0,0,,Audio Clip,Audio,1,object-207,phonetic categorization,tin,din_75.wav,,,till,tin,,,,expo-10ms,75,,6,labeled,,,234,,exposure,A,B,50,16.431676725155,d-right,t,
1220,1784153468919,15/07/2026 22:11:08,1784153468919,-7,15/07/2026 15:11:08,269901,13,task-pkec,repeat-7r7d#1,57237405,,16361732,,complete,,,computer,Desktop or Laptop,Mac OS 10.15,Firefox 150.0,1470x956,1470x810,,,0,Phonetic categorization,25,full_List_10,pass,$${overridespreadsheet},full_List_10,168,phonetic categorization,soundplay,x8jhtp,3,continue,,,383.12000000011176,366.5600000000559,383.12000000011176,383.12000000011176,366.5600000000559,383.12000000011176,0,0,0,,Audio Clip,Audio,1,object-207,phonetic categorization,tin,din_75.wav,,,till,tin,,,,expo-10ms,75,,6,labeled,,,234,,exposure,A,B,50,16.431676725155,d-right,t,
1221,1784153469334,15/07/2026 22:11:09,1784153469334,-7,15/07/2026 15:11:09,269901,13,task-pkec,repeat-7r7d#1,57237405,,16361732,,complete,,,computer,Desktop or Laptop,Mac OS 10.15,Firefox 150.0,1470x956,1470x810,,,0,Phonetic categorization,25,full_List_10,pass,$${overridespreadsheet},full_List_10,168,phonetic categorization,2AFC,6i7z8o,4,response,tin,,433.4399999998277,416.7799999999115,433.4399999998277,433.4399999998277,416.7799999999115,433.4399999998277,1,0,0,,Keyboard Response,Keyboard Response,1,object-119,phonetic categorization,tin,din_75.wav,,,till,tin,,,,expo-10ms,75,,6,labeled,,,234,,exposure,A,B,50,16.431676725155,d-right,t,
1222,1784153470521,15/07/2026 22:11:10,1784153470521,-7,15/07/2026 15:11:10,269901,13,task-pkec,repeat-7r7d#1,57237405,,16361732,,complete,,,computer,Desktop or Laptop,Mac OS 10.15,Firefox 150.0,1470x956,1470x810,,,0,Phonetic categorization,25,full_List_10,pass,$${overridespreadsheet},full_List_10,168,phonetic categorization,1.2 second pause,dp6plq,5,timedOut,,,1205.0600000000559,1200,1205.0600000000559,1205.0600000000559,1200,1205.0600000000559,1,0,0,,Time Limit,screen,0,screen,phonetic categorization,tin,din_75.wav,,,till,tin,,,,expo-10ms,75,,6,labeled,,,234,,exposure,A,B,50,16.431676725155,d-right,t,
1223,1784153471019,15/07/2026 22:11:11,1784153471019,-7,15/07/2026 15:11:11,269901,13,task-pkec,repeat-7r7d#1,57237405,,16361732,,complete,,,computer,Desktop or Laptop,Mac OS 10.15,Firefox 150.0,1470x956,1470x810,,,0,Phonetic categorization,25,full_List_10,pass,$${overridespreadsheet},full_List_10,169,phonetic categorization,fixation,99n54d,1,response,,,500,500,500,500,500,500,0,0,0,,Time Limit,screen,0,screen,phonetic categorization,tip,dip_55.wav,,,tip,tin,,,,expo-10ms,55,,6,labeled,,,234,,exposure,A,B,50,16.431676725155,d-right,t,
1224,1784153471519,15/07/2026 22:11:11,1784153471519,-7,15/07/2026 15:11:11,269901,13,task-pkec,repeat-7r7d#1,57237405,,16361732,,complete,,,computer,Desktop or Laptop,Mac OS 10.15,Firefox 150.0,1470x956,1470x810,,,0,Phonetic categorization,25,full_List_10,pass,$${overridespreadsheet},full_List_10,169,phonetic categorization,show option,yef3xk,2,response,,,500,500,500,500,500,500,1,0,0,,Time Limit,screen,0,screen,phonetic categorization,tip,dip_55.wav,,,tip,tin,,,,expo-10ms,55,,6,labeled,,,234,,exposure,A,B,50,16.431676725155,d-right,t,
1225,1784153471526,15/07/2026 22:11:11,1784153471526,-7,15/07/2026 15:11:11,269901,13,task-pkec,repeat-7r7d#1,57237405,,16361732,,complete,,,computer,Desktop or Laptop,Mac OS 10.15,Firefox 150.0,1470x956,1470x810,,,0,Phonetic categorization,25,full_List_10,pass,$${overridespreadsheet},full_List_10,169,phonetic categorization,soundplay,x8jhtp,3,info,audio started,,11.06000000005588,0,11.06000000005588,11.06000000005588,0,11.06000000005588,0,0,0,,Audio Clip,Audio,1,object-207,phonetic categorization,tip,dip_55.wav,,,tip,tin,,,,expo-10ms,55,,6,labeled,,,234,,exposure,A,B,50,16.431676725155,d-right,t,
1226,1784153471961,15/07/2026 22:11:11,1784153471961,-7,15/07/2026 15:11:11,269901,13,task-pkec,repeat-7r7d#1,57237405,,16361732,,complete,,,computer,Desktop or Laptop,Mac OS 10.15,Firefox 150.0,1470x956,1470x810,,,0,Phonetic categorization,25,full_List_10,pass,$${overridespreadsheet},full_List_10,169,phonetic categorization,soundplay,x8jhtp,3,info,audio finished,,445.0600000000559,433.3400000000838,445.0600000000559,445.0600000000559,433.3400000000838,445.0600000000559,0,0,0,,Audio Clip,Audio,1,object-207,phonetic categorization,tip,dip_55.wav,,,tip,tin,,,,expo-10ms,55,,6,labeled,,,234,,exposure,A,B,50,16.431676725155,d-right,t,
1227,1784153471961,15/07/2026 22:11:11,1784153471961,-7,15/07/2026 15:11:11,269901,13,task-pkec,repeat-7r7d#1,57237405,,16361732,,complete,,,computer,Desktop or Laptop,Mac OS 10.15,Firefox 150.0,1470x956,1470x810,,,0,Phonetic categorization,25,full_List_10,pass,$${overridespreadsheet},full_List_10,169,phonetic categorization,soundplay,x8jhtp,3,continue,,,446.0600000000559,433.3400000000838,446.0600000000559,446.0600000000559,433.3400000000838,446.0600000000559,0,0,0,,Audio Clip,Audio,1,object-207,phonetic categorization,tip,dip_55.wav,,,tip,tin,,,,expo-10ms,55,,6,labeled,,,234,,exposure,A,B,50,16.431676725155,d-right,t,
1228,1784153472287,15/07/2026 22:11:12,1784153472287,-7,15/07/2026 15:11:12,269901,13,task-pkec,repeat-7r7d#1,57237405,,16361732,,complete,,,computer,Desktop or Laptop,Mac OS 10.15,Firefox 150.0,1470x956,1470x810,,,0,Phonetic categorization,25,full_List_10,pass,$${overridespreadsheet},full_List_10,169,phonetic categorization,2AFC,6i7z8o,4,response,tip,,337.71999999997206,333.3199999999488,337.71999999997206,337.71999999997206,333.3199999999488,337.71999999997206,1,0,0,,Keyboard Response,Keyboard Response,1,object-119,phonetic categorization,tip,dip_55.wav,,,tip,tin,,,,expo-10ms,55,,6,labeled,,,234,,exposure,A,B,50,16.431676725155,d-right,t,
1229,1784153473484,15/07/2026 22:11:13,1784153473484,-7,15/07/2026 15:11:13,269901,13,task-pkec,repeat-7r7d#1,57237405,,16361732,,complete,,,computer,Desktop or Laptop,Mac OS 10.15,Firefox 150.0,1470x956,1470x810,,,0,Phonetic categorization,25,full_List_10,pass,$${overridespreadsheet},full_List_10,169,phonetic categorization,1.2 second pause,dp6plq,5,timedOut,,,1202.4000000000233,1200,1202.4000000000233,1202.4000000000233,1200,1202.4000000000233,1,0,0,,Time Limit,screen,0,screen,phonetic categorization,tip,dip_55.wav,,,tip,tin,,,,expo-10ms,55,,6,labeled,,,234,,exposure,A,B,50,16.431676725155,d-right,t,
1230,1784153473986,15/07/2026 22:11:13,1784153473986,-7,15/07/2026 15:11:13,269901,13,task-pkec,repeat-7r7d#1,57237405,,16361732,,complete,,,computer,Desktop or Laptop,Mac OS 10.15,Firefox 150.0,1470x956,1470x810,,,0,Phonetic categorization,25,full_List_10,pass,$${overridespreadsheet},full_List_10,170,phonetic categorization,fixation,99n54d,1,response,,,500,500,500,500,500,500,0,0,0,,Time Limit,screen,0,screen,phonetic categorization,din,din_5.wav,,,din,dill,,,,expo-10ms,5,,6,labeled,,,234,,exposure,A,B,5,8.94427190999916,d-right,d,
1231,1784153474484,15/07/2026 22:11:14,1784153474484,-7,15/07/2026 15:11:14,269901,13,task-pkec,repeat-7r7d#1,57237405,,16361732,,complete,,,computer,Desktop or Laptop,Mac OS 10.15,Firefox 150.0,1470x956,1470x810,,,0,Phonetic categorization,25,full_List_10,pass,$${overridespreadsheet},full_List_10,170,phonetic categorization,show option,yef3xk,2,response,,,500,500,500,500,500,500,1,0,0,,Time Limit,screen,0,screen,phonetic categorization,din,din_5.wav,,,din,dill,,,,expo-10ms,5,,6,labeled,,,234,,exposure,A,B,5,8.94427190999916,d-right,d,
1232,1784153474491,15/07/2026 22:11:14,1784153474491,-7,15/07/2026 15:11:14,269901,13,task-pkec,repeat-7r7d#1,57237405,,16361732,,complete,,,computer,Desktop or Laptop,Mac OS 10.15,Firefox 150.0,1470x956,1470x810,,,0,Phonetic categorization,25,full_List_10,pass,$${overridespreadsheet},full_List_10,170,phonetic categorization,soundplay,x8jhtp,3,info,audio started,,8.400000000023283,0,8.400000000023283,8.400000000023283,0,8.400000000023283,0,0,0,,Audio Clip,Audio,1,object-207,phonetic categorization,din,din_5.wav,,,din,dill,,,,expo-10ms,5,,6,labeled,,,234,,exposure,A,B,5,8.94427190999916,d-right,d,
1233,1784153474820,15/07/2026 22:11:14,1784153474820,-7,15/07/2026 15:11:14,269901,13,task-pkec,repeat-7r7d#1,57237405,,16361732,,complete,,,computer,Desktop or Laptop,Mac OS 10.15,Firefox 150.0,1470x956,1470x810,,,0,Phonetic categorization,25,full_List_10,pass,$${overridespreadsheet},full_List_10,170,phonetic categorization,soundplay,x8jhtp,3,info,audio finished,,333.36000000010245,316.6800000000512,333.36000000010245,333.36000000010245,316.6800000000512,333.36000000010245,0,0,0,,Audio Clip,Audio,1,object-207,phonetic categorization,din,din_5.wav,,,din,dill,,,,expo-10ms,5,,6,labeled,,,234,,exposure,A,B,5,8.94427190999916,d-right,d,
1234,1784153474820,15/07/2026 22:11:14,1784153474820,-7,15/07/2026 15:11:14,269901,13,task-pkec,repeat-7r7d#1,57237405,,16361732,,complete,,,computer,Desktop or Laptop,Mac OS 10.15,Firefox 150.0,1470x956,1470x810,,,0,Phonetic categorization,25,full_List_10,pass,$${overridespreadsheet},full_List_10,170,phonetic categorization,soundplay,x8jhtp,3,continue,,,333.36000000010245,316.6800000000512,333.36000000010245,333.36000000010245,316.6800000000512,333.36000000010245,0,0,0,,Audio Clip,Audio,1,object-207,phonetic categorization,din,din_5.wav,,,din,dill,,,,expo-10ms,5,,6,labeled,,,234,,exposure,A,B,5,8.94427190999916,d-right,d,
1235,1784153475129,15/07/2026 22:11:15,1784153475129,-7,15/07/2026 15:11:15,269901,13,task-pkec,repeat-7r7d#1,57237405,,16361732,,complete,,,computer,Desktop or Laptop,Mac OS 10.15,Firefox 150.0,1470x956,1470x810,,,0,Phonetic categorization,25,full_List_10,pass,$${overridespreadsheet},full_List_10,170,phonetic categorization,2AFC,6i7z8o,4,response,dill,,330.71999999997206,316.6599999999162,330.71999999997206,330.71999999997206,316.6599999999162,330.71999999997206,0,0,0,,Keyboard Response,Keyboard Response,1,object-119,phonetic categorization,din,din_5.wav,,,din,dill,,,,expo-10ms,5,,6,labeled,,,234,,exposure,A,B,5,8.94427190999916,d-right,d,
1236,1784153476319,15/07/2026 22:11:16,1784153476319,-7,15/07/2026 15:11:16,269901,13,task-pkec,repeat-7r7d#1,57237405,,16361732,,complete,,,computer,Desktop or Laptop,Mac OS 10.15,Firefox 150.0,1470x956,1470x810,,,0,Phonetic categorization,25,full_List_10,pass,$${overridespreadsheet},full_List_10,170,phonetic categorization,1.2 second pause,dp6plq,5,timedOut,,,1204.0600000000559,1200,1204.0600000000559,1204.0600000000559,1200,1204.0600000000559,1,0,0,,Time Limit,screen,0,screen,phonetic categorization,din,din_5.wav,,,din,dill,,,,expo-10ms,5,,6,labeled,,,234,,exposure,A,B,5,8.94427190999916,d-right,d,
1237,1784153476820,15/07/2026 22:11:16,1784153476820,-7,15/07/2026 15:11:16,269901,13,task-pkec,repeat-7r7d#1,57237405,,16361732,,complete,,,computer,Desktop or Laptop,Mac OS 10.15,Firefox 150.0,1470x956,1470x810,,,0,Phonetic categorization,25,full_List_10,pass,$${overridespreadsheet},full_List_10,171,phonetic categorization,fixation,99n54d,1,response,,,500,500,500,500,500,500,0,0,0,,Time Limit,screen,0,screen,phonetic categorization,tin,din_50.wav,,,tin,din,,,,expo-10ms,50,,6,unlabeled,,,234,,exposure,A,B,50,16.431676725155,d-right,t,
1238,1784153477317,15/07/2026 22:11:17,1784153477317,-7,15/07/2026 15:11:17,269901,13,task-pkec,repeat-7r7d#1,57237405,,16361732,,complete,,,computer,Desktop or Laptop,Mac OS 10.15,Firefox 150.0,1470x956,1470x810,,,0,Phonetic categorization,25,full_List_10,pass,$${overridespreadsheet},full_List_10,171,phonetic categorization,show option,yef3xk,2,response,,,500,500,500,500,500,500,1,0,0,,Time Limit,screen,0,screen,phonetic categorization,tin,din_50.wav,,,tin,din,,,,expo-10ms,50,,6,unlabeled,,,234,,exposure,A,B,50,16.431676725155,d-right,t,
1239,1784153477322,15/07/2026 22:11:17,1784153477322,-7,15/07/2026 15:11:17,269901,13,task-pkec,repeat-7r7d#1,57237405,,16361732,,complete,,,computer,Desktop or Laptop,Mac OS 10.15,Firefox 150.0,1470x956,1470x810,,,0,Phonetic categorization,25,full_List_10,pass,$${overridespreadsheet},full_List_10,171,phonetic categorization,soundplay,x8jhtp,3,info,audio started,,8.06000000005588,0,8.06000000005588,8.06000000005588,0,8.06000000005588,0,0,0,,Audio Clip,Audio,1,object-207,phonetic categorization,tin,din_50.wav,,,tin,din,,,,expo-10ms,50,,6,unlabeled,,,234,,exposure,A,B,50,16.431676725155,d-right,t,
1240,1784153477679,15/07/2026 22:11:17,1784153477679,-7,15/07/2026 15:11:17,269901,13,task-pkec,repeat-7r7d#1,57237405,,16361732,,complete,,,computer,Desktop or Laptop,Mac OS 10.15,Firefox 150.0,1470x956,1470x810,,,0,Phonetic categorization,25,full_List_10,pass,$${overridespreadsheet},full_List_10,171,phonetic categorization,soundplay,x8jhtp,3,info,audio finished,,364.0600000000559,350,364.0600000000559,364.0600000000559,350,364.0600000000559,0,0,0,,Audio Clip,Audio,1,object-207,phonetic categorization,tin,din_50.wav,,,tin,din,,,,expo-10ms,50,,6,unlabeled,,,234,,exposure,A,B,50,16.431676725155,d-right,t,
1241,1784153477680,15/07/2026 22:11:17,1784153477680,-7,15/07/2026 15:11:17,269901,13,task-pkec,repeat-7r7d#1,57237405,,16361732,,complete,,,computer,Desktop or Laptop,Mac OS 10.15,Firefox 150.0,1470x956,1470x810,,,0,Phonetic categorization,25,full_List_10,pass,$${overridespreadsheet},full_List_10,171,phonetic categorization,soundplay,x8jhtp,3,continue,,,365.0600000000559,350,365.0600000000559,365.0600000000559,350,365.0600000000559,0,0,0,,Audio Clip,Audio,1,object-207,phonetic categorization,tin,din_50.wav,,,tin,din,,,,expo-10ms,50,,6,unlabeled,,,234,,exposure,A,B,50,16.431676725155,d-right,t,
1242,1784153478368,15/07/2026 22:11:18,1784153478368,-7,15/07/2026 15:11:18,269901,13,task-pkec,repeat-7r7d#1,57237405,,16361732,,complete,,,computer,Desktop or Laptop,Mac OS 10.15,Firefox 150.0,1470x956,1470x810,,,0,Phonetic categorization,25,full_List_10,pass,$${overridespreadsheet},full_List_10,171,phonetic categorization,2AFC,6i7z8o,4,response,tin,,700.020000000135,683.3400000000838,700.020000000135,700.020000000135,683.3400000000838,700.020000000135,1,0,0,,Keyboard Response,Keyboard Response,1,object-119,phonetic categorization,tin,din_50.wav,,,tin,din,,,,expo-10ms,50,,6,unlabeled,,,234,,exposure,A,B,50,16.431676725155,d-right,t,
1243,1784153479552,15/07/2026 22:11:19,1784153479552,-7,15/07/2026 15:11:19,269901,13,task-pkec,repeat-7r7d#1,57237405,,16361732,,complete,,,computer,Desktop or Laptop,Mac OS 10.15,Firefox 150.0,1470x956,1470x810,,,0,Phonetic categorization,25,full_List_10,pass,$${overridespreadsheet},full_List_10,171,phonetic categorization,1.2 second pause,dp6plq,5,timedOut,,,1203.719999999972,1200,1203.719999999972,1203.719999999972,1200,1203.719999999972,1,0,0,,Time Limit,screen,0,screen,phonetic categorization,tin,din_50.wav,,,tin,din,,,,expo-10ms,50,,6,unlabeled,,,234,,exposure,A,B,50,16.431676725155,d-right,t,
1244,1784153480050,15/07/2026 22:11:20,1784153480050,-7,15/07/2026 15:11:20,269901,13,task-pkec,repeat-7r7d#1,57237405,,16361732,,complete,,,computer,Desktop or Laptop,Mac OS 10.15,Firefox 150.0,1470x956,1470x810,,,0,Phonetic categorization,25,full_List_10,pass,$${overridespreadsheet},full_List_10,172,phonetic categorization,fixation,99n54d,1,response,,,500,500,500,500,500,500,0,0,0,,Time Limit,screen,0,screen,phonetic categorization,tin,din_60.wav,,,tin,din,,,,expo-10ms,60,,6,unlabeled,,,234,,exposure,A,B,50,16.431676725155,d-right,t,
1245,1784153480548,15/07/2026 22:11:20,1784153480548,-7,15/07/2026 15:11:20,269901,13,task-pkec,repeat-7r7d#1,57237405,,16361732,,complete,,,computer,Desktop or Laptop,Mac OS 10.15,Firefox 150.0,1470x956,1470x810,,,0,Phonetic categorization,25,full_List_10,pass,$${overridespreadsheet},full_List_10,172,phonetic categorization,show option,yef3xk,2,response,,,499.1799999999348,499.1799999999348,499.1799999999348,499.1799999999348,499.1799999999348,499.1799999999348,1,0,0,,Time Limit,screen,0,screen,phonetic categorization,tin,din_60.wav,,,tin,din,,,,expo-10ms,60,,6,unlabeled,,,234,,exposure,A,B,50,16.431676725155,d-right,t,
1246,1784153480552,15/07/2026 22:11:20,1784153480552,-7,15/07/2026 15:11:20,269901,13,task-pkec,repeat-7r7d#1,57237405,,16361732,,complete,,,computer,Desktop or Laptop,Mac OS 10.15,Firefox 150.0,1470x956,1470x810,,,0,Phonetic categorization,25,full_List_10,pass,$${overridespreadsheet},full_List_10,172,phonetic categorization,soundplay,x8jhtp,3,info,audio started,,5.540000000037253,0,5.540000000037253,5.540000000037253,0,5.540000000037253,0,0,0,,Audio Clip,Audio,1,object-207,phonetic categorization,tin,din_60.wav,,,tin,din,,,,expo-10ms,60,,6,unlabeled,,,234,,exposure,A,B,50,16.431676725155,d-right,t,
1247,1784153480918,15/07/2026 22:11:20,1784153480918,-7,15/07/2026 15:11:20,269901,13,task-pkec,repeat-7r7d#1,57237405,,16361732,,complete,,,computer,Desktop or Laptop,Mac OS 10.15,Firefox 150.0,1470x956,1470x810,,,0,Phonetic categorization,25,full_List_10,pass,$${overridespreadsheet},full_List_10,172,phonetic categorization,soundplay,x8jhtp,3,info,audio finished,,370.54000000003725,367.4799999999814,370.54000000003725,370.54000000003725,367.4799999999814,370.54000000003725,0,0,0,,Audio Clip,Audio,1,object-207,phonetic categorization,tin,din_60.wav,,,tin,din,,,,expo-10ms,60,,6,unlabeled,,,234,,exposure,A,B,50,16.431676725155,d-right,t,
1248,1784153480919,15/07/2026 22:11:20,1784153480919,-7,15/07/2026 15:11:20,269901,13,task-pkec,repeat-7r7d#1,57237405,,16361732,,complete,,,computer,Desktop or Laptop,Mac OS 10.15,Firefox 150.0,1470x956,1470x810,,,0,Phonetic categorization,25,full_List_10,pass,$${overridespreadsheet},full_List_10,172,phonetic categorization,soundplay,x8jhtp,3,continue,,,371.54000000003725,367.4799999999814,371.54000000003725,371.54000000003725,367.4799999999814,371.54000000003725,0,0,0,,Audio Clip,Audio,1,object-207,phonetic categorization,tin,din_60.wav,,,tin,din,,,,expo-10ms,60,,6,unlabeled,,,234,,exposure,A,B,50,16.431676725155,d-right,t,
1249,1784153481219,15/07/2026 22:11:21,1784153481219,-7,15/07/2026 15:11:21,269901,13,task-pkec,repeat-7r7d#1,57237405,,16361732,,complete,,,computer,Desktop or Laptop,Mac OS 10.15,Firefox 150.0,1470x956,1470x810,,,0,Phonetic categorization,25,full_List_10,pass,$${overridespreadsheet},full_List_10,172,phonetic categorization,2AFC,6i7z8o,4,response,tin,,300.02000000013504,283.3400000000838,300.02000000013504,300.02000000013504,283.3400000000838,300.02000000013504,1,0,0,,Keyboard Response,Keyboard Response,1,object-119,phonetic categorization,tin,din_60.wav,,,tin,din,,,,expo-10ms,60,,6,unlabeled,,,234,,exposure,A,B,50,16.431676725155,d-right,t,
1250,1784153482402,15/07/2026 22:11:22,1784153482402,-7,15/07/2026 15:11:22,269901,13,task-pkec,repeat-7r7d#1,57237405,,16361732,,complete,,,computer,Desktop or Laptop,Mac OS 10.15,Firefox 150.0,1470x956,1470x810,,,0,Phonetic categorization,25,full_List_10,pass,$${overridespreadsheet},full_List_10,172,phonetic categorization,1.2 second pause,dp6plq,5,timedOut,,,1203.719999999972,1200,1203.719999999972,1203.719999999972,1200,1203.719999999972,1,0,0,,Time Limit,screen,0,screen,phonetic categorization,tin,din_60.wav,,,tin,din,,,,expo-10ms,60,,6,unlabeled,,,234,,exposure,A,B,50,16.431676725155,d-right,t,
1251,1784153482903,15/07/2026 22:11:22,1784153482903,-7,15/07/2026 15:11:22,269901,13,task-pkec,repeat-7r7d#1,57237405,,16361732,,complete,,,computer,Desktop or Laptop,Mac OS 10.15,Firefox 150.0,1470x956,1470x810,,,0,Phonetic categorization,25,full_List_10,pass,$${overridespreadsheet},full_List_10,173,phonetic categorization,fixation,99n54d,1,response,,,500,500,500,500,500,500,0,0,0,,Time Limit,screen,0,screen,phonetic categorization,dill,dill_30.wav,,,dill,din,,,,expo-10ms,30,,6,labeled,,,234,,exposure,A,B,5,8.94427190999916,d-right,d,
1252,1784153483402,15/07/2026 22:11:23,1784153483402,-7,15/07/2026 15:11:23,269901,13,task-pkec,repeat-7r7d#1,57237405,,16361732,,complete,,,computer,Desktop or Laptop,Mac OS 10.15,Firefox 150.0,1470x956,1470x810,,,0,Phonetic categorization,25,full_List_10,pass,$${overridespreadsheet},full_List_10,173,phonetic categorization,show option,yef3xk,2,response,,,500,500,500,500,500,500,1,0,0,,Time Limit,screen,0,screen,phonetic categorization,dill,dill_30.wav,,,dill,din,,,,expo-10ms,30,,6,labeled,,,234,,exposure,A,B,5,8.94427190999916,d-right,d,
1253,1784153483408,15/07/2026 22:11:23,1784153483408,-7,15/07/2026 15:11:23,269901,13,task-pkec,repeat-7r7d#1,57237405,,16361732,,complete,,,computer,Desktop or Laptop,Mac OS 10.15,Firefox 150.0,1470x956,1470x810,,,0,Phonetic categorization,25,full_List_10,pass,$${overridespreadsheet},full_List_10,173,phonetic categorization,soundplay,x8jhtp,3,info,audio started,,9.71999999997206,0,9.71999999997206,9.71999999997206,0,9.71999999997206,0,0,0,,Audio Clip,Audio,1,object-207,phonetic categorization,dill,dill_30.wav,,,dill,din,,,,expo-10ms,30,,6,labeled,,,234,,exposure,A,B,5,8.94427190999916,d-right,d,
1254,1784153483768,15/07/2026 22:11:23,1784153483768,-7,15/07/2026 15:11:23,269901,13,task-pkec,repeat-7r7d#1,57237405,,16361732,,complete,,,computer,Desktop or Laptop,Mac OS 10.15,Firefox 150.0,1470x956,1470x810,,,0,Phonetic categorization,25,full_List_10,pass,$${overridespreadsheet},full_List_10,173,phonetic categorization,soundplay,x8jhtp,3,info,audio finished,,366.6800000000512,350,366.6800000000512,366.6800000000512,350,366.6800000000512,0,0,0,,Audio Clip,Audio,1,object-207,phonetic categorization,dill,dill_30.wav,,,dill,din,,,,expo-10ms,30,,6,labeled,,,234,,exposure,A,B,5,8.94427190999916,d-right,d,
1255,1784153483768,15/07/2026 22:11:23,1784153483768,-7,15/07/2026 15:11:23,269901,13,task-pkec,repeat-7r7d#1,57237405,,16361732,,complete,,,computer,Desktop or Laptop,Mac OS 10.15,Firefox 150.0,1470x956,1470x810,,,0,Phonetic categorization,25,full_List_10,pass,$${overridespreadsheet},full_List_10,173,phonetic categorization,soundplay,x8jhtp,3,continue,,,366.6800000000512,350,366.6800000000512,366.6800000000512,350,366.6800000000512,0,0,0,,Audio Clip,Audio,1,object-207,phonetic categorization,dill,dill_30.wav,,,dill,din,,,,expo-10ms,30,,6,labeled,,,234,,exposure,A,B,5,8.94427190999916,d-right,d,
1256,1784153484286,15/07/2026 22:11:24,1784153484286,-7,15/07/2026 15:11:24,269901,13,task-pkec,repeat-7r7d#1,57237405,,16361732,,complete,,,computer,Desktop or Laptop,Mac OS 10.15,Firefox 150.0,1470x956,1470x810,,,0,Phonetic categorization,25,full_List_10,pass,$${overridespreadsheet},full_List_10,173,phonetic categorization,2AFC,6i7z8o,4,response,dill,,536.7199999999721,533.3199999999488,536.7199999999721,536.7199999999721,533.3199999999488,536.7199999999721,1,0,0,,Keyboard Response,Keyboard Response,1,object-119,phonetic categorization,dill,dill_30.wav,,,dill,din,,,,expo-10ms,30,,6,labeled,,,234,,exposure,A,B,5,8.94427190999916,d-right,d,
1257,1784153485485,15/07/2026 22:11:25,1784153485485,-7,15/07/2026 15:11:25,269901,13,task-pkec,repeat-7r7d#1,57237405,,16361732,,complete,,,computer,Desktop or Laptop,Mac OS 10.15,Firefox 150.0,1470x956,1470x810,,,0,Phonetic categorization,25,full_List_10,pass,$${overridespreadsheet},full_List_10,173,phonetic categorization,1.2 second pause,dp6plq,5,timedOut,,,1203.4000000000233,1200,1203.4000000000233,1203.4000000000233,1200,1203.4000000000233,1,0,0,,Time Limit,screen,0,screen,phonetic categorization,dill,dill_30.wav,,,dill,din,,,,expo-10ms,30,,6,labeled,,,234,,exposure,A,B,5,8.94427190999916,d-right,d,
1258,1784153485984,15/07/2026 22:11:25,1784153485984,-7,15/07/2026 15:11:25,269901,13,task-pkec,repeat-7r7d#1,57237405,,16361732,,complete,,,computer,Desktop or Laptop,Mac OS 10.15,Firefox 150.0,1470x956,1470x810,,,0,Phonetic categorization,25,full_List_10,pass,$${overridespreadsheet},full_List_10,174,phonetic categorization,fixation,99n54d,1,response,,,500,500,500,500,500,500,0,0,0,,Time Limit,screen,0,screen,phonetic categorization,din,din_20.wav,,,din,dill,,,,expo-10ms,20,,6,labeled,,,234,,exposure,A,B,5,8.94427190999916,d-right,d,
1259,1784153486486,15/07/2026 22:11:26,1784153486486,-7,15/07/2026 15:11:26,269901,13,task-pkec,repeat-7r7d#1,57237405,,16361732,,complete,,,computer,Desktop or Laptop,Mac OS 10.15,Firefox 150.0,1470x956,1470x810,,,0,Phonetic categorization,25,full_List_10,pass,$${overridespreadsheet},full_List_10,174,phonetic categorization,show option,yef3xk,2,response,,,500,500,500,500,500,500,1,0,0,,Time Limit,screen,0,screen,phonetic categorization,din,din_20.wav,,,din,dill,,,,expo-10ms,20,,6,labeled,,,234,,exposure,A,B,5,8.94427190999916,d-right,d,
1260,1784153486491,15/07/2026 22:11:26,1784153486491,-7,15/07/2026 15:11:26,269901,13,task-pkec,repeat-7r7d#1,57237405,,16361732,,complete,,,computer,Desktop or Laptop,Mac OS 10.15,Firefox 150.0,1470x956,1470x810,,,0,Phonetic categorization,25,full_List_10,pass,$${overridespreadsheet},full_List_10,174,phonetic categorization,soundplay,x8jhtp,3,info,audio started,,9.400000000023283,0,9.400000000023283,9.400000000023283,0,9.400000000023283,0,0,0,,Audio Clip,Audio,1,object-207,phonetic categorization,din,din_20.wav,,,din,dill,,,,expo-10ms,20,,6,labeled,,,234,,exposure,A,B,5,8.94427190999916,d-right,d,
1261,1784153486831,15/07/2026 22:11:26,1784153486831,-7,15/07/2026 15:11:26,269901,13,task-pkec,repeat-7r7d#1,57237405,,16361732,,complete,,,computer,Desktop or Laptop,Mac OS 10.15,Firefox 150.0,1470x956,1470x810,,,0,Phonetic categorization,25,full_List_10,pass,$${overridespreadsheet},full_List_10,174,phonetic categorization,soundplay,x8jhtp,3,info,audio finished,,349.4000000000233,333.3399999999674,349.4000000000233,349.4000000000233,333.3399999999674,349.4000000000233,0,0,0,,Audio Clip,Audio,1,object-207,phonetic categorization,din,din_20.wav,,,din,dill,,,,expo-10ms,20,,6,labeled,,,234,,exposure,A,B,5,8.94427190999916,d-right,d,
1262,1784153486832,15/07/2026 22:11:26,1784153486832,-7,15/07/2026 15:11:26,269901,13,task-pkec,repeat-7r7d#1,57237405,,16361732,,complete,,,computer,Desktop or Laptop,Mac OS 10.15,Firefox 150.0,1470x956,1470x810,,,0,Phonetic categorization,25,full_List_10,pass,$${overridespreadsheet},full_List_10,174,phonetic categorization,soundplay,x8jhtp,3,continue,,,349.4000000000233,333.3399999999674,349.4000000000233,349.4000000000233,333.3399999999674,349.4000000000233,0,0,0,,Audio Clip,Audio,1,object-207,phonetic categorization,din,din_20.wav,,,din,dill,,,,expo-10ms,20,,6,labeled,,,234,,exposure,A,B,5,8.94427190999916,d-right,d,
1263,1784153487341,15/07/2026 22:11:27,1784153487341,-7,15/07/2026 15:11:27,269901,13,task-pkec,repeat-7r7d#1,57237405,,16361732,,complete,,,computer,Desktop or Laptop,Mac OS 10.15,Firefox 150.0,1470x956,1470x810,,,0,Phonetic categorization,25,full_List_10,pass,$${overridespreadsheet},full_List_10,174,phonetic categorization,2AFC,6i7z8o,4,response,din,,525.0600000000559,516.6600000000326,525.0600000000559,525.0600000000559,516.6600000000326,525.0600000000559,1,0,0,,Keyboard Response,Keyboard Response,1,object-119,phonetic categorization,din,din_20.wav,,,din,dill,,,,expo-10ms,20,,6,labeled,,,234,,exposure,A,B,5,8.94427190999916,d-right,d,
1264,1784153488535,15/07/2026 22:11:28,1784153488535,-7,15/07/2026 15:11:28,269901,13,task-pkec,repeat-7r7d#1,57237405,,16361732,,complete,,,computer,Desktop or Laptop,Mac OS 10.15,Firefox 150.0,1470x956,1470x810,,,0,Phonetic categorization,25,full_List_10,pass,$${overridespreadsheet},full_List_10,174,phonetic categorization,1.2 second pause,dp6plq,5,timedOut,,,1203.4000000000233,1200,1203.4000000000233,1203.4000000000233,1200,1203.4000000000233,1,0,0,,Time Limit,screen,0,screen,phonetic categorization,din,din_20.wav,,,din,dill,,,,expo-10ms,20,,6,labeled,,,234,,exposure,A,B,5,8.94427190999916,d-right,d,
1265,1784153489035,15/07/2026 22:11:29,1784153489035,-7,15/07/2026 15:11:29,269901,13,task-pkec,repeat-7r7d#1,57237405,,16361732,,complete,,,computer,Desktop or Laptop,Mac OS 10.15,Firefox 150.0,1470x956,1470x810,,,0,Phonetic categorization,25,full_List_10,pass,$${overridespreadsheet},full_List_10,175,phonetic categorization,fixation,99n54d,1,response,,,500,500,500,500,500,500,0,0,0,,Time Limit,screen,0,screen,phonetic categorization,tip,dip_55.wav,,,tip,dip,,,,expo-10ms,55,,6,unlabeled,,,234,,exposure,A,B,50,16.431676725155,d-right,t,
1266,1784153489535,15/07/2026 22:11:29,1784153489535,-7,15/07/2026 15:11:29,269901,13,task-pkec,repeat-7r7d#1,57237405,,16361732,,complete,,,computer,Desktop or Laptop,Mac OS 10.15,Firefox 150.0,1470x956,1470x810,,,0,Phonetic categorization,25,full_List_10,pass,$${overridespreadsheet},full_List_10,175,phonetic categorization,show option,yef3xk,2,response,,,500,500,500,500,500,500,1,0,0,,Time Limit,screen,0,screen,phonetic categorization,tip,dip_55.wav,,,tip,dip,,,,expo-10ms,55,,6,unlabeled,,,234,,exposure,A,B,50,16.431676725155,d-right,t,
1267,1784153489538,15/07/2026 22:11:29,1784153489538,-7,15/07/2026 15:11:29,269901,13,task-pkec,repeat-7r7d#1,57237405,,16361732,,complete,,,computer,Desktop or Laptop,Mac OS 10.15,Firefox 150.0,1470x956,1470x810,,,0,Phonetic categorization,25,full_List_10,pass,$${overridespreadsheet},full_List_10,175,phonetic categorization,soundplay,x8jhtp,3,info,audio started,,6.400000000023283,0,6.400000000023283,6.400000000023283,0,6.400000000023283,0,0,0,,Audio Clip,Audio,1,object-207,phonetic categorization,tip,dip_55.wav,,,tip,dip,,,,expo-10ms,55,,6,unlabeled,,,234,,exposure,A,B,50,16.431676725155,d-right,t,
1268,1784153489972,15/07/2026 22:11:29,1784153489972,-7,15/07/2026 15:11:29,269901,13,task-pkec,repeat-7r7d#1,57237405,,16361732,,complete,,,computer,Desktop or Laptop,Mac OS 10.15,Firefox 150.0,1470x956,1470x810,,,0,Phonetic categorization,25,full_List_10,pass,$${overridespreadsheet},full_List_10,175,phonetic categorization,soundplay,x8jhtp,3,info,audio finished,,439.4000000000233,433.3399999999674,439.4000000000233,439.4000000000233,433.3399999999674,439.4000000000233,0,0,0,,Audio Clip,Audio,1,object-207,phonetic categorization,tip,dip_55.wav,,,tip,dip,,,,expo-10ms,55,,6,unlabeled,,,234,,exposure,A,B,50,16.431676725155,d-right,t,
1269,1784153489973,15/07/2026 22:11:29,1784153489973,-7,15/07/2026 15:11:29,269901,13,task-pkec,repeat-7r7d#1,57237405,,16361732,,complete,,,computer,Desktop or Laptop,Mac OS 10.15,Firefox 150.0,1470x956,1470x810,,,0,Phonetic categorization,25,full_List_10,pass,$${overridespreadsheet},full_List_10,175,phonetic categorization,soundplay,x8jhtp,3,continue,,,440.4000000000233,433.3399999999674,440.4000000000233,440.4000000000233,433.3399999999674,440.4000000000233,0,0,0,,Audio Clip,Audio,1,object-207,phonetic categorization,tip,dip_55.wav,,,tip,dip,,,,expo-10ms,55,,6,unlabeled,,,234,,exposure,A,B,50,16.431676725155,d-right,t,
1270,1784153490213,15/07/2026 22:11:30,1784153490213,-7,15/07/2026 15:11:30,269901,13,task-pkec,repeat-7r7d#1,57237405,,16361732,,complete,,,computer,Desktop or Laptop,Mac OS 10.15,Firefox 150.0,1470x956,1470x810,,,0,Phonetic categorization,25,full_List_10,pass,$${overridespreadsheet},full_List_10,175,phonetic categorization,2AFC,6i7z8o,4,response,tip,,247.06000000005588,233.34000000008382,247.06000000005588,247.06000000005588,233.34000000008382,247.06000000005588,1,0,0,,Keyboard Response,Keyboard Response,1,object-119,phonetic categorization,tip,dip_55.wav,,,tip,dip,,,,expo-10ms,55,,6,unlabeled,,,234,,exposure,A,B,50,16.431676725155,d-right,t,
1271,1784153491401,15/07/2026 22:11:31,1784153491401,-7,15/07/2026 15:11:31,269901,13,task-pkec,repeat-7r7d#1,57237405,,16361732,,complete,,,computer,Desktop or Laptop,Mac OS 10.15,Firefox 150.0,1470x956,1470x810,,,0,Phonetic categorization,25,full_List_10,pass,$${overridespreadsheet},full_List_10,175,phonetic categorization,1.2 second pause,dp6plq,5,timedOut,,,1202.719999999972,1200,1202.719999999972,1202.719999999972,1200,1202.719999999972,1,0,0,,Time Limit,screen,0,screen,phonetic categorization,tip,dip_55.wav,,,tip,dip,,,,expo-10ms,55,,6,unlabeled,,,234,,exposure,A,B,50,16.431676725155,d-right,t,
1272,1784153491902,15/07/2026 22:11:31,1784153491902,-7,15/07/2026 15:11:31,269901,13,task-pkec,repeat-7r7d#1,57237405,,16361732,,complete,,,computer,Desktop or Laptop,Mac OS 10.15,Firefox 150.0,1470x956,1470x810,,,0,Phonetic categorization,25,full_List_10,pass,$${overridespreadsheet},full_List_10,176,phonetic categorization,fixation,99n54d,1,response,,,500,500,500,500,500,500,0,0,0,,Time Limit,screen,0,screen,phonetic categorization,tip,dip_55.wav,,,tip,dip,,,,expo-10ms,55,,6,unlabeled,,,234,,exposure,A,B,50,16.431676725155,d-right,t,
1273,1784153492401,15/07/2026 22:11:32,1784153492401,-7,15/07/2026 15:11:32,269901,13,task-pkec,repeat-7r7d#1,57237405,,16361732,,complete,,,computer,Desktop or Laptop,Mac OS 10.15,Firefox 150.0,1470x956,1470x810,,,0,Phonetic categorization,25,full_List_10,pass,$${overridespreadsheet},full_List_10,176,phonetic categorization,show option,yef3xk,2,response,,,500,500,500,500,500,500,1,0,0,,Time Limit,screen,0,screen,phonetic categorization,tip,dip_55.wav,,,tip,dip,,,,expo-10ms,55,,6,unlabeled,,,234,,exposure,A,B,50,16.431676725155,d-right,t,
1274,1784153492407,15/07/2026 22:11:32,1784153492407,-7,15/07/2026 15:11:32,269901,13,task-pkec,repeat-7r7d#1,57237405,,16361732,,complete,,,computer,Desktop or Laptop,Mac OS 10.15,Firefox 150.0,1470x956,1470x810,,,0,Phonetic categorization,25,full_List_10,pass,$${overridespreadsheet},full_List_10,176,phonetic categorization,soundplay,x8jhtp,3,info,audio started,,8.71999999997206,0,8.71999999997206,8.71999999997206,0,8.71999999997206,0,0,0,,Audio Clip,Audio,1,object-207,phonetic categorization,tip,dip_55.wav,,,tip,dip,,,,expo-10ms,55,,6,unlabeled,,,234,,exposure,A,B,50,16.431676725155,d-right,t,
1275,1784153492837,15/07/2026 22:11:32,1784153492837,-7,15/07/2026 15:11:32,269901,13,task-pkec,repeat-7r7d#1,57237405,,16361732,,complete,,,computer,Desktop or Laptop,Mac OS 10.15,Firefox 150.0,1470x956,1470x810,,,0,Phonetic categorization,25,full_List_10,pass,$${overridespreadsheet},full_List_10,176,phonetic categorization,soundplay,x8jhtp,3,info,audio finished,,438.71999999997206,433.3199999999488,438.71999999997206,438.71999999997206,433.3199999999488,438.71999999997206,0,0,0,,Audio Clip,Audio,1,object-207,phonetic categorization,tip,dip_55.wav,,,tip,dip,,,,expo-10ms,55,,6,unlabeled,,,234,,exposure,A,B,50,16.431676725155,d-right,t,
1276,1784153492838,15/07/2026 22:11:32,1784153492838,-7,15/07/2026 15:11:32,269901,13,task-pkec,repeat-7r7d#1,57237405,,16361732,,complete,,,computer,Desktop or Laptop,Mac OS 10.15,Firefox 150.0,1470x956,1470x810,,,0,Phonetic categorization,25,full_List_10,pass,$${overridespreadsheet},full_List_10,176,phonetic categorization,soundplay,x8jhtp,3,continue,,,439.71999999997206,433.3199999999488,439.71999999997206,439.71999999997206,433.3199999999488,439.71999999997206,0,0,0,,Audio Clip,Audio,1,object-207,phonetic categorization,tip,dip_55.wav,,,tip,dip,,,,expo-10ms,55,,6,unlabeled,,,234,,exposure,A,B,50,16.431676725155,d-right,t,
1277,1784153492990,15/07/2026 22:11:32,1784153492990,-7,15/07/2026 15:11:32,269901,13,task-pkec,repeat-7r7d#1,57237405,,16361732,,complete,,,computer,Desktop or Laptop,Mac OS 10.15,Firefox 150.0,1470x956,1470x810,,,0,Phonetic categorization,25,full_List_10,pass,$${overridespreadsheet},full_List_10,176,phonetic categorization,2AFC,6i7z8o,4,response,tip,,157.40000000002328,150,157.40000000002328,157.40000000002328,150,157.40000000002328,1,0,0,,Keyboard Response,Keyboard Response,1,object-119,phonetic categorization,tip,dip_55.wav,,,tip,dip,,,,expo-10ms,55,,6,unlabeled,,,234,,exposure,A,B,50,16.431676725155,d-right,t,
1278,1784153494185,15/07/2026 22:11:34,1784153494185,-7,15/07/2026 15:11:34,269901,13,task-pkec,repeat-7r7d#1,57237405,,16361732,,complete,,,computer,Desktop or Laptop,Mac OS 10.15,Firefox 150.0,1470x956,1470x810,,,0,Phonetic categorization,25,full_List_10,pass,$${overridespreadsheet},full_List_10,176,phonetic categorization,1.2 second pause,dp6plq,5,timedOut,,,1203.4000000000233,1200,1203.4000000000233,1203.4000000000233,1200,1203.4000000000233,1,0,0,,Time Limit,screen,0,screen,phonetic categorization,tip,dip_55.wav,,,tip,dip,,,,expo-10ms,55,,6,unlabeled,,,234,,exposure,A,B,50,16.431676725155,d-right,t,
1279,1784153494686,15/07/2026 22:11:34,1784153494686,-7,15/07/2026 15:11:34,269901,13,task-pkec,repeat-7r7d#1,57237405,,16361732,,complete,,,computer,Desktop or Laptop,Mac OS 10.15,Firefox 150.0,1470x956,1470x810,,,0,Phonetic categorization,25,full_List_10,pass,$${overridespreadsheet},full_List_10,177,phonetic categorization,fixation,99n54d,1,response,,,500,500,500,500,500,500,0,0,0,,Time Limit,screen,0,screen,phonetic categorization,tip,dip_70.wav,,,tip,tin,,,,expo-10ms,70,,6,labeled,,,234,,exposure,A,B,50,16.431676725155,d-right,t,
1280,1784153495186,15/07/2026 22:11:35,1784153495186,-7,15/07/2026 15:11:35,269901,13,task-pkec,repeat-7r7d#1,57237405,,16361732,,complete,,,computer,Desktop or Laptop,Mac OS 10.15,Firefox 150.0,1470x956,1470x810,,,0,Phonetic categorization,25,full_List_10,pass,$${overridespreadsheet},full_List_10,177,phonetic categorization,show option,yef3xk,2,response,,,500,500,500,500,500,500,1,0,0,,Time Limit,screen,0,screen,phonetic categorization,tip,dip_70.wav,,,tip,tin,,,,expo-10ms,70,,6,labeled,,,234,,exposure,A,B,50,16.431676725155,d-right,t,
1281,1784153495192,15/07/2026 22:11:35,1784153495192,-7,15/07/2026 15:11:35,269901,13,task-pkec,repeat-7r7d#1,57237405,,16361732,,complete,,,computer,Desktop or Laptop,Mac OS 10.15,Firefox 150.0,1470x956,1470x810,,,0,Phonetic categorization,25,full_List_10,pass,$${overridespreadsheet},full_List_10,177,phonetic categorization,soundplay,x8jhtp,3,info,audio started,,10.400000000023283,0,10.400000000023283,10.400000000023283,0,10.400000000023283,0,0,0,,Audio Clip,Audio,1,object-207,phonetic categorization,tip,dip_70.wav,,,tip,tin,,,,expo-10ms,70,,6,labeled,,,234,,exposure,A,B,50,16.431676725155,d-right,t,
1282,1784153495632,15/07/2026 22:11:35,1784153495632,-7,15/07/2026 15:11:35,269901,13,task-pkec,repeat-7r7d#1,57237405,,16361732,,complete,,,computer,Desktop or Laptop,Mac OS 10.15,Firefox 150.0,1470x956,1470x810,,,0,Phonetic categorization,25,full_List_10,pass,$${overridespreadsheet},full_List_10,177,phonetic categorization,soundplay,x8jhtp,3,info,audio finished,,449.9999999998836,433.3399999999674,449.9999999998836,449.9999999998836,433.3399999999674,449.9999999998836,0,0,0,,Audio Clip,Audio,1,object-207,phonetic categorization,tip,dip_70.wav,,,tip,tin,,,,expo-10ms,70,,6,labeled,,,234,,exposure,A,B,50,16.431676725155,d-right,t,
1283,1784153495633,15/07/2026 22:11:35,1784153495633,-7,15/07/2026 15:11:35,269901,13,task-pkec,repeat-7r7d#1,57237405,,16361732,,complete,,,computer,Desktop or Laptop,Mac OS 10.15,Firefox 150.0,1470x956,1470x810,,,0,Phonetic categorization,25,full_List_10,pass,$${overridespreadsheet},full_List_10,177,phonetic categorization,soundplay,x8jhtp,3,continue,,,449.9999999998836,433.3399999999674,449.9999999998836,449.9999999998836,433.3399999999674,449.9999999998836,0,0,0,,Audio Clip,Audio,1,object-207,phonetic categorization,tip,dip_70.wav,,,tip,tin,,,,expo-10ms,70,,6,labeled,,,234,,exposure,A,B,50,16.431676725155,d-right,t,
1284,1784153495853,15/07/2026 22:11:35,1784153495853,-7,15/07/2026 15:11:35,269901,13,task-pkec,repeat-7r7d#1,57237405,,16361732,,complete,,,computer,Desktop or Laptop,Mac OS 10.15,Firefox 150.0,1470x956,1470x810,,,0,Phonetic categorization,25,full_List_10,pass,$${overridespreadsheet},full_List_10,177,phonetic categorization,2AFC,6i7z8o,4,response,tip,,237.06000000005588,233.34000000008382,237.06000000005588,237.06000000005588,233.34000000008382,237.06000000005588,1,0,0,,Keyboard Response,Keyboard Response,1,object-119,phonetic categorization,tip,dip_70.wav,,,tip,tin,,,,expo-10ms,70,,6,labeled,,,234,,exposure,A,B,50,16.431676725155,d-right,t,
1285,1784153497054,15/07/2026 22:11:37,1784153497054,-7,15/07/2026 15:11:37,269901,13,task-pkec,repeat-7r7d#1,57237405,,16361732,,complete,,,computer,Desktop or Laptop,Mac OS 10.15,Firefox 150.0,1470x956,1470x810,,,0,Phonetic categorization,25,full_List_10,pass,$${overridespreadsheet},full_List_10,177,phonetic categorization,1.2 second pause,dp6plq,5,timedOut,,,1204.719999999972,1200,1204.719999999972,1204.719999999972,1200,1204.719999999972,1,0,0,,Time Limit,screen,0,screen,phonetic categorization,tip,dip_70.wav,,,tip,tin,,,,expo-10ms,70,,6,labeled,,,234,,exposure,A,B,50,16.431676725155,d-right,t,
1286,1784153497552,15/07/2026 22:11:37,1784153497552,-7,15/07/2026 15:11:37,269901,13,task-pkec,repeat-7r7d#1,57237405,,16361732,,complete,,,computer,Desktop or Laptop,Mac OS 10.15,Firefox 150.0,1470x956,1470x810,,,0,Phonetic categorization,25,full_List_10,pass,$${overridespreadsheet},full_List_10,178,phonetic categorization,fixation,99n54d,1,response,,,500,500,500,500,500,500,0,0,0,,Time Limit,screen,0,screen,phonetic categorization,dip,dip_10.wav,,,din,dip,,,,expo-10ms,10,,6,labeled,,,234,,exposure,A,B,5,8.94427190999916,d-right,d,
1287,1784153498050,15/07/2026 22:11:38,1784153498050,-7,15/07/2026 15:11:38,269901,13,task-pkec,repeat-7r7d#1,57237405,,16361732,,complete,,,computer,Desktop or Laptop,Mac OS 10.15,Firefox 150.0,1470x956,1470x810,,,0,Phonetic categorization,25,full_List_10,pass,$${overridespreadsheet},full_List_10,178,phonetic categorization,show option,yef3xk,2,response,,,500,500,500,500,500,500,1,0,0,,Time Limit,screen,0,screen,phonetic categorization,dip,dip_10.wav,,,din,dip,,,,expo-10ms,10,,6,labeled,,,234,,exposure,A,B,5,8.94427190999916,d-right,d,
1288,1784153498059,15/07/2026 22:11:38,1784153498059,-7,15/07/2026 15:11:38,269901,13,task-pkec,repeat-7r7d#1,57237405,,16361732,,complete,,,computer,Desktop or Laptop,Mac OS 10.15,Firefox 150.0,1470x956,1470x810,,,0,Phonetic categorization,25,full_List_10,pass,$${overridespreadsheet},full_List_10,178,phonetic categorization,soundplay,x8jhtp,3,info,audio started,,10.71999999997206,0,10.71999999997206,10.71999999997206,0,10.71999999997206,0,0,0,,Audio Clip,Audio,1,object-207,phonetic categorization,dip,dip_10.wav,,,din,dip,,,,expo-10ms,10,,6,labeled,,,234,,exposure,A,B,5,8.94427190999916,d-right,d,
1289,1784153498461,15/07/2026 22:11:38,1784153498461,-7,15/07/2026 15:11:38,269901,13,task-pkec,repeat-7r7d#1,57237405,,16361732,,complete,,,computer,Desktop or Laptop,Mac OS 10.15,Firefox 150.0,1470x956,1470x810,,,0,Phonetic categorization,25,full_List_10,pass,$${overridespreadsheet},full_List_10,178,phonetic categorization,soundplay,x8jhtp,3,info,audio finished,,413.71999999997206,400,413.71999999997206,413.71999999997206,400,413.71999999997206,0,0,0,,Audio Clip,Audio,1,object-207,phonetic categorization,dip,dip_10.wav,,,din,dip,,,,expo-10ms,10,,6,labeled,,,234,,exposure,A,B,5,8.94427190999916,d-right,d,
1290,1784153498462,15/07/2026 22:11:38,1784153498462,-7,15/07/2026 15:11:38,269901,13,task-pkec,repeat-7r7d#1,57237405,,16361732,,complete,,,computer,Desktop or Laptop,Mac OS 10.15,Firefox 150.0,1470x956,1470x810,,,0,Phonetic categorization,25,full_List_10,pass,$${overridespreadsheet},full_List_10,178,phonetic categorization,soundplay,x8jhtp,3,continue,,,413.71999999997206,400,413.71999999997206,413.71999999997206,400,413.71999999997206,0,0,0,,Audio Clip,Audio,1,object-207,phonetic categorization,dip,dip_10.wav,,,din,dip,,,,expo-10ms,10,,6,labeled,,,234,,exposure,A,B,5,8.94427190999916,d-right,d,
1291,1784153498787,15/07/2026 22:11:38,1784153498787,-7,15/07/2026 15:11:38,269901,13,task-pkec,repeat-7r7d#1,57237405,,16361732,,complete,,,computer,Desktop or Laptop,Mac OS 10.15,Firefox 150.0,1470x956,1470x810,,,0,Phonetic categorization,25,full_List_10,pass,$${overridespreadsheet},full_List_10,178,phonetic categorization,2AFC,6i7z8o,4,response,dip,,337.71999999997206,333.2399999999907,337.71999999997206,337.71999999997206,333.2399999999907,337.71999999997206,1,0,0,,Keyboard Response,Keyboard Response,1,object-119,phonetic categorization,dip,dip_10.wav,,,din,dip,,,,expo-10ms,10,,6,labeled,,,234,,exposure,A,B,5,8.94427190999916,d-right,d,
1292,1784153499984,15/07/2026 22:11:39,1784153499984,-7,15/07/2026 15:11:39,269901,13,task-pkec,repeat-7r7d#1,57237405,,16361732,,complete,,,computer,Desktop or Laptop,Mac OS 10.15,Firefox 150.0,1470x956,1470x810,,,0,Phonetic categorization,25,full_List_10,pass,$${overridespreadsheet},full_List_10,178,phonetic categorization,1.2 second pause,dp6plq,5,timedOut,,,1201.4799999999814,1200.079999999958,1201.4799999999814,1201.4799999999814,1200.079999999958,1201.4799999999814,1,0,0,,Time Limit,screen,0,screen,phonetic categorization,dip,dip_10.wav,,,din,dip,,,,expo-10ms,10,,6,labeled,,,234,,exposure,A,B,5,8.94427190999916,d-right,d,
1293,1784153500485,15/07/2026 22:11:40,1784153500485,-7,15/07/2026 15:11:40,269901,13,task-pkec,repeat-7r7d#1,57237405,,16361732,,complete,,,computer,Desktop or Laptop,Mac OS 10.15,Firefox 150.0,1470x956,1470x810,,,0,Phonetic categorization,25,full_List_10,pass,$${overridespreadsheet},full_List_10,179,phonetic categorization,fixation,99n54d,1,response,,,500,500,500,500,500,500,0,0,0,,Time Limit,screen,0,screen,phonetic categorization,flare,flare.wav,,,flare,share,,,,expo-10ms,,,6,,,,234,,catch,A,B,,,d-right,,
1294,1784153500985,15/07/2026 22:11:40,1784153500985,-7,15/07/2026 15:11:40,269901,13,task-pkec,repeat-7r7d#1,57237405,,16361732,,complete,,,computer,Desktop or Laptop,Mac OS 10.15,Firefox 150.0,1470x956,1470x810,,,0,Phonetic categorization,25,full_List_10,pass,$${overridespreadsheet},full_List_10,179,phonetic categorization,show option,yef3xk,2,response,,,500,500,500,500,500,500,1,0,0,,Time Limit,screen,0,screen,phonetic categorization,flare,flare.wav,,,flare,share,,,,expo-10ms,,,6,,,,234,,catch,A,B,,,d-right,,
1295,1784153500991,15/07/2026 22:11:40,1784153500991,-7,15/07/2026 15:11:40,269901,13,task-pkec,repeat-7r7d#1,57237405,,16361732,,complete,,,computer,Desktop or Laptop,Mac OS 10.15,Firefox 150.0,1470x956,1470x810,,,0,Phonetic categorization,25,full_List_10,pass,$${overridespreadsheet},full_List_10,179,phonetic categorization,soundplay,x8jhtp,3,info,audio started,,9.400000000023283,0,9.400000000023283,9.400000000023283,0,9.400000000023283,0,0,0,,Audio Clip,Audio,1,object-207,phonetic categorization,flare,flare.wav,,,flare,share,,,,expo-10ms,,,6,,,,234,,catch,A,B,,,d-right,,
1296,1784153501485,15/07/2026 22:11:41,1784153501485,-7,15/07/2026 15:11:41,269901,13,task-pkec,repeat-7r7d#1,57237405,,16361732,,complete,,,computer,Desktop or Laptop,Mac OS 10.15,Firefox 150.0,1470x956,1470x810,,,0,Phonetic categorization,25,full_List_10,pass,$${overridespreadsheet},full_List_10,179,phonetic categorization,soundplay,x8jhtp,3,info,audio finished,,503.4000000000233,500,503.4000000000233,503.4000000000233,500,503.4000000000233,0,0,0,,Audio Clip,Audio,1,object-207,phonetic categorization,flare,flare.wav,,,flare,share,,,,expo-10ms,,,6,,,,234,,catch,A,B,,,d-right,,
1297,1784153501486,15/07/2026 22:11:41,1784153501486,-7,15/07/2026 15:11:41,269901,13,task-pkec,repeat-7r7d#1,57237405,,16361732,,complete,,,computer,Desktop or Laptop,Mac OS 10.15,Firefox 150.0,1470x956,1470x810,,,0,Phonetic categorization,25,full_List_10,pass,$${overridespreadsheet},full_List_10,179,phonetic categorization,soundplay,x8jhtp,3,continue,,,503.4000000000233,500,503.4000000000233,503.4000000000233,500,503.4000000000233,0,0,0,,Audio Clip,Audio,1,object-207,phonetic categorization,flare,flare.wav,,,flare,share,,,,expo-10ms,,,6,,,,234,,catch,A,B,,,d-right,,
1298,1784153501716,15/07/2026 22:11:41,1784153501716,-7,15/07/2026 15:11:41,269901,13,task-pkec,repeat-7r7d#1,57237405,,16361732,,complete,,,computer,Desktop or Laptop,Mac OS 10.15,Firefox 150.0,1470x956,1470x810,,,0,Phonetic categorization,25,full_List_10,pass,$${overridespreadsheet},full_List_10,179,phonetic categorization,2AFC,6i7z8o,4,response,flare,,233.40000000002328,216.68000000005122,233.40000000002328,233.40000000002328,216.68000000005122,233.40000000002328,1,0,0,,Keyboard Response,Keyboard Response,1,object-119,phonetic categorization,flare,flare.wav,,,flare,share,,,,expo-10ms,,,6,,,,234,,catch,A,B,,,d-right,,
1299,1784153502902,15/07/2026 22:11:42,1784153502902,-7,15/07/2026 15:11:42,269901,13,task-pkec,repeat-7r7d#1,57237405,,16361732,,complete,,,computer,Desktop or Laptop,Mac OS 10.15,Firefox 150.0,1470x956,1470x810,,,0,Phonetic categorization,25,full_List_10,pass,$${overridespreadsheet},full_List_10,179,phonetic categorization,1.2 second pause,dp6plq,5,timedOut,,,1202.719999999972,1200,1202.719999999972,1202.719999999972,1200,1202.719999999972,1,0,0,,Time Limit,screen,0,screen,phonetic categorization,flare,flare.wav,,,flare,share,,,,expo-10ms,,,6,,,,234,,catch,A,B,,,d-right,,
1300,1784153503401,15/07/2026 22:11:43,1784153503401,-7,15/07/2026 15:11:43,269901,13,task-pkec,repeat-7r7d#1,57237405,,16361732,,complete,,,computer,Desktop or Laptop,Mac OS 10.15,Firefox 150.0,1470x956,1470x810,,,0,Phonetic categorization,25,full_List_10,pass,$${overridespreadsheet},full_List_10,180,phonetic categorization,fixation,99n54d,1,response,,,500,500,500,500,500,500,0,0,0,,Time Limit,screen,0,screen,phonetic categorization,tip,dip_45.wav,,,tip,dip,,,,expo-10ms,45,,6,unlabeled,,,234,,exposure,A,B,50,16.431676725155,d-right,t,
1301,1784153503902,15/07/2026 22:11:43,1784153503902,-7,15/07/2026 15:11:43,269901,13,task-pkec,repeat-7r7d#1,57237405,,16361732,,complete,,,computer,Desktop or Laptop,Mac OS 10.15,Firefox 150.0,1470x956,1470x810,,,0,Phonetic categorization,25,full_List_10,pass,$${overridespreadsheet},full_List_10,180,phonetic categorization,show option,yef3xk,2,response,,,500,500,500,500,500,500,1,0,0,,Time Limit,screen,0,screen,phonetic categorization,tip,dip_45.wav,,,tip,dip,,,,expo-10ms,45,,6,unlabeled,,,234,,exposure,A,B,50,16.431676725155,d-right,t,
1302,1784153503908,15/07/2026 22:11:43,1784153503908,-7,15/07/2026 15:11:43,269901,13,task-pkec,repeat-7r7d#1,57237405,,16361732,,complete,,,computer,Desktop or Laptop,Mac OS 10.15,Firefox 150.0,1470x956,1470x810,,,0,Phonetic categorization,25,full_List_10,pass,$${overridespreadsheet},full_List_10,180,phonetic categorization,soundplay,x8jhtp,3,info,audio started,,8.71999999997206,0,8.71999999997206,8.71999999997206,0,8.71999999997206,0,0,0,,Audio Clip,Audio,1,object-207,phonetic categorization,tip,dip_45.wav,,,tip,dip,,,,expo-10ms,45,,6,unlabeled,,,234,,exposure,A,B,50,16.431676725155,d-right,t,
1303,1784153504333,15/07/2026 22:11:44,1784153504333,-7,15/07/2026 15:11:44,269901,13,task-pkec,repeat-7r7d#1,57237405,,16361732,,complete,,,computer,Desktop or Laptop,Mac OS 10.15,Firefox 150.0,1470x956,1470x810,,,0,Phonetic categorization,25,full_List_10,pass,$${overridespreadsheet},full_List_10,180,phonetic categorization,soundplay,x8jhtp,3,info,audio finished,,434.71999999997206,432.8399999999674,434.71999999997206,434.71999999997206,432.8399999999674,434.71999999997206,0,0,0,,Audio Clip,Audio,1,object-207,phonetic categorization,tip,dip_45.wav,,,tip,dip,,,,expo-10ms,45,,6,unlabeled,,,234,,exposure,A,B,50,16.431676725155,d-right,t,
1304,1784153504334,15/07/2026 22:11:44,1784153504334,-7,15/07/2026 15:11:44,269901,13,task-pkec,repeat-7r7d#1,57237405,,16361732,,complete,,,computer,Desktop or Laptop,Mac OS 10.15,Firefox 150.0,1470x956,1470x810,,,0,Phonetic categorization,25,full_List_10,pass,$${overridespreadsheet},full_List_10,180,phonetic categorization,soundplay,x8jhtp,3,continue,,,434.71999999997206,432.8399999999674,434.71999999997206,434.71999999997206,432.8399999999674,434.71999999997206,0,0,0,,Audio Clip,Audio,1,object-207,phonetic categorization,tip,dip_45.wav,,,tip,dip,,,,expo-10ms,45,,6,unlabeled,,,234,,exposure,A,B,50,16.431676725155,d-right,t,
1305,1784153504844,15/07/2026 22:11:44,1784153504844,-7,15/07/2026 15:11:44,269901,13,task-pkec,repeat-7r7d#1,57237405,,16361732,,complete,,,computer,Desktop or Laptop,Mac OS 10.15,Firefox 150.0,1470x956,1470x810,,,0,Phonetic categorization,25,full_List_10,pass,$${overridespreadsheet},full_List_10,180,phonetic categorization,2AFC,6i7z8o,4,response,dip,,512.8800000000047,500.4799999999814,512.8800000000047,512.8800000000047,500.4799999999814,512.8800000000047,0,0,0,,Keyboard Response,Keyboard Response,1,object-119,phonetic categorization,tip,dip_45.wav,,,tip,dip,,,,expo-10ms,45,,6,unlabeled,,,234,,exposure,A,B,50,16.431676725155,d-right,t,
1306,1784153506046,15/07/2026 22:11:46,1784153506046,-7,15/07/2026 15:11:46,269901,13,task-pkec,repeat-7r7d#1,57237405,,16361732,,complete,,,computer,Desktop or Laptop,Mac OS 10.15,Firefox 150.0,1470x956,1470x810,,,0,Phonetic categorization,25,full_List_10,pass,$${overridespreadsheet},full_List_10,180,phonetic categorization,1.2 second pause,dp6plq,5,timedOut,,,1212.4000000000233,1200,1212.4000000000233,1212.4000000000233,1200,1212.4000000000233,1,0,0,,Time Limit,screen,0,screen,phonetic categorization,tip,dip_45.wav,,,tip,dip,,,,expo-10ms,45,,6,unlabeled,,,234,,exposure,A,B,50,16.431676725155,d-right,t,
1307,1784153566029,15/07/2026 22:12:46,1784153566029,-7,15/07/2026 15:12:46,269901,13,task-pkec,repeat-7r7d#1,57237405,,16361732,,complete,,,computer,Desktop or Laptop,Mac OS 10.15,Firefox 150.0,1470x956,1470x810,,,0,Phonetic categorization,25,full_List_10,pass,$${overridespreadsheet},full_List_10,1,break3,Screen 1,v4l75v,1,response,,,59991.76000000001,59991.76000000001,59991.76000000001,59991.76000000001,59991.76000000001,59991.76000000001,1,0,0,,Time Limit,screen,0,screen,break3,,,,,,,,,,,,,,,,,,,,,,,,,,
1308,1784153566527,15/07/2026 22:12:46,1784153566527,-7,15/07/2026 15:12:46,269901,13,task-pkec,repeat-7r7d#1,57237405,,16361732,,complete,,,computer,Desktop or Laptop,Mac OS 10.15,Firefox 150.0,1470x956,1470x810,,,0,Phonetic categorization,25,full_List_10,pass,$${overridespreadsheet},full_List_10,181,phonetic categorization,fixation,99n54d,1,response,,,500,500,500,500,500,500,0,0,0,,Time Limit,screen,0,screen,phonetic categorization,dip,dip_15.wav,,,tip,dip,,,,expo-10ms,15,,6,unlabeled,,,234,,exposure,A,B,5,8.94427190999916,d-right,d,
1309,1784153567027,15/07/2026 22:12:47,1784153567027,-7,15/07/2026 15:12:47,269901,13,task-pkec,repeat-7r7d#1,57237405,,16361732,,complete,,,computer,Desktop or Laptop,Mac OS 10.15,Firefox 150.0,1470x956,1470x810,,,0,Phonetic categorization,25,full_List_10,pass,$${overridespreadsheet},full_List_10,181,phonetic categorization,show option,yef3xk,2,response,,,500,500,500,500,500,500,1,0,0,,Time Limit,screen,0,screen,phonetic categorization,dip,dip_15.wav,,,tip,dip,,,,expo-10ms,15,,6,unlabeled,,,234,,exposure,A,B,5,8.94427190999916,d-right,d,
1310,1784153567037,15/07/2026 22:12:47,1784153567037,-7,15/07/2026 15:12:47,269901,13,task-pkec,repeat-7r7d#1,57237405,,16361732,,complete,,,computer,Desktop or Laptop,Mac OS 10.15,Firefox 150.0,1470x956,1470x810,,,0,Phonetic categorization,25,full_List_10,pass,$${overridespreadsheet},full_List_10,181,phonetic categorization,soundplay,x8jhtp,3,info,audio started,,13.64000000001397,0,13.64000000001397,13.64000000001397,0,13.64000000001397,0,0,0,,Audio Clip,Audio,1,object-207,phonetic categorization,dip,dip_15.wav,,,tip,dip,,,,expo-10ms,15,,6,unlabeled,,,234,,exposure,A,B,5,8.94427190999916,d-right,d,
1311,1784153567638,15/07/2026 22:12:47,1784153567638,-7,15/07/2026 15:12:47,269901,13,task-pkec,repeat-7r7d#1,57237405,,16361732,,complete,,,computer,Desktop or Laptop,Mac OS 10.15,Firefox 150.0,1470x956,1470x810,,,0,Phonetic categorization,25,full_List_10,pass,$${overridespreadsheet},full_List_10,181,phonetic categorization,soundplay,x8jhtp,3,info,audio finished,,613.640000000014,600,613.640000000014,613.640000000014,600,613.640000000014,0,0,0,,Audio Clip,Audio,1,object-207,phonetic categorization,dip,dip_15.wav,,,tip,dip,,,,expo-10ms,15,,6,unlabeled,,,234,,exposure,A,B,5,8.94427190999916,d-right,d,
1312,1784153567638,15/07/2026 22:12:47,1784153567638,-7,15/07/2026 15:12:47,269901,13,task-pkec,repeat-7r7d#1,57237405,,16361732,,complete,,,computer,Desktop or Laptop,Mac OS 10.15,Firefox 150.0,1470x956,1470x810,,,0,Phonetic categorization,25,full_List_10,pass,$${overridespreadsheet},full_List_10,181,phonetic categorization,soundplay,x8jhtp,3,continue,,,615.640000000014,600,615.640000000014,615.640000000014,600,615.640000000014,0,0,0,,Audio Clip,Audio,1,object-207,phonetic categorization,dip,dip_15.wav,,,tip,dip,,,,expo-10ms,15,,6,unlabeled,,,234,,exposure,A,B,5,8.94427190999916,d-right,d,
1313,1784153568597,15/07/2026 22:12:48,1784153568597,-7,15/07/2026 15:12:48,269901,13,task-pkec,repeat-7r7d#1,57237405,,16361732,,complete,,,computer,Desktop or Laptop,Mac OS 10.15,Firefox 150.0,1470x956,1470x810,,,0,Phonetic categorization,25,full_List_10,pass,$${overridespreadsheet},full_List_10,181,phonetic categorization,2AFC,6i7z8o,4,response,dip,,967.8600000001024,951.2000000000698,967.8600000001024,967.8600000001024,951.2000000000698,967.8600000001024,1,0,0,,Keyboard Response,Keyboard Response,1,object-119,phonetic categorization,dip,dip_15.wav,,,tip,dip,,,,expo-10ms,15,,6,unlabeled,,,234,,exposure,A,B,5,8.94427190999916,d-right,d,
1314,1784153569776,15/07/2026 22:12:49,1784153569776,-7,15/07/2026 15:12:49,269901,13,task-pkec,repeat-7r7d#1,57237405,,16361732,,complete,,,computer,Desktop or Laptop,Mac OS 10.15,Firefox 150.0,1470x956,1470x810,,,0,Phonetic categorization,25,full_List_10,pass,$${overridespreadsheet},full_List_10,181,phonetic categorization,1.2 second pause,dp6plq,5,timedOut,,,1201.4399999999441,1200,1201.4399999999441,1201.4399999999441,1200,1201.4399999999441,1,0,0,,Time Limit,screen,0,screen,phonetic categorization,dip,dip_15.wav,,,tip,dip,,,,expo-10ms,15,,6,unlabeled,,,234,,exposure,A,B,5,8.94427190999916,d-right,d,
1315,1784153570278,15/07/2026 22:12:50,1784153570278,-7,15/07/2026 15:12:50,269901,13,task-pkec,repeat-7r7d#1,57237405,,16361732,,complete,,,computer,Desktop or Laptop,Mac OS 10.15,Firefox 150.0,1470x956,1470x810,,,0,Phonetic categorization,25,full_List_10,pass,$${overridespreadsheet},full_List_10,182,phonetic categorization,fixation,99n54d,1,response,,,500,500,500,500,500,500,0,0,0,,Time Limit,screen,0,screen,phonetic categorization,rare,rare.wav,,,rare,flare,,,,expo-10ms,,,6,,,,234,,catch,A,B,,,d-right,,
1316,1784153570778,15/07/2026 22:12:50,1784153570778,-7,15/07/2026 15:12:50,269901,13,task-pkec,repeat-7r7d#1,57237405,,16361732,,complete,,,computer,Desktop or Laptop,Mac OS 10.15,Firefox 150.0,1470x956,1470x810,,,0,Phonetic categorization,25,full_List_10,pass,$${overridespreadsheet},full_List_10,182,phonetic categorization,show option,yef3xk,2,response,,,500,500,500,500,500,500,1,0,0,,Time Limit,screen,0,screen,phonetic categorization,rare,rare.wav,,,rare,flare,,,,expo-10ms,,,6,,,,234,,catch,A,B,,,d-right,,
1317,1784153570785,15/07/2026 22:12:50,1784153570785,-7,15/07/2026 15:12:50,269901,13,task-pkec,repeat-7r7d#1,57237405,,16361732,,complete,,,computer,Desktop or Laptop,Mac OS 10.15,Firefox 150.0,1470x956,1470x810,,,0,Phonetic categorization,25,full_List_10,pass,$${overridespreadsheet},full_List_10,182,phonetic categorization,soundplay,x8jhtp,3,info,audio started,,9.43999999994412,0,9.43999999994412,9.43999999994412,0,9.43999999994412,0,0,0,,Audio Clip,Audio,1,object-207,phonetic categorization,rare,rare.wav,,,rare,flare,,,,expo-10ms,,,6,,,,234,,catch,A,B,,,d-right,,
1318,1784153571240,15/07/2026 22:12:51,1784153571240,-7,15/07/2026 15:12:51,269901,13,task-pkec,repeat-7r7d#1,57237405,,16361732,,complete,,,computer,Desktop or Laptop,Mac OS 10.15,Firefox 150.0,1470x956,1470x810,,,0,Phonetic categorization,25,full_List_10,pass,$${overridespreadsheet},full_List_10,182,phonetic categorization,soundplay,x8jhtp,3,info,audio finished,,465.4399999999441,450,465.4399999999441,465.4399999999441,450,465.4399999999441,0,0,0,,Audio Clip,Audio,1,object-207,phonetic categorization,rare,rare.wav,,,rare,flare,,,,expo-10ms,,,6,,,,234,,catch,A,B,,,d-right,,
1319,1784153571241,15/07/2026 22:12:51,1784153571241,-7,15/07/2026 15:12:51,269901,13,task-pkec,repeat-7r7d#1,57237405,,16361732,,complete,,,computer,Desktop or Laptop,Mac OS 10.15,Firefox 150.0,1470x956,1470x810,,,0,Phonetic categorization,25,full_List_10,pass,$${overridespreadsheet},full_List_10,182,phonetic categorization,soundplay,x8jhtp,3,continue,,,466.4399999999441,450,466.4399999999441,466.4399999999441,450,466.4399999999441,0,0,0,,Audio Clip,Audio,1,object-207,phonetic categorization,rare,rare.wav,,,rare,flare,,,,expo-10ms,,,6,,,,234,,catch,A,B,,,d-right,,
1320,1784153571368,15/07/2026 22:12:51,1784153571368,-7,15/07/2026 15:12:51,269901,13,task-pkec,repeat-7r7d#1,57237405,,16361732,,complete,,,computer,Desktop or Laptop,Mac OS 10.15,Firefox 150.0,1470x956,1470x810,,,0,Phonetic categorization,25,full_List_10,pass,$${overridespreadsheet},full_List_10,182,phonetic categorization,2AFC,6i7z8o,4,response,rare,,142.43999999994412,133.3399999999674,142.43999999994412,142.43999999994412,133.3399999999674,142.43999999994412,1,0,0,,Keyboard Response,Keyboard Response,1,object-119,phonetic categorization,rare,rare.wav,,,rare,flare,,,,expo-10ms,,,6,,,,234,,catch,A,B,,,d-right,,
1321,1784153572562,15/07/2026 22:12:52,1784153572562,-7,15/07/2026 15:12:52,269901,13,task-pkec,repeat-7r7d#1,57237405,,16361732,,complete,,,computer,Desktop or Laptop,Mac OS 10.15,Firefox 150.0,1470x956,1470x810,,,0,Phonetic categorization,25,full_List_10,pass,$${overridespreadsheet},full_List_10,182,phonetic categorization,1.2 second pause,dp6plq,5,timedOut,,,1204.0999999999767,1200,1204.0999999999767,1204.0999999999767,1200,1204.0999999999767,1,0,0,,Time Limit,screen,0,screen,phonetic categorization,rare,rare.wav,,,rare,flare,,,,expo-10ms,,,6,,,,234,,catch,A,B,,,d-right,,
1322,1784153573060,15/07/2026 22:12:53,1784153573060,-7,15/07/2026 15:12:53,269901,13,task-pkec,repeat-7r7d#1,57237405,,16361732,,complete,,,computer,Desktop or Laptop,Mac OS 10.15,Firefox 150.0,1470x956,1470x810,,,0,Phonetic categorization,25,full_List_10,pass,$${overridespreadsheet},full_List_10,183,phonetic categorization,fixation,99n54d,1,response,,,500,500,500,500,500,500,0,0,0,,Time Limit,screen,0,screen,phonetic categorization,flare,flare.wav,,,flare,share,,,,expo-10ms,,,6,,,,234,,catch,A,B,,,d-right,,
1323,1784153573562,15/07/2026 22:12:53,1784153573562,-7,15/07/2026 15:12:53,269901,13,task-pkec,repeat-7r7d#1,57237405,,16361732,,complete,,,computer,Desktop or Laptop,Mac OS 10.15,Firefox 150.0,1470x956,1470x810,,,0,Phonetic categorization,25,full_List_10,pass,$${overridespreadsheet},full_List_10,183,phonetic categorization,show option,yef3xk,2,response,,,500,500,500,500,500,500,1,0,0,,Time Limit,screen,0,screen,phonetic categorization,flare,flare.wav,,,flare,share,,,,expo-10ms,,,6,,,,234,,catch,A,B,,,d-right,,
1324,1784153573566,15/07/2026 22:12:53,1784153573566,-7,15/07/2026 15:12:53,269901,13,task-pkec,repeat-7r7d#1,57237405,,16361732,,complete,,,computer,Desktop or Laptop,Mac OS 10.15,Firefox 150.0,1470x956,1470x810,,,0,Phonetic categorization,25,full_List_10,pass,$${overridespreadsheet},full_List_10,183,phonetic categorization,soundplay,x8jhtp,3,info,audio started,,8.099999999976717,0,8.099999999976717,8.099999999976717,0,8.099999999976717,0,0,0,,Audio Clip,Audio,1,object-207,phonetic categorization,flare,flare.wav,,,flare,share,,,,expo-10ms,,,6,,,,234,,catch,A,B,,,d-right,,
1325,1784153574061,15/07/2026 22:12:54,1784153574061,-7,15/07/2026 15:12:54,269901,13,task-pkec,repeat-7r7d#1,57237405,,16361732,,complete,,,computer,Desktop or Laptop,Mac OS 10.15,Firefox 150.0,1470x956,1470x810,,,0,Phonetic categorization,25,full_List_10,pass,$${overridespreadsheet},full_List_10,183,phonetic categorization,soundplay,x8jhtp,3,info,audio finished,,504.0999999999767,500,504.0999999999767,504.0999999999767,500,504.0999999999767,0,0,0,,Audio Clip,Audio,1,object-207,phonetic categorization,flare,flare.wav,,,flare,share,,,,expo-10ms,,,6,,,,234,,catch,A,B,,,d-right,,
1326,1784153574062,15/07/2026 22:12:54,1784153574062,-7,15/07/2026 15:12:54,269901,13,task-pkec,repeat-7r7d#1,57237405,,16361732,,complete,,,computer,Desktop or Laptop,Mac OS 10.15,Firefox 150.0,1470x956,1470x810,,,0,Phonetic categorization,25,full_List_10,pass,$${overridespreadsheet},full_List_10,183,phonetic categorization,soundplay,x8jhtp,3,continue,,,505.0999999999767,500,505.0999999999767,505.0999999999767,500,505.0999999999767,0,0,0,,Audio Clip,Audio,1,object-207,phonetic categorization,flare,flare.wav,,,flare,share,,,,expo-10ms,,,6,,,,234,,catch,A,B,,,d-right,,
1327,1784153574304,15/07/2026 22:12:54,1784153574304,-7,15/07/2026 15:12:54,269901,13,task-pkec,repeat-7r7d#1,57237405,,16361732,,complete,,,computer,Desktop or Laptop,Mac OS 10.15,Firefox 150.0,1470x956,1470x810,,,0,Phonetic categorization,25,full_List_10,pass,$${overridespreadsheet},full_List_10,183,phonetic categorization,2AFC,6i7z8o,4,response,flare,,246.09999999997672,233.3399999999674,246.09999999997672,246.09999999997672,233.3399999999674,246.09999999997672,1,0,0,,Keyboard Response,Keyboard Response,1,object-119,phonetic categorization,flare,flare.wav,,,flare,share,,,,expo-10ms,,,6,,,,234,,catch,A,B,,,d-right,,
1328,1784153575493,15/07/2026 22:12:55,1784153575493,-7,15/07/2026 15:12:55,269901,13,task-pkec,repeat-7r7d#1,57237405,,16361732,,complete,,,computer,Desktop or Laptop,Mac OS 10.15,Firefox 150.0,1470x956,1470x810,,,0,Phonetic categorization,25,full_List_10,pass,$${overridespreadsheet},full_List_10,183,phonetic categorization,1.2 second pause,dp6plq,5,timedOut,,,1200.7600000000093,1200,1200.7600000000093,1200.7600000000093,1200,1200.7600000000093,1,0,0,,Time Limit,screen,0,screen,phonetic categorization,flare,flare.wav,,,flare,share,,,,expo-10ms,,,6,,,,234,,catch,A,B,,,d-right,,
1329,1784153575995,15/07/2026 22:12:55,1784153575995,-7,15/07/2026 15:12:55,269901,13,task-pkec,repeat-7r7d#1,57237405,,16361732,,complete,,,computer,Desktop or Laptop,Mac OS 10.15,Firefox 150.0,1470x956,1470x810,,,0,Phonetic categorization,25,full_List_10,pass,$${overridespreadsheet},full_List_10,184,phonetic categorization,fixation,99n54d,1,response,,,500,500,500,500,500,500,0,0,0,,Time Limit,screen,0,screen,phonetic categorization,share,share.wav,,,rare,share,,,,expo-10ms,,,6,,,,234,,catch,A,B,,,d-right,,
1330,1784153576495,15/07/2026 22:12:56,1784153576495,-7,15/07/2026 15:12:56,269901,13,task-pkec,repeat-7r7d#1,57237405,,16361732,,complete,,,computer,Desktop or Laptop,Mac OS 10.15,Firefox 150.0,1470x956,1470x810,,,0,Phonetic categorization,25,full_List_10,pass,$${overridespreadsheet},full_List_10,184,phonetic categorization,show option,yef3xk,2,response,,,500,500,500,500,500,500,1,0,0,,Time Limit,screen,0,screen,phonetic categorization,share,share.wav,,,rare,share,,,,expo-10ms,,,6,,,,234,,catch,A,B,,,d-right,,
1331,1784153576498,15/07/2026 22:12:56,1784153576498,-7,15/07/2026 15:12:56,269901,13,task-pkec,repeat-7r7d#1,57237405,,16361732,,complete,,,computer,Desktop or Laptop,Mac OS 10.15,Firefox 150.0,1470x956,1470x810,,,0,Phonetic categorization,25,full_List_10,pass,$${overridespreadsheet},full_List_10,184,phonetic categorization,soundplay,x8jhtp,3,info,audio started,,5.760000000009313,0,5.760000000009313,5.760000000009313,0,5.760000000009313,0,0,0,,Audio Clip,Audio,1,object-207,phonetic categorization,share,share.wav,,,rare,share,,,,expo-10ms,,,6,,,,234,,catch,A,B,,,d-right,,
1332,1784153577048,15/07/2026 22:12:57,1784153577048,-7,15/07/2026 15:12:57,269901,13,task-pkec,repeat-7r7d#1,57237405,,16361732,,complete,,,computer,Desktop or Laptop,Mac OS 10.15,Firefox 150.0,1470x956,1470x810,,,0,Phonetic categorization,25,full_List_10,pass,$${overridespreadsheet},full_List_10,184,phonetic categorization,soundplay,x8jhtp,3,info,audio finished,,556.7600000000093,550,556.7600000000093,556.7600000000093,550,556.7600000000093,0,0,0,,Audio Clip,Audio,1,object-207,phonetic categorization,share,share.wav,,,rare,share,,,,expo-10ms,,,6,,,,234,,catch,A,B,,,d-right,,
1333,1784153577048,15/07/2026 22:12:57,1784153577048,-7,15/07/2026 15:12:57,269901,13,task-pkec,repeat-7r7d#1,57237405,,16361732,,complete,,,computer,Desktop or Laptop,Mac OS 10.15,Firefox 150.0,1470x956,1470x810,,,0,Phonetic categorization,25,full_List_10,pass,$${overridespreadsheet},full_List_10,184,phonetic categorization,soundplay,x8jhtp,3,continue,,,557.7600000000093,550,557.7600000000093,557.7600000000093,550,557.7600000000093,0,0,0,,Audio Clip,Audio,1,object-207,phonetic categorization,share,share.wav,,,rare,share,,,,expo-10ms,,,6,,,,234,,catch,A,B,,,d-right,,
1334,1784153577177,15/07/2026 22:12:57,1784153577177,-7,15/07/2026 15:12:57,269901,13,task-pkec,repeat-7r7d#1,57237405,,16361732,,complete,,,computer,Desktop or Laptop,Mac OS 10.15,Firefox 150.0,1470x956,1470x810,,,0,Phonetic categorization,25,full_List_10,pass,$${overridespreadsheet},full_List_10,184,phonetic categorization,2AFC,6i7z8o,4,response,share,,134.7600000000093,133.3200000000652,134.7600000000093,134.7600000000093,133.3200000000652,134.7600000000093,1,0,0,,Keyboard Response,Keyboard Response,1,object-119,phonetic categorization,share,share.wav,,,rare,share,,,,expo-10ms,,,6,,,,234,,catch,A,B,,,d-right,,
1335,1784153578377,15/07/2026 22:12:58,1784153578377,-7,15/07/2026 15:12:58,269901,13,task-pkec,repeat-7r7d#1,57237405,,16361732,,complete,,,computer,Desktop or Laptop,Mac OS 10.15,Firefox 150.0,1470x956,1470x810,,,0,Phonetic categorization,25,full_List_10,pass,$${overridespreadsheet},full_List_10,184,phonetic categorization,1.2 second pause,dp6plq,5,timedOut,,,1201.4399999999441,1200,1201.4399999999441,1201.4399999999441,1200,1201.4399999999441,1,0,0,,Time Limit,screen,0,screen,phonetic categorization,share,share.wav,,,rare,share,,,,expo-10ms,,,6,,,,234,,catch,A,B,,,d-right,,
1336,1784153578875,15/07/2026 22:12:58,1784153578875,-7,15/07/2026 15:12:58,269901,13,task-pkec,repeat-7r7d#1,57237405,,16361732,,complete,,,computer,Desktop or Laptop,Mac OS 10.15,Firefox 150.0,1470x956,1470x810,,,0,Phonetic categorization,25,full_List_10,pass,$${overridespreadsheet},full_List_10,185,phonetic categorization,fixation,99n54d,1,response,,,499.9399999999441,499.9399999999441,499.9399999999441,499.9399999999441,499.9399999999441,499.9399999999441,0,0,0,,Time Limit,screen,0,screen,phonetic categorization,dip,dip_30.wav,,,din,dip,,,,expo-10ms,30,,6,labeled,,,234,,exposure,A,B,5,8.94427190999916,d-right,d,
1337,1784153579378,15/07/2026 22:12:59,1784153579378,-7,15/07/2026 15:12:59,269901,13,task-pkec,repeat-7r7d#1,57237405,,16361732,,complete,,,computer,Desktop or Laptop,Mac OS 10.15,Firefox 150.0,1470x956,1470x810,,,0,Phonetic categorization,25,full_List_10,pass,$${overridespreadsheet},full_List_10,185,phonetic categorization,show option,yef3xk,2,response,,,500.0600000000559,500.0600000000559,500.0600000000559,500.0600000000559,500.0600000000559,500.0600000000559,1,0,0,,Time Limit,screen,0,screen,phonetic categorization,dip,dip_30.wav,,,din,dip,,,,expo-10ms,30,,6,labeled,,,234,,exposure,A,B,5,8.94427190999916,d-right,d,
1338,1784153579386,15/07/2026 22:12:59,1784153579386,-7,15/07/2026 15:12:59,269901,13,task-pkec,repeat-7r7d#1,57237405,,16361732,,complete,,,computer,Desktop or Laptop,Mac OS 10.15,Firefox 150.0,1470x956,1470x810,,,0,Phonetic categorization,25,full_List_10,pass,$${overridespreadsheet},full_List_10,185,phonetic categorization,soundplay,x8jhtp,3,info,audio started,,10.43999999994412,0,10.43999999994412,10.43999999994412,0,10.43999999994412,0,0,0,,Audio Clip,Audio,1,object-207,phonetic categorization,dip,dip_30.wav,,,din,dip,,,,expo-10ms,30,,6,labeled,,,234,,exposure,A,B,5,8.94427190999916,d-right,d,
1339,1784153579803,15/07/2026 22:12:59,1784153579803,-7,15/07/2026 15:12:59,269901,13,task-pkec,repeat-7r7d#1,57237405,,16361732,,complete,,,computer,Desktop or Laptop,Mac OS 10.15,Firefox 150.0,1470x956,1470x810,,,0,Phonetic categorization,25,full_List_10,pass,$${overridespreadsheet},full_List_10,185,phonetic categorization,soundplay,x8jhtp,3,info,audio finished,,428.4399999999441,416.6799999999348,428.4399999999441,428.4399999999441,416.6799999999348,428.4399999999441,0,0,0,,Audio Clip,Audio,1,object-207,phonetic categorization,dip,dip_30.wav,,,din,dip,,,,expo-10ms,30,,6,labeled,,,234,,exposure,A,B,5,8.94427190999916,d-right,d,
1340,1784153579804,15/07/2026 22:12:59,1784153579804,-7,15/07/2026 15:12:59,269901,13,task-pkec,repeat-7r7d#1,57237405,,16361732,,complete,,,computer,Desktop or Laptop,Mac OS 10.15,Firefox 150.0,1470x956,1470x810,,,0,Phonetic categorization,25,full_List_10,pass,$${overridespreadsheet},full_List_10,185,phonetic categorization,soundplay,x8jhtp,3,continue,,,429.4399999999441,416.6799999999348,429.4399999999441,429.4399999999441,416.6799999999348,429.4399999999441,0,0,0,,Audio Clip,Audio,1,object-207,phonetic categorization,dip,dip_30.wav,,,din,dip,,,,expo-10ms,30,,6,labeled,,,234,,exposure,A,B,5,8.94427190999916,d-right,d,
1341,1784153579996,15/07/2026 22:12:59,1784153579996,-7,15/07/2026 15:12:59,269901,13,task-pkec,repeat-7r7d#1,57237405,,16361732,,complete,,,computer,Desktop or Laptop,Mac OS 10.15,Firefox 150.0,1470x956,1470x810,,,0,Phonetic categorization,25,full_List_10,pass,$${overridespreadsheet},full_List_10,185,phonetic categorization,2AFC,6i7z8o,4,response,dip,,199.9800000000978,183.3200000000652,199.9800000000978,199.9800000000978,183.3200000000652,199.9800000000978,1,0,0,,Keyboard Response,Keyboard Response,1,object-119,phonetic categorization,dip,dip_30.wav,,,din,dip,,,,expo-10ms,30,,6,labeled,,,234,,exposure,A,B,5,8.94427190999916,d-right,d,
1342,1784153581178,15/07/2026 22:13:01,1784153581178,-7,15/07/2026 15:13:01,269901,13,task-pkec,repeat-7r7d#1,57237405,,16361732,,complete,,,computer,Desktop or Laptop,Mac OS 10.15,Firefox 150.0,1470x956,1470x810,,,0,Phonetic categorization,25,full_List_10,pass,$${overridespreadsheet},full_List_10,185,phonetic categorization,1.2 second pause,dp6plq,5,timedOut,,,1202.4399999999441,1200,1202.4399999999441,1202.4399999999441,1200,1202.4399999999441,1,0,0,,Time Limit,screen,0,screen,phonetic categorization,dip,dip_30.wav,,,din,dip,,,,expo-10ms,30,,6,labeled,,,234,,exposure,A,B,5,8.94427190999916,d-right,d,
1343,1784153581678,15/07/2026 22:13:01,1784153581678,-7,15/07/2026 15:13:01,269901,13,task-pkec,repeat-7r7d#1,57237405,,16361732,,complete,,,computer,Desktop or Laptop,Mac OS 10.15,Firefox 150.0,1470x956,1470x810,,,0,Phonetic categorization,25,full_List_10,pass,$${overridespreadsheet},full_List_10,186,phonetic categorization,fixation,99n54d,1,response,,,500,500,500,500,500,500,0,0,0,,Time Limit,screen,0,screen,phonetic categorization,dip,dip_10.wav,,,din,dip,,,,expo-10ms,10,,6,labeled,,,234,,exposure,A,B,5,8.94427190999916,d-right,d,
1344,1784153582179,15/07/2026 22:13:02,1784153582179,-7,15/07/2026 15:13:02,269901,13,task-pkec,repeat-7r7d#1,57237405,,16361732,,complete,,,computer,Desktop or Laptop,Mac OS 10.15,Firefox 150.0,1470x956,1470x810,,,0,Phonetic categorization,25,full_List_10,pass,$${overridespreadsheet},full_List_10,186,phonetic categorization,show option,yef3xk,2,response,,,500,500,500,500,500,500,1,0,0,,Time Limit,screen,0,screen,phonetic categorization,dip,dip_10.wav,,,din,dip,,,,expo-10ms,10,,6,labeled,,,234,,exposure,A,B,5,8.94427190999916,d-right,d,
1345,1784153582185,15/07/2026 22:13:02,1784153582185,-7,15/07/2026 15:13:02,269901,13,task-pkec,repeat-7r7d#1,57237405,,16361732,,complete,,,computer,Desktop or Laptop,Mac OS 10.15,Firefox 150.0,1470x956,1470x810,,,0,Phonetic categorization,25,full_List_10,pass,$${overridespreadsheet},full_List_10,186,phonetic categorization,soundplay,x8jhtp,3,info,audio started,,9.43999999994412,0,9.43999999994412,9.43999999994412,0,9.43999999994412,0,0,0,,Audio Clip,Audio,1,object-207,phonetic categorization,dip,dip_10.wav,,,din,dip,,,,expo-10ms,10,,6,labeled,,,234,,exposure,A,B,5,8.94427190999916,d-right,d,
1346,1784153582588,15/07/2026 22:13:02,1784153582588,-7,15/07/2026 15:13:02,269901,13,task-pkec,repeat-7r7d#1,57237405,,16361732,,complete,,,computer,Desktop or Laptop,Mac OS 10.15,Firefox 150.0,1470x956,1470x810,,,0,Phonetic categorization,25,full_List_10,pass,$${overridespreadsheet},full_List_10,186,phonetic categorization,soundplay,x8jhtp,3,info,audio finished,,413.4399999999441,400,413.4399999999441,413.4399999999441,400,413.4399999999441,0,0,0,,Audio Clip,Audio,1,object-207,phonetic categorization,dip,dip_10.wav,,,din,dip,,,,expo-10ms,10,,6,labeled,,,234,,exposure,A,B,5,8.94427190999916,d-right,d,
1347,1784153582589,15/07/2026 22:13:02,1784153582589,-7,15/07/2026 15:13:02,269901,13,task-pkec,repeat-7r7d#1,57237405,,16361732,,complete,,,computer,Desktop or Laptop,Mac OS 10.15,Firefox 150.0,1470x956,1470x810,,,0,Phonetic categorization,25,full_List_10,pass,$${overridespreadsheet},full_List_10,186,phonetic categorization,soundplay,x8jhtp,3,continue,,,414.4399999999441,400,414.4399999999441,414.4399999999441,400,414.4399999999441,0,0,0,,Audio Clip,Audio,1,object-207,phonetic categorization,dip,dip_10.wav,,,din,dip,,,,expo-10ms,10,,6,labeled,,,234,,exposure,A,B,5,8.94427190999916,d-right,d,
1348,1784153582824,15/07/2026 22:13:02,1784153582824,-7,15/07/2026 15:13:02,269901,13,task-pkec,repeat-7r7d#1,57237405,,16361732,,complete,,,computer,Desktop or Laptop,Mac OS 10.15,Firefox 150.0,1470x956,1470x810,,,0,Phonetic categorization,25,full_List_10,pass,$${overridespreadsheet},full_List_10,186,phonetic categorization,2AFC,6i7z8o,4,response,dip,,248.43999999994412,233.3399999999674,248.43999999994412,248.43999999994412,233.3399999999674,248.43999999994412,1,0,0,,Keyboard Response,Keyboard Response,1,object-119,phonetic categorization,dip,dip_10.wav,,,din,dip,,,,expo-10ms,10,,6,labeled,,,234,,exposure,A,B,5,8.94427190999916,d-right,d,
1349,1784153584012,15/07/2026 22:13:04,1784153584012,-7,15/07/2026 15:13:04,269901,13,task-pkec,repeat-7r7d#1,57237405,,16361732,,complete,,,computer,Desktop or Laptop,Mac OS 10.15,Firefox 150.0,1470x956,1470x810,,,0,Phonetic categorization,25,full_List_10,pass,$${overridespreadsheet},full_List_10,186,phonetic categorization,1.2 second pause,dp6plq,5,timedOut,,,1203.0999999999767,1200,1203.0999999999767,1203.0999999999767,1200,1203.0999999999767,1,0,0,,Time Limit,screen,0,screen,phonetic categorization,dip,dip_10.wav,,,din,dip,,,,expo-10ms,10,,6,labeled,,,234,,exposure,A,B,5,8.94427190999916,d-right,d,
1350,1784153584512,15/07/2026 22:13:04,1784153584512,-7,15/07/2026 15:13:04,269901,13,task-pkec,repeat-7r7d#1,57237405,,16361732,,complete,,,computer,Desktop or Laptop,Mac OS 10.15,Firefox 150.0,1470x956,1470x810,,,0,Phonetic categorization,25,full_List_10,pass,$${overridespreadsheet},full_List_10,187,phonetic categorization,fixation,99n54d,1,response,,,500,500,500,500,500,500,0,0,0,,Time Limit,screen,0,screen,phonetic categorization,din,din_-10.wav,,,din,dill,,,,expo-10ms,-10,,6,labeled,,,234,,exposure,A,B,5,8.94427190999916,d-right,d,
1351,1784153585012,15/07/2026 22:13:05,1784153585012,-7,15/07/2026 15:13:05,269901,13,task-pkec,repeat-7r7d#1,57237405,,16361732,,complete,,,computer,Desktop or Laptop,Mac OS 10.15,Firefox 150.0,1470x956,1470x810,,,0,Phonetic categorization,25,full_List_10,pass,$${overridespreadsheet},full_List_10,187,phonetic categorization,show option,yef3xk,2,response,,,500,500,500,500,500,500,1,0,0,,Time Limit,screen,0,screen,phonetic categorization,din,din_-10.wav,,,din,dill,,,,expo-10ms,-10,,6,labeled,,,234,,exposure,A,B,5,8.94427190999916,d-right,d,
1352,1784153585015,15/07/2026 22:13:05,1784153585015,-7,15/07/2026 15:13:05,269901,13,task-pkec,repeat-7r7d#1,57237405,,16361732,,complete,,,computer,Desktop or Laptop,Mac OS 10.15,Firefox 150.0,1470x956,1470x810,,,0,Phonetic categorization,25,full_List_10,pass,$${overridespreadsheet},full_List_10,187,phonetic categorization,soundplay,x8jhtp,3,info,audio started,,7.099999999976717,0,7.099999999976717,7.099999999976717,0,7.099999999976717,0,0,0,,Audio Clip,Audio,1,object-207,phonetic categorization,din,din_-10.wav,,,din,dill,,,,expo-10ms,-10,,6,labeled,,,234,,exposure,A,B,5,8.94427190999916,d-right,d,
1353,1784153585351,15/07/2026 22:13:05,1784153585351,-7,15/07/2026 15:13:05,269901,13,task-pkec,repeat-7r7d#1,57237405,,16361732,,complete,,,computer,Desktop or Laptop,Mac OS 10.15,Firefox 150.0,1470x956,1470x810,,,0,Phonetic categorization,25,full_List_10,pass,$${overridespreadsheet},full_List_10,187,phonetic categorization,soundplay,x8jhtp,3,info,audio finished,,342.0999999999767,333.3399999999674,342.0999999999767,342.0999999999767,333.3399999999674,342.0999999999767,0,0,0,,Audio Clip,Audio,1,object-207,phonetic categorization,din,din_-10.wav,,,din,dill,,,,expo-10ms,-10,,6,labeled,,,234,,exposure,A,B,5,8.94427190999916,d-right,d,
1354,1784153585351,15/07/2026 22:13:05,1784153585351,-7,15/07/2026 15:13:05,269901,13,task-pkec,repeat-7r7d#1,57237405,,16361732,,complete,,,computer,Desktop or Laptop,Mac OS 10.15,Firefox 150.0,1470x956,1470x810,,,0,Phonetic categorization,25,full_List_10,pass,$${overridespreadsheet},full_List_10,187,phonetic categorization,soundplay,x8jhtp,3,continue,,,343.0999999999767,333.3399999999674,343.0999999999767,343.0999999999767,333.3399999999674,343.0999999999767,0,0,0,,Audio Clip,Audio,1,object-207,phonetic categorization,din,din_-10.wav,,,din,dill,,,,expo-10ms,-10,,6,labeled,,,234,,exposure,A,B,5,8.94427190999916,d-right,d,
1355,1784153585837,15/07/2026 22:13:05,1784153585837,-7,15/07/2026 15:13:05,269901,13,task-pkec,repeat-7r7d#1,57237405,,16361732,,complete,,,computer,Desktop or Laptop,Mac OS 10.15,Firefox 150.0,1470x956,1470x810,,,0,Phonetic categorization,25,full_List_10,pass,$${overridespreadsheet},full_List_10,187,phonetic categorization,2AFC,6i7z8o,4,response,din,,494.7600000000093,483.3200000000652,494.7600000000093,494.7600000000093,483.3200000000652,494.7600000000093,1,0,0,,Keyboard Response,Keyboard Response,1,object-119,phonetic categorization,din,din_-10.wav,,,din,dill,,,,expo-10ms,-10,,6,labeled,,,234,,exposure,A,B,5,8.94427190999916,d-right,d,
1356,1784153587026,15/07/2026 22:13:07,1784153587026,-7,15/07/2026 15:13:07,269901,13,task-pkec,repeat-7r7d#1,57237405,,16361732,,complete,,,computer,Desktop or Laptop,Mac OS 10.15,Firefox 150.0,1470x956,1470x810,,,0,Phonetic categorization,25,full_List_10,pass,$${overridespreadsheet},full_List_10,187,phonetic categorization,1.2 second pause,dp6plq,5,timedOut,,,1200.4399999999441,1200,1200.4399999999441,1200.4399999999441,1200,1200.4399999999441,1,0,0,,Time Limit,screen,0,screen,phonetic categorization,din,din_-10.wav,,,din,dill,,,,expo-10ms,-10,,6,labeled,,,234,,exposure,A,B,5,8.94427190999916,d-right,d,
1357,1784153587527,15/07/2026 22:13:07,1784153587527,-7,15/07/2026 15:13:07,269901,13,task-pkec,repeat-7r7d#1,57237405,,16361732,,complete,,,computer,Desktop or Laptop,Mac OS 10.15,Firefox 150.0,1470x956,1470x810,,,0,Phonetic categorization,25,full_List_10,pass,$${overridespreadsheet},full_List_10,188,phonetic categorization,fixation,99n54d,1,response,,,500,500,500,500,500,500,0,0,0,,Time Limit,screen,0,screen,phonetic categorization,tin,din_60.wav,,,tin,din,,,,expo-10ms,60,,6,unlabeled,,,234,,exposure,A,B,50,16.431676725155,d-right,t,
1358,1784153588027,15/07/2026 22:13:08,1784153588027,-7,15/07/2026 15:13:08,269901,13,task-pkec,repeat-7r7d#1,57237405,,16361732,,complete,,,computer,Desktop or Laptop,Mac OS 10.15,Firefox 150.0,1470x956,1470x810,,,0,Phonetic categorization,25,full_List_10,pass,$${overridespreadsheet},full_List_10,188,phonetic categorization,show option,yef3xk,2,response,,,500,500,500,500,500,500,1,0,0,,Time Limit,screen,0,screen,phonetic categorization,tin,din_60.wav,,,tin,din,,,,expo-10ms,60,,6,unlabeled,,,234,,exposure,A,B,50,16.431676725155,d-right,t,
1359,1784153588032,15/07/2026 22:13:08,1784153588032,-7,15/07/2026 15:13:08,269901,13,task-pkec,repeat-7r7d#1,57237405,,16361732,,complete,,,computer,Desktop or Laptop,Mac OS 10.15,Firefox 150.0,1470x956,1470x810,,,0,Phonetic categorization,25,full_List_10,pass,$${overridespreadsheet},full_List_10,188,phonetic categorization,soundplay,x8jhtp,3,info,audio started,,6.439999999944121,0,6.439999999944121,6.439999999944121,0,6.439999999944121,0,0,0,,Audio Clip,Audio,1,object-207,phonetic categorization,tin,din_60.wav,,,tin,din,,,,expo-10ms,60,,6,unlabeled,,,234,,exposure,A,B,50,16.431676725155,d-right,t,
1360,1784153588399,15/07/2026 22:13:08,1784153588399,-7,15/07/2026 15:13:08,269901,13,task-pkec,repeat-7r7d#1,57237405,,16361732,,complete,,,computer,Desktop or Laptop,Mac OS 10.15,Firefox 150.0,1470x956,1470x810,,,0,Phonetic categorization,25,full_List_10,pass,$${overridespreadsheet},full_List_10,188,phonetic categorization,soundplay,x8jhtp,3,info,audio finished,,374.4399999999441,366.6799999999348,374.4399999999441,374.4399999999441,366.6799999999348,374.4399999999441,0,0,0,,Audio Clip,Audio,1,object-207,phonetic categorization,tin,din_60.wav,,,tin,din,,,,expo-10ms,60,,6,unlabeled,,,234,,exposure,A,B,50,16.431676725155,d-right,t,
1361,1784153588400,15/07/2026 22:13:08,1784153588400,-7,15/07/2026 15:13:08,269901,13,task-pkec,repeat-7r7d#1,57237405,,16361732,,complete,,,computer,Desktop or Laptop,Mac OS 10.15,Firefox 150.0,1470x956,1470x810,,,0,Phonetic categorization,25,full_List_10,pass,$${overridespreadsheet},full_List_10,188,phonetic categorization,soundplay,x8jhtp,3,continue,,,375.4399999999441,366.6799999999348,375.4399999999441,375.4399999999441,366.6799999999348,375.4399999999441,0,0,0,,Audio Clip,Audio,1,object-207,phonetic categorization,tin,din_60.wav,,,tin,din,,,,expo-10ms,60,,6,unlabeled,,,234,,exposure,A,B,50,16.431676725155,d-right,t,
1362,1784153588628,15/07/2026 22:13:08,1784153588628,-7,15/07/2026 15:13:08,269901,13,task-pkec,repeat-7r7d#1,57237405,,16361732,,complete,,,computer,Desktop or Laptop,Mac OS 10.15,Firefox 150.0,1470x956,1470x810,,,0,Phonetic categorization,25,full_List_10,pass,$${overridespreadsheet},full_List_10,188,phonetic categorization,2AFC,6i7z8o,4,response,tin,,233.3200000000652,216.6600000000326,233.3200000000652,233.3200000000652,216.6600000000326,233.3200000000652,1,0,0,,Keyboard Response,Keyboard Response,1,object-119,phonetic categorization,tin,din_60.wav,,,tin,din,,,,expo-10ms,60,,6,unlabeled,,,234,,exposure,A,B,50,16.431676725155,d-right,t,
1363,1784153589808,15/07/2026 22:13:09,1784153589808,-7,15/07/2026 15:13:09,269901,13,task-pkec,repeat-7r7d#1,57237405,,16361732,,complete,,,computer,Desktop or Laptop,Mac OS 10.15,Firefox 150.0,1470x956,1470x810,,,0,Phonetic categorization,25,full_List_10,pass,$${overridespreadsheet},full_List_10,188,phonetic categorization,1.2 second pause,dp6plq,5,timedOut,,,1199.3800000000047,1199.3800000000047,1199.3800000000047,1199.3800000000047,1199.3800000000047,1199.3800000000047,1,0,0,,Time Limit,screen,0,screen,phonetic categorization,tin,din_60.wav,,,tin,din,,,,expo-10ms,60,,6,unlabeled,,,234,,exposure,A,B,50,16.431676725155,d-right,t,
1364,1784153590312,15/07/2026 22:13:10,1784153590312,-7,15/07/2026 15:13:10,269901,13,task-pkec,repeat-7r7d#1,57237405,,16361732,,complete,,,computer,Desktop or Laptop,Mac OS 10.15,Firefox 150.0,1470x956,1470x810,,,0,Phonetic categorization,25,full_List_10,pass,$${overridespreadsheet},full_List_10,189,phonetic categorization,fixation,99n54d,1,response,,,500.61999999999534,500.61999999999534,500.61999999999534,500.61999999999534,500.61999999999534,500.61999999999534,0,0,0,,Time Limit,screen,0,screen,phonetic categorization,till,dill_50.wav,,,till,dill,,,,expo-10ms,50,,6,unlabeled,,,234,,exposure,A,B,50,16.431676725155,d-right,t,
1365,1784153590812,15/07/2026 22:13:10,1784153590812,-7,15/07/2026 15:13:10,269901,13,task-pkec,repeat-7r7d#1,57237405,,16361732,,complete,,,computer,Desktop or Laptop,Mac OS 10.15,Firefox 150.0,1470x956,1470x810,,,0,Phonetic categorization,25,full_List_10,pass,$${overridespreadsheet},full_List_10,189,phonetic categorization,show option,yef3xk,2,response,,,500,500,500,500,500,500,1,0,0,,Time Limit,screen,0,screen,phonetic categorization,till,dill_50.wav,,,till,dill,,,,expo-10ms,50,,6,unlabeled,,,234,,exposure,A,B,50,16.431676725155,d-right,t,
1366,1784153590819,15/07/2026 22:13:10,1784153590819,-7,15/07/2026 15:13:10,269901,13,task-pkec,repeat-7r7d#1,57237405,,16361732,,complete,,,computer,Desktop or Laptop,Mac OS 10.15,Firefox 150.0,1470x956,1470x810,,,0,Phonetic categorization,25,full_List_10,pass,$${overridespreadsheet},full_List_10,189,phonetic categorization,soundplay,x8jhtp,3,info,audio started,,10.099999999976717,0,10.099999999976717,10.099999999976717,0,10.099999999976717,0,0,0,,Audio Clip,Audio,1,object-207,phonetic categorization,till,dill_50.wav,,,till,dill,,,,expo-10ms,50,,6,unlabeled,,,234,,exposure,A,B,50,16.431676725155,d-right,t,
1367,1784153591193,15/07/2026 22:13:11,1784153591193,-7,15/07/2026 15:13:11,269901,13,task-pkec,repeat-7r7d#1,57237405,,16361732,,complete,,,computer,Desktop or Laptop,Mac OS 10.15,Firefox 150.0,1470x956,1470x810,,,0,Phonetic categorization,25,full_List_10,pass,$${overridespreadsheet},full_List_10,189,phonetic categorization,soundplay,x8jhtp,3,info,audio finished,,383.3800000001211,366.6600000000326,383.3800000001211,383.3800000001211,366.6600000000326,383.3800000001211,0,0,0,,Audio Clip,Audio,1,object-207,phonetic categorization,till,dill_50.wav,,,till,dill,,,,expo-10ms,50,,6,unlabeled,,,234,,exposure,A,B,50,16.431676725155,d-right,t,
1368,1784153591205,15/07/2026 22:13:11,1784153591205,-7,15/07/2026 15:13:11,269901,13,task-pkec,repeat-7r7d#1,57237405,,16361732,,complete,,,computer,Desktop or Laptop,Mac OS 10.15,Firefox 150.0,1470x956,1470x810,,,0,Phonetic categorization,25,full_List_10,pass,$${overridespreadsheet},full_List_10,189,phonetic categorization,soundplay,x8jhtp,3,continue,,,383.3800000001211,366.6600000000326,383.3800000001211,383.3800000001211,366.6600000000326,383.3800000001211,0,0,0,,Audio Clip,Audio,1,object-207,phonetic categorization,till,dill_50.wav,,,till,dill,,,,expo-10ms,50,,6,unlabeled,,,234,,exposure,A,B,50,16.431676725155,d-right,t,
1369,1784153591619,15/07/2026 22:13:11,1784153591619,-7,15/07/2026 15:13:11,269901,13,task-pkec,repeat-7r7d#1,57237405,,16361732,,complete,,,computer,Desktop or Laptop,Mac OS 10.15,Firefox 150.0,1470x956,1470x810,,,0,Phonetic categorization,25,full_List_10,pass,$${overridespreadsheet},full_List_10,189,phonetic categorization,2AFC,6i7z8o,4,response,dill,,443.4399999999441,433.3399999999674,443.4399999999441,443.4399999999441,433.3399999999674,443.4399999999441,0,0,0,,Keyboard Response,Keyboard Response,1,object-119,phonetic categorization,till,dill_50.wav,,,till,dill,,,,expo-10ms,50,,6,unlabeled,,,234,,exposure,A,B,50,16.431676725155,d-right,t,
1370,1784153592810,15/07/2026 22:13:12,1784153592810,-7,15/07/2026 15:13:12,269901,13,task-pkec,repeat-7r7d#1,57237405,,16361732,,complete,,,computer,Desktop or Laptop,Mac OS 10.15,Firefox 150.0,1470x956,1470x810,,,0,Phonetic categorization,25,full_List_10,pass,$${overridespreadsheet},full_List_10,189,phonetic categorization,1.2 second pause,dp6plq,5,timedOut,,,1201.0999999999767,1200,1201.0999999999767,1201.0999999999767,1200,1201.0999999999767,1,0,0,,Time Limit,screen,0,screen,phonetic categorization,till,dill_50.wav,,,till,dill,,,,expo-10ms,50,,6,unlabeled,,,234,,exposure,A,B,50,16.431676725155,d-right,t,
1371,1784153593312,15/07/2026 22:13:13,1784153593312,-7,15/07/2026 15:13:13,269901,13,task-pkec,repeat-7r7d#1,57237405,,16361732,,complete,,,computer,Desktop or Laptop,Mac OS 10.15,Firefox 150.0,1470x956,1470x810,,,0,Phonetic categorization,25,full_List_10,pass,$${overridespreadsheet},full_List_10,190,phonetic categorization,fixation,99n54d,1,response,,,500,500,500,500,500,500,0,0,0,,Time Limit,screen,0,screen,phonetic categorization,dip,dip_15.wav,,,tip,dip,,,,expo-10ms,15,,6,unlabeled,,,234,,exposure,A,B,5,8.94427190999916,d-right,d,
1372,1784153593812,15/07/2026 22:13:13,1784153593812,-7,15/07/2026 15:13:13,269901,13,task-pkec,repeat-7r7d#1,57237405,,16361732,,complete,,,computer,Desktop or Laptop,Mac OS 10.15,Firefox 150.0,1470x956,1470x810,,,0,Phonetic categorization,25,full_List_10,pass,$${overridespreadsheet},full_List_10,190,phonetic categorization,show option,yef3xk,2,response,,,500,500,500,500,500,500,1,0,0,,Time Limit,screen,0,screen,phonetic categorization,dip,dip_15.wav,,,tip,dip,,,,expo-10ms,15,,6,unlabeled,,,234,,exposure,A,B,5,8.94427190999916,d-right,d,
1373,1784153593817,15/07/2026 22:13:13,1784153593817,-7,15/07/2026 15:13:13,269901,13,task-pkec,repeat-7r7d#1,57237405,,16361732,,complete,,,computer,Desktop or Laptop,Mac OS 10.15,Firefox 150.0,1470x956,1470x810,,,0,Phonetic categorization,25,full_List_10,pass,$${overridespreadsheet},full_List_10,190,phonetic categorization,soundplay,x8jhtp,3,info,audio started,,9.099999999976717,0,9.099999999976717,9.099999999976717,0,9.099999999976717,0,0,0,,Audio Clip,Audio,1,object-207,phonetic categorization,dip,dip_15.wav,,,tip,dip,,,,expo-10ms,15,,6,unlabeled,,,234,,exposure,A,B,5,8.94427190999916,d-right,d,
1374,1784153594224,15/07/2026 22:13:14,1784153594224,-7,15/07/2026 15:13:14,269901,13,task-pkec,repeat-7r7d#1,57237405,,16361732,,complete,,,computer,Desktop or Laptop,Mac OS 10.15,Firefox 150.0,1470x956,1470x810,,,0,Phonetic categorization,25,full_List_10,pass,$${overridespreadsheet},full_List_10,190,phonetic categorization,soundplay,x8jhtp,3,info,audio finished,,415.0999999999767,400,415.0999999999767,415.0999999999767,400,415.0999999999767,0,0,0,,Audio Clip,Audio,1,object-207,phonetic categorization,dip,dip_15.wav,,,tip,dip,,,,expo-10ms,15,,6,unlabeled,,,234,,exposure,A,B,5,8.94427190999916,d-right,d,
1375,1784153594225,15/07/2026 22:13:14,1784153594225,-7,15/07/2026 15:13:14,269901,13,task-pkec,repeat-7r7d#1,57237405,,16361732,,complete,,,computer,Desktop or Laptop,Mac OS 10.15,Firefox 150.0,1470x956,1470x810,,,0,Phonetic categorization,25,full_List_10,pass,$${overridespreadsheet},full_List_10,190,phonetic categorization,soundplay,x8jhtp,3,continue,,,416.0999999999767,400,416.0999999999767,416.0999999999767,400,416.0999999999767,0,0,0,,Audio Clip,Audio,1,object-207,phonetic categorization,dip,dip_15.wav,,,tip,dip,,,,expo-10ms,15,,6,unlabeled,,,234,,exposure,A,B,5,8.94427190999916,d-right,d,
1376,1784153594544,15/07/2026 22:13:14,1784153594544,-7,15/07/2026 15:13:14,269901,13,task-pkec,repeat-7r7d#1,57237405,,16361732,,complete,,,computer,Desktop or Laptop,Mac OS 10.15,Firefox 150.0,1470x956,1470x810,,,0,Phonetic categorization,25,full_List_10,pass,$${overridespreadsheet},full_List_10,190,phonetic categorization,2AFC,6i7z8o,4,response,dip,,333.3200000000652,316.6600000000326,333.3200000000652,333.3200000000652,316.6600000000326,333.3200000000652,1,0,0,,Keyboard Response,Keyboard Response,1,object-119,phonetic categorization,dip,dip_15.wav,,,tip,dip,,,,expo-10ms,15,,6,unlabeled,,,234,,exposure,A,B,5,8.94427190999916,d-right,d,
1377,1784153595728,15/07/2026 22:13:15,1784153595728,-7,15/07/2026 15:13:15,269901,13,task-pkec,repeat-7r7d#1,57237405,,16361732,,complete,,,computer,Desktop or Laptop,Mac OS 10.15,Firefox 150.0,1470x956,1470x810,,,0,Phonetic categorization,25,full_List_10,pass,$${overridespreadsheet},full_List_10,190,phonetic categorization,1.2 second pause,dp6plq,5,timedOut,,,1202.4399999999441,1200,1202.4399999999441,1202.4399999999441,1200,1202.4399999999441,1,0,0,,Time Limit,screen,0,screen,phonetic categorization,dip,dip_15.wav,,,tip,dip,,,,expo-10ms,15,,6,unlabeled,,,234,,exposure,A,B,5,8.94427190999916,d-right,d,
1378,1784153596229,15/07/2026 22:13:16,1784153596229,-7,15/07/2026 15:13:16,269901,13,task-pkec,repeat-7r7d#1,57237405,,16361732,,complete,,,computer,Desktop or Laptop,Mac OS 10.15,Firefox 150.0,1470x956,1470x810,,,0,Phonetic categorization,25,full_List_10,pass,$${overridespreadsheet},full_List_10,191,phonetic categorization,fixation,99n54d,1,response,,,500,500,500,500,500,500,0,0,0,,Time Limit,screen,0,screen,phonetic categorization,till,dill_40.wav,,,till,dill,,,,expo-10ms,40,,6,unlabeled,,,234,,exposure,A,B,50,16.431676725155,d-right,t,
1379,1784153596729,15/07/2026 22:13:16,1784153596729,-7,15/07/2026 15:13:16,269901,13,task-pkec,repeat-7r7d#1,57237405,,16361732,,complete,,,computer,Desktop or Laptop,Mac OS 10.15,Firefox 150.0,1470x956,1470x810,,,0,Phonetic categorization,25,full_List_10,pass,$${overridespreadsheet},full_List_10,191,phonetic categorization,show option,yef3xk,2,response,,,500,500,500,500,500,500,1,0,0,,Time Limit,screen,0,screen,phonetic categorization,till,dill_40.wav,,,till,dill,,,,expo-10ms,40,,6,unlabeled,,,234,,exposure,A,B,50,16.431676725155,d-right,t,
1380,1784153596735,15/07/2026 22:13:16,1784153596735,-7,15/07/2026 15:13:16,269901,13,task-pkec,repeat-7r7d#1,57237405,,16361732,,complete,,,computer,Desktop or Laptop,Mac OS 10.15,Firefox 150.0,1470x956,1470x810,,,0,Phonetic categorization,25,full_List_10,pass,$${overridespreadsheet},full_List_10,191,phonetic categorization,soundplay,x8jhtp,3,info,audio started,,10.43999999994412,0,10.43999999994412,10.43999999994412,0,10.43999999994412,0,0,0,,Audio Clip,Audio,1,object-207,phonetic categorization,till,dill_40.wav,,,till,dill,,,,expo-10ms,40,,6,unlabeled,,,234,,exposure,A,B,50,16.431676725155,d-right,t,
1381,1784153597105,15/07/2026 22:13:17,1784153597105,-7,15/07/2026 15:13:17,269901,13,task-pkec,repeat-7r7d#1,57237405,,16361732,,complete,,,computer,Desktop or Laptop,Mac OS 10.15,Firefox 150.0,1470x956,1470x810,,,0,Phonetic categorization,25,full_List_10,pass,$${overridespreadsheet},full_List_10,191,phonetic categorization,soundplay,x8jhtp,3,info,audio finished,,379.4399999999441,366.6799999999348,379.4399999999441,379.4399999999441,366.6799999999348,379.4399999999441,0,0,0,,Audio Clip,Audio,1,object-207,phonetic categorization,till,dill_40.wav,,,till,dill,,,,expo-10ms,40,,6,unlabeled,,,234,,exposure,A,B,50,16.431676725155,d-right,t,
1382,1784153597105,15/07/2026 22:13:17,1784153597105,-7,15/07/2026 15:13:17,269901,13,task-pkec,repeat-7r7d#1,57237405,,16361732,,complete,,,computer,Desktop or Laptop,Mac OS 10.15,Firefox 150.0,1470x956,1470x810,,,0,Phonetic categorization,25,full_List_10,pass,$${overridespreadsheet},full_List_10,191,phonetic categorization,soundplay,x8jhtp,3,continue,,,380.4399999999441,366.6799999999348,380.4399999999441,380.4399999999441,366.6799999999348,380.4399999999441,0,0,0,,Audio Clip,Audio,1,object-207,phonetic categorization,till,dill_40.wav,,,till,dill,,,,expo-10ms,40,,6,unlabeled,,,234,,exposure,A,B,50,16.431676725155,d-right,t,
1383,1784153597776,15/07/2026 22:13:17,1784153597776,-7,15/07/2026 15:13:17,269901,13,task-pkec,repeat-7r7d#1,57237405,,16361732,,complete,,,computer,Desktop or Laptop,Mac OS 10.15,Firefox 150.0,1470x956,1470x810,,,0,Phonetic categorization,25,full_List_10,pass,$${overridespreadsheet},full_List_10,191,phonetic categorization,2AFC,6i7z8o,4,response,dill,,683.3200000000652,666.6600000000326,683.3200000000652,683.3200000000652,666.6600000000326,683.3200000000652,0,0,0,,Keyboard Response,Keyboard Response,1,object-119,phonetic categorization,till,dill_40.wav,,,till,dill,,,,expo-10ms,40,,6,unlabeled,,,234,,exposure,A,B,50,16.431676725155,d-right,t,
1384,1784153598962,15/07/2026 22:13:18,1784153598962,-7,15/07/2026 15:13:18,269901,13,task-pkec,repeat-7r7d#1,57237405,,16361732,,complete,,,computer,Desktop or Laptop,Mac OS 10.15,Firefox 150.0,1470x956,1470x810,,,0,Phonetic categorization,25,full_List_10,pass,$${overridespreadsheet},full_List_10,191,phonetic categorization,1.2 second pause,dp6plq,5,timedOut,,,1203.0999999999767,1200,1203.0999999999767,1203.0999999999767,1200,1203.0999999999767,1,0,0,,Time Limit,screen,0,screen,phonetic categorization,till,dill_40.wav,,,till,dill,,,,expo-10ms,40,,6,unlabeled,,,234,,exposure,A,B,50,16.431676725155,d-right,t,
1385,1784153599459,15/07/2026 22:13:19,1784153599459,-7,15/07/2026 15:13:19,269901,13,task-pkec,repeat-7r7d#1,57237405,,16361732,,complete,,,computer,Desktop or Laptop,Mac OS 10.15,Firefox 150.0,1470x956,1470x810,,,0,Phonetic categorization,25,full_List_10,pass,$${overridespreadsheet},full_List_10,192,phonetic categorization,fixation,99n54d,1,response,,,499.69999999995343,499.69999999995343,499.69999999995343,499.69999999995343,499.69999999995343,499.69999999995343,0,0,0,,Time Limit,screen,0,screen,phonetic categorization,din,din_10.wav,,,tin,din,,,,expo-10ms,10,,6,unlabeled,,,234,,exposure,A,B,5,8.94427190999916,d-right,d,
1386,1784153599961,15/07/2026 22:13:19,1784153599961,-7,15/07/2026 15:13:19,269901,13,task-pkec,repeat-7r7d#1,57237405,,16361732,,complete,,,computer,Desktop or Laptop,Mac OS 10.15,Firefox 150.0,1470x956,1470x810,,,0,Phonetic categorization,25,full_List_10,pass,$${overridespreadsheet},full_List_10,192,phonetic categorization,show option,yef3xk,2,response,,,500.30000000004657,500.30000000004657,500.30000000004657,500.30000000004657,500.30000000004657,500.30000000004657,1,0,0,,Time Limit,screen,0,screen,phonetic categorization,din,din_10.wav,,,tin,din,,,,expo-10ms,10,,6,unlabeled,,,234,,exposure,A,B,5,8.94427190999916,d-right,d,
1387,1784153599969,15/07/2026 22:13:19,1784153599969,-7,15/07/2026 15:13:19,269901,13,task-pkec,repeat-7r7d#1,57237405,,16361732,,complete,,,computer,Desktop or Laptop,Mac OS 10.15,Firefox 150.0,1470x956,1470x810,,,0,Phonetic categorization,25,full_List_10,pass,$${overridespreadsheet},full_List_10,192,phonetic categorization,soundplay,x8jhtp,3,info,audio started,,11.099999999976717,0,11.099999999976717,11.099999999976717,0,11.099999999976717,0,0,0,,Audio Clip,Audio,1,object-207,phonetic categorization,din,din_10.wav,,,tin,din,,,,expo-10ms,10,,6,unlabeled,,,234,,exposure,A,B,5,8.94427190999916,d-right,d,
1388,1784153600299,15/07/2026 22:13:20,1784153600299,-7,15/07/2026 15:13:20,269901,13,task-pkec,repeat-7r7d#1,57237405,,16361732,,complete,,,computer,Desktop or Laptop,Mac OS 10.15,Firefox 150.0,1470x956,1470x810,,,0,Phonetic categorization,25,full_List_10,pass,$${overridespreadsheet},full_List_10,192,phonetic categorization,soundplay,x8jhtp,3,info,audio finished,,340.0999999999767,333.3399999999674,340.0999999999767,340.0999999999767,333.3399999999674,340.0999999999767,0,0,0,,Audio Clip,Audio,1,object-207,phonetic categorization,din,din_10.wav,,,tin,din,,,,expo-10ms,10,,6,unlabeled,,,234,,exposure,A,B,5,8.94427190999916,d-right,d,
1389,1784153600300,15/07/2026 22:13:20,1784153600300,-7,15/07/2026 15:13:20,269901,13,task-pkec,repeat-7r7d#1,57237405,,16361732,,complete,,,computer,Desktop or Laptop,Mac OS 10.15,Firefox 150.0,1470x956,1470x810,,,0,Phonetic categorization,25,full_List_10,pass,$${overridespreadsheet},full_List_10,192,phonetic categorization,soundplay,x8jhtp,3,continue,,,341.0999999999767,333.3399999999674,341.0999999999767,341.0999999999767,333.3399999999674,341.0999999999767,0,0,0,,Audio Clip,Audio,1,object-207,phonetic categorization,din,din_10.wav,,,tin,din,,,,expo-10ms,10,,6,unlabeled,,,234,,exposure,A,B,5,8.94427190999916,d-right,d,
1390,1784153600905,15/07/2026 22:13:20,1784153600905,-7,15/07/2026 15:13:20,269901,13,task-pkec,repeat-7r7d#1,57237405,,16361732,,complete,,,computer,Desktop or Laptop,Mac OS 10.15,Firefox 150.0,1470x956,1470x810,,,0,Phonetic categorization,25,full_List_10,pass,$${overridespreadsheet},full_List_10,192,phonetic categorization,2AFC,6i7z8o,4,response,din,,612.7600000000093,600,612.7600000000093,612.7600000000093,600,612.7600000000093,1,0,0,,Keyboard Response,Keyboard Response,1,object-119,phonetic categorization,din,din_10.wav,,,tin,din,,,,expo-10ms,10,,6,unlabeled,,,234,,exposure,A,B,5,8.94427190999916,d-right,d,
1391,1784153602094,15/07/2026 22:13:22,1784153602094,-7,15/07/2026 15:13:22,269901,13,task-pkec,repeat-7r7d#1,57237405,,16361732,,complete,,,computer,Desktop or Laptop,Mac OS 10.15,Firefox 150.0,1470x956,1470x810,,,0,Phonetic categorization,25,full_List_10,pass,$${overridespreadsheet},full_List_10,192,phonetic categorization,1.2 second pause,dp6plq,5,timedOut,,,1201.7600000000093,1200,1201.7600000000093,1201.7600000000093,1200,1201.7600000000093,1,0,0,,Time Limit,screen,0,screen,phonetic categorization,din,din_10.wav,,,tin,din,,,,expo-10ms,10,,6,unlabeled,,,234,,exposure,A,B,5,8.94427190999916,d-right,d,
1392,1784153602594,15/07/2026 22:13:22,1784153602594,-7,15/07/2026 15:13:22,269901,13,task-pkec,repeat-7r7d#1,57237405,,16361732,,complete,,,computer,Desktop or Laptop,Mac OS 10.15,Firefox 150.0,1470x956,1470x810,,,0,Phonetic categorization,25,full_List_10,pass,$${overridespreadsheet},full_List_10,193,phonetic categorization,fixation,99n54d,1,response,,,500,500,500,500,500,500,0,0,0,,Time Limit,screen,0,screen,phonetic categorization,dill,dill_15.wav,,,till,dill,,,,expo-10ms,15,,6,unlabeled,,,234,,exposure,A,B,5,8.94427190999916,d-right,d,
1393,1784153603095,15/07/2026 22:13:23,1784153603095,-7,15/07/2026 15:13:23,269901,13,task-pkec,repeat-7r7d#1,57237405,,16361732,,complete,,,computer,Desktop or Laptop,Mac OS 10.15,Firefox 150.0,1470x956,1470x810,,,0,Phonetic categorization,25,full_List_10,pass,$${overridespreadsheet},full_List_10,193,phonetic categorization,show option,yef3xk,2,response,,,500,500,500,500,500,500,1,0,0,,Time Limit,screen,0,screen,phonetic categorization,dill,dill_15.wav,,,till,dill,,,,expo-10ms,15,,6,unlabeled,,,234,,exposure,A,B,5,8.94427190999916,d-right,d,
1394,1784153603100,15/07/2026 22:13:23,1784153603100,-7,15/07/2026 15:13:23,269901,13,task-pkec,repeat-7r7d#1,57237405,,16361732,,complete,,,computer,Desktop or Laptop,Mac OS 10.15,Firefox 150.0,1470x956,1470x810,,,0,Phonetic categorization,25,full_List_10,pass,$${overridespreadsheet},full_List_10,193,phonetic categorization,soundplay,x8jhtp,3,info,audio started,,8.760000000009313,0,8.760000000009313,8.760000000009313,0,8.760000000009313,0,0,0,,Audio Clip,Audio,1,object-207,phonetic categorization,dill,dill_15.wav,,,till,dill,,,,expo-10ms,15,,6,unlabeled,,,234,,exposure,A,B,5,8.94427190999916,d-right,d,
1395,1784153603451,15/07/2026 22:13:23,1784153603451,-7,15/07/2026 15:13:23,269901,13,task-pkec,repeat-7r7d#1,57237405,,16361732,,complete,,,computer,Desktop or Laptop,Mac OS 10.15,Firefox 150.0,1470x956,1470x810,,,0,Phonetic categorization,25,full_List_10,pass,$${overridespreadsheet},full_List_10,193,phonetic categorization,soundplay,x8jhtp,3,info,audio finished,,359.7600000000093,349.6600000000326,359.7600000000093,359.7600000000093,349.6600000000326,359.7600000000093,0,0,0,,Audio Clip,Audio,1,object-207,phonetic categorization,dill,dill_15.wav,,,till,dill,,,,expo-10ms,15,,6,unlabeled,,,234,,exposure,A,B,5,8.94427190999916,d-right,d,
1396,1784153603452,15/07/2026 22:13:23,1784153603452,-7,15/07/2026 15:13:23,269901,13,task-pkec,repeat-7r7d#1,57237405,,16361732,,complete,,,computer,Desktop or Laptop,Mac OS 10.15,Firefox 150.0,1470x956,1470x810,,,0,Phonetic categorization,25,full_List_10,pass,$${overridespreadsheet},full_List_10,193,phonetic categorization,soundplay,x8jhtp,3,continue,,,360.7600000000093,349.6600000000326,360.7600000000093,360.7600000000093,349.6600000000326,360.7600000000093,0,0,0,,Audio Clip,Audio,1,object-207,phonetic categorization,dill,dill_15.wav,,,till,dill,,,,expo-10ms,15,,6,unlabeled,,,234,,exposure,A,B,5,8.94427190999916,d-right,d,
1397,1784153603763,15/07/2026 22:13:23,1784153603763,-7,15/07/2026 15:13:23,269901,13,task-pkec,repeat-7r7d#1,57237405,,16361732,,complete,,,computer,Desktop or Laptop,Mac OS 10.15,Firefox 150.0,1470x956,1470x810,,,0,Phonetic categorization,25,full_List_10,pass,$${overridespreadsheet},full_List_10,193,phonetic categorization,2AFC,6i7z8o,4,response,dill,,320.0999999999767,317,320.0999999999767,320.0999999999767,317,320.0999999999767,1,0,0,,Keyboard Response,Keyboard Response,1,object-119,phonetic categorization,dill,dill_15.wav,,,till,dill,,,,expo-10ms,15,,6,unlabeled,,,234,,exposure,A,B,5,8.94427190999916,d-right,d,
1398,1784153604962,15/07/2026 22:13:24,1784153604962,-7,15/07/2026 15:13:24,269901,13,task-pkec,repeat-7r7d#1,57237405,,16361732,,complete,,,computer,Desktop or Laptop,Mac OS 10.15,Firefox 150.0,1470x956,1470x810,,,0,Phonetic categorization,25,full_List_10,pass,$${overridespreadsheet},full_List_10,193,phonetic categorization,1.2 second pause,dp6plq,5,timedOut,,,1203.0999999999767,1200,1203.0999999999767,1203.0999999999767,1200,1203.0999999999767,1,0,0,,Time Limit,screen,0,screen,phonetic categorization,dill,dill_15.wav,,,till,dill,,,,expo-10ms,15,,6,unlabeled,,,234,,exposure,A,B,5,8.94427190999916,d-right,d,
1399,1784153605462,15/07/2026 22:13:25,1784153605462,-7,15/07/2026 15:13:25,269901,13,task-pkec,repeat-7r7d#1,57237405,,16361732,,complete,,,computer,Desktop or Laptop,Mac OS 10.15,Firefox 150.0,1470x956,1470x810,,,0,Phonetic categorization,25,full_List_10,pass,$${overridespreadsheet},full_List_10,194,phonetic categorization,fixation,99n54d,1,response,,,500,500,500,500,500,500,0,0,0,,Time Limit,screen,0,screen,phonetic categorization,tin,din_55.wav,,,till,tin,,,,expo-10ms,55,,6,labeled,,,234,,exposure,A,B,50,16.431676725155,d-right,t,
1400,1784153605961,15/07/2026 22:13:25,1784153605961,-7,15/07/2026 15:13:25,269901,13,task-pkec,repeat-7r7d#1,57237405,,16361732,,complete,,,computer,Desktop or Laptop,Mac OS 10.15,Firefox 150.0,1470x956,1470x810,,,0,Phonetic categorization,25,full_List_10,pass,$${overridespreadsheet},full_List_10,194,phonetic categorization,show option,yef3xk,2,response,,,500,500,500,500,500,500,1,0,0,,Time Limit,screen,0,screen,phonetic categorization,tin,din_55.wav,,,till,tin,,,,expo-10ms,55,,6,labeled,,,234,,exposure,A,B,50,16.431676725155,d-right,t,
1401,1784153605965,15/07/2026 22:13:25,1784153605965,-7,15/07/2026 15:13:25,269901,13,task-pkec,repeat-7r7d#1,57237405,,16361732,,complete,,,computer,Desktop or Laptop,Mac OS 10.15,Firefox 150.0,1470x956,1470x810,,,0,Phonetic categorization,25,full_List_10,pass,$${overridespreadsheet},full_List_10,194,phonetic categorization,soundplay,x8jhtp,3,info,audio started,,8.099999999976717,0,8.099999999976717,8.099999999976717,0,8.099999999976717,0,0,0,,Audio Clip,Audio,1,object-207,phonetic categorization,tin,din_55.wav,,,till,tin,,,,expo-10ms,55,,6,labeled,,,234,,exposure,A,B,50,16.431676725155,d-right,t,
1402,1784153606330,15/07/2026 22:13:26,1784153606330,-7,15/07/2026 15:13:26,269901,13,task-pkec,repeat-7r7d#1,57237405,,16361732,,complete,,,computer,Desktop or Laptop,Mac OS 10.15,Firefox 150.0,1470x956,1470x810,,,0,Phonetic categorization,25,full_List_10,pass,$${overridespreadsheet},full_List_10,194,phonetic categorization,soundplay,x8jhtp,3,info,audio finished,,372.0999999999767,368.85999999998603,372.0999999999767,372.0999999999767,368.85999999998603,372.0999999999767,0,0,0,,Audio Clip,Audio,1,object-207,phonetic categorization,tin,din_55.wav,,,till,tin,,,,expo-10ms,55,,6,labeled,,,234,,exposure,A,B,50,16.431676725155,d-right,t,
1403,1784153606331,15/07/2026 22:13:26,1784153606331,-7,15/07/2026 15:13:26,269901,13,task-pkec,repeat-7r7d#1,57237405,,16361732,,complete,,,computer,Desktop or Laptop,Mac OS 10.15,Firefox 150.0,1470x956,1470x810,,,0,Phonetic categorization,25,full_List_10,pass,$${overridespreadsheet},full_List_10,194,phonetic categorization,soundplay,x8jhtp,3,continue,,,373.0999999999767,368.85999999998603,373.0999999999767,373.0999999999767,368.85999999998603,373.0999999999767,0,0,0,,Audio Clip,Audio,1,object-207,phonetic categorization,tin,din_55.wav,,,till,tin,,,,expo-10ms,55,,6,labeled,,,234,,exposure,A,B,50,16.431676725155,d-right,t,
1404,1784153606900,15/07/2026 22:13:26,1784153606900,-7,15/07/2026 15:13:26,269901,13,task-pkec,repeat-7r7d#1,57237405,,16361732,,complete,,,computer,Desktop or Laptop,Mac OS 10.15,Firefox 150.0,1470x956,1470x810,,,0,Phonetic categorization,25,full_List_10,pass,$${overridespreadsheet},full_List_10,194,phonetic categorization,2AFC,6i7z8o,4,response,tin,,572.2399999999907,566.6600000000326,572.2399999999907,572.2399999999907,566.6600000000326,572.2399999999907,1,0,0,,Keyboard Response,Keyboard Response,1,object-119,phonetic categorization,tin,din_55.wav,,,till,tin,,,,expo-10ms,55,,6,labeled,,,234,,exposure,A,B,50,16.431676725155,d-right,t,
1405,1784153608097,15/07/2026 22:13:28,1784153608097,-7,15/07/2026 15:13:28,269901,13,task-pkec,repeat-7r7d#1,57237405,,16361732,,complete,,,computer,Desktop or Laptop,Mac OS 10.15,Firefox 150.0,1470x956,1470x810,,,0,Phonetic categorization,25,full_List_10,pass,$${overridespreadsheet},full_List_10,194,phonetic categorization,1.2 second pause,dp6plq,5,timedOut,,,1202.579999999958,1200,1202.579999999958,1202.579999999958,1200,1202.579999999958,1,0,0,,Time Limit,screen,0,screen,phonetic categorization,tin,din_55.wav,,,till,tin,,,,expo-10ms,55,,6,labeled,,,234,,exposure,A,B,50,16.431676725155,d-right,t,
1406,1784153608597,15/07/2026 22:13:28,1784153608597,-7,15/07/2026 15:13:28,269901,13,task-pkec,repeat-7r7d#1,57237405,,16361732,,complete,,,computer,Desktop or Laptop,Mac OS 10.15,Firefox 150.0,1470x956,1470x810,,,0,Phonetic categorization,25,full_List_10,pass,$${overridespreadsheet},full_List_10,195,phonetic categorization,fixation,99n54d,1,response,,,500,500,500,500,500,500,0,0,0,,Time Limit,screen,0,screen,phonetic categorization,till,dill_60.wav,,,till,dill,,,,expo-10ms,60,,6,unlabeled,,,234,,exposure,A,B,50,16.431676725155,d-right,t,
1407,1784153609095,15/07/2026 22:13:29,1784153609095,-7,15/07/2026 15:13:29,269901,13,task-pkec,repeat-7r7d#1,57237405,,16361732,,complete,,,computer,Desktop or Laptop,Mac OS 10.15,Firefox 150.0,1470x956,1470x810,,,0,Phonetic categorization,25,full_List_10,pass,$${overridespreadsheet},full_List_10,195,phonetic categorization,show option,yef3xk,2,response,,,500,500,500,500,500,500,1,0,0,,Time Limit,screen,0,screen,phonetic categorization,till,dill_60.wav,,,till,dill,,,,expo-10ms,60,,6,unlabeled,,,234,,exposure,A,B,50,16.431676725155,d-right,t,
1408,1784153609105,15/07/2026 22:13:29,1784153609105,-7,15/07/2026 15:13:29,269901,13,task-pkec,repeat-7r7d#1,57237405,,16361732,,complete,,,computer,Desktop or Laptop,Mac OS 10.15,Firefox 150.0,1470x956,1470x810,,,0,Phonetic categorization,25,full_List_10,pass,$${overridespreadsheet},full_List_10,195,phonetic categorization,soundplay,x8jhtp,3,info,audio started,,11.57999999995809,0,11.57999999995809,11.57999999995809,0,11.57999999995809,0,0,0,,Audio Clip,Audio,1,object-207,phonetic categorization,till,dill_60.wav,,,till,dill,,,,expo-10ms,60,,6,unlabeled,,,234,,exposure,A,B,50,16.431676725155,d-right,t,
1409,1784153609487,15/07/2026 22:13:29,1784153609487,-7,15/07/2026 15:13:29,269901,13,task-pkec,repeat-7r7d#1,57237405,,16361732,,complete,,,computer,Desktop or Laptop,Mac OS 10.15,Firefox 150.0,1470x956,1470x810,,,0,Phonetic categorization,25,full_List_10,pass,$${overridespreadsheet},full_List_10,195,phonetic categorization,soundplay,x8jhtp,3,info,audio finished,,392.5799999999581,383.1599999999162,392.5799999999581,392.5799999999581,383.1599999999162,392.5799999999581,0,0,0,,Audio Clip,Audio,1,object-207,phonetic categorization,till,dill_60.wav,,,till,dill,,,,expo-10ms,60,,6,unlabeled,,,234,,exposure,A,B,50,16.431676725155,d-right,t,
1410,1784153609488,15/07/2026 22:13:29,1784153609488,-7,15/07/2026 15:13:29,269901,13,task-pkec,repeat-7r7d#1,57237405,,16361732,,complete,,,computer,Desktop or Laptop,Mac OS 10.15,Firefox 150.0,1470x956,1470x810,,,0,Phonetic categorization,25,full_List_10,pass,$${overridespreadsheet},full_List_10,195,phonetic categorization,soundplay,x8jhtp,3,continue,,,393.5799999999581,383.1599999999162,393.5799999999581,393.5799999999581,383.1599999999162,393.5799999999581,0,0,0,,Audio Clip,Audio,1,object-207,phonetic categorization,till,dill_60.wav,,,till,dill,,,,expo-10ms,60,,6,unlabeled,,,234,,exposure,A,B,50,16.431676725155,d-right,t,
1411,1784153610185,15/07/2026 22:13:30,1784153610185,-7,15/07/2026 15:13:30,269901,13,task-pkec,repeat-7r7d#1,57237405,,16361732,,complete,,,computer,Desktop or Laptop,Mac OS 10.15,Firefox 150.0,1470x956,1470x810,,,0,Phonetic categorization,25,full_List_10,pass,$${overridespreadsheet},full_List_10,195,phonetic categorization,2AFC,6i7z8o,4,response,till,,706.4200000000419,700.1800000000512,706.4200000000419,706.4200000000419,700.1800000000512,706.4200000000419,1,0,0,,Keyboard Response,Keyboard Response,1,object-119,phonetic categorization,till,dill_60.wav,,,till,dill,,,,expo-10ms,60,,6,unlabeled,,,234,,exposure,A,B,50,16.431676725155,d-right,t,
1412,1784153611380,15/07/2026 22:13:31,1784153611380,-7,15/07/2026 15:13:31,269901,13,task-pkec,repeat-7r7d#1,57237405,,16361732,,complete,,,computer,Desktop or Laptop,Mac OS 10.15,Firefox 150.0,1470x956,1470x810,,,0,Phonetic categorization,25,full_List_10,pass,$${overridespreadsheet},full_List_10,195,phonetic categorization,1.2 second pause,dp6plq,5,timedOut,,,1203.2399999999907,1200,1203.2399999999907,1203.2399999999907,1200,1203.2399999999907,1,0,0,,Time Limit,screen,0,screen,phonetic categorization,till,dill_60.wav,,,till,dill,,,,expo-10ms,60,,6,unlabeled,,,234,,exposure,A,B,50,16.431676725155,d-right,t,
1413,1784153611881,15/07/2026 22:13:31,1784153611881,-7,15/07/2026 15:13:31,269901,13,task-pkec,repeat-7r7d#1,57237405,,16361732,,complete,,,computer,Desktop or Laptop,Mac OS 10.15,Firefox 150.0,1470x956,1470x810,,,0,Phonetic categorization,25,full_List_10,pass,$${overridespreadsheet},full_List_10,196,phonetic categorization,fixation,99n54d,1,response,,,500,500,500,500,500,500,0,0,0,,Time Limit,screen,0,screen,phonetic categorization,tin,din_50.wav,,,till,tin,,,,expo-10ms,50,,6,labeled,,,234,,exposure,A,B,50,16.431676725155,d-right,t,
1414,1784153612381,15/07/2026 22:13:32,1784153612381,-7,15/07/2026 15:13:32,269901,13,task-pkec,repeat-7r7d#1,57237405,,16361732,,complete,,,computer,Desktop or Laptop,Mac OS 10.15,Firefox 150.0,1470x956,1470x810,,,0,Phonetic categorization,25,full_List_10,pass,$${overridespreadsheet},full_List_10,196,phonetic categorization,show option,yef3xk,2,response,,,500,500,500,500,500,500,1,0,0,,Time Limit,screen,0,screen,phonetic categorization,tin,din_50.wav,,,till,tin,,,,expo-10ms,50,,6,labeled,,,234,,exposure,A,B,50,16.431676725155,d-right,t,
1415,1784153612388,15/07/2026 22:13:32,1784153612388,-7,15/07/2026 15:13:32,269901,13,task-pkec,repeat-7r7d#1,57237405,,16361732,,complete,,,computer,Desktop or Laptop,Mac OS 10.15,Firefox 150.0,1470x956,1470x810,,,0,Phonetic categorization,25,full_List_10,pass,$${overridespreadsheet},full_List_10,196,phonetic categorization,soundplay,x8jhtp,3,info,audio started,,11.239999999990687,0,11.239999999990687,11.239999999990687,0,11.239999999990687,0,0,0,,Audio Clip,Audio,1,object-207,phonetic categorization,tin,din_50.wav,,,till,tin,,,,expo-10ms,50,,6,labeled,,,234,,exposure,A,B,50,16.431676725155,d-right,t,
1416,1784153612750,15/07/2026 22:13:32,1784153612750,-7,15/07/2026 15:13:32,269901,13,task-pkec,repeat-7r7d#1,57237405,,16361732,,complete,,,computer,Desktop or Laptop,Mac OS 10.15,Firefox 150.0,1470x956,1470x810,,,0,Phonetic categorization,25,full_List_10,pass,$${overridespreadsheet},full_List_10,196,phonetic categorization,soundplay,x8jhtp,3,info,audio finished,,372.2399999999907,366.6600000000326,372.2399999999907,372.2399999999907,366.6600000000326,372.2399999999907,0,0,0,,Audio Clip,Audio,1,object-207,phonetic categorization,tin,din_50.wav,,,till,tin,,,,expo-10ms,50,,6,labeled,,,234,,exposure,A,B,50,16.431676725155,d-right,t,
1417,1784153612750,15/07/2026 22:13:32,1784153612750,-7,15/07/2026 15:13:32,269901,13,task-pkec,repeat-7r7d#1,57237405,,16361732,,complete,,,computer,Desktop or Laptop,Mac OS 10.15,Firefox 150.0,1470x956,1470x810,,,0,Phonetic categorization,25,full_List_10,pass,$${overridespreadsheet},full_List_10,196,phonetic categorization,soundplay,x8jhtp,3,continue,,,372.2399999999907,366.6600000000326,372.2399999999907,372.2399999999907,366.6600000000326,372.2399999999907,0,0,0,,Audio Clip,Audio,1,object-207,phonetic categorization,tin,din_50.wav,,,till,tin,,,,expo-10ms,50,,6,labeled,,,234,,exposure,A,B,50,16.431676725155,d-right,t,
1418,1784153613531,15/07/2026 22:13:33,1784153613531,-7,15/07/2026 15:13:33,269901,13,task-pkec,repeat-7r7d#1,57237405,,16361732,,complete,,,computer,Desktop or Laptop,Mac OS 10.15,Firefox 150.0,1470x956,1470x810,,,0,Phonetic categorization,25,full_List_10,pass,$${overridespreadsheet},full_List_10,196,phonetic categorization,2AFC,6i7z8o,4,response,tin,,783.3599999998696,766.6799999999348,783.3599999998696,783.3599999998696,766.6799999999348,783.3599999998696,1,0,0,,Keyboard Response,Keyboard Response,1,object-119,phonetic categorization,tin,din_50.wav,,,till,tin,,,,expo-10ms,50,,6,labeled,,,234,,exposure,A,B,50,16.431676725155,d-right,t,
1419,1784153614714,15/07/2026 22:13:34,1784153614714,-7,15/07/2026 15:13:34,269901,13,task-pkec,repeat-7r7d#1,57237405,,16361732,,complete,,,computer,Desktop or Laptop,Mac OS 10.15,Firefox 150.0,1470x956,1470x810,,,0,Phonetic categorization,25,full_List_10,pass,$${overridespreadsheet},full_List_10,196,phonetic categorization,1.2 second pause,dp6plq,5,timedOut,,,1202.9000000000233,1200,1202.9000000000233,1202.9000000000233,1200,1202.9000000000233,1,0,0,,Time Limit,screen,0,screen,phonetic categorization,tin,din_50.wav,,,till,tin,,,,expo-10ms,50,,6,labeled,,,234,,exposure,A,B,50,16.431676725155,d-right,t,
1420,1784153615213,15/07/2026 22:13:35,1784153615213,-7,15/07/2026 15:13:35,269901,13,task-pkec,repeat-7r7d#1,57237405,,16361732,,complete,,,computer,Desktop or Laptop,Mac OS 10.15,Firefox 150.0,1470x956,1470x810,,,0,Phonetic categorization,25,full_List_10,pass,$${overridespreadsheet},full_List_10,197,phonetic categorization,fixation,99n54d,1,response,,,500,500,500,500,500,500,0,0,0,,Time Limit,screen,0,screen,phonetic categorization,dip,dip_15.wav,,,din,dip,,,,expo-10ms,15,,6,labeled,,,234,,exposure,A,B,5,8.94427190999916,d-right,d,
1421,1784153615711,15/07/2026 22:13:35,1784153615711,-7,15/07/2026 15:13:35,269901,13,task-pkec,repeat-7r7d#1,57237405,,16361732,,complete,,,computer,Desktop or Laptop,Mac OS 10.15,Firefox 150.0,1470x956,1470x810,,,0,Phonetic categorization,25,full_List_10,pass,$${overridespreadsheet},full_List_10,197,phonetic categorization,show option,yef3xk,2,response,,,500,500,500,500,500,500,1,0,0,,Time Limit,screen,0,screen,phonetic categorization,dip,dip_15.wav,,,din,dip,,,,expo-10ms,15,,6,labeled,,,234,,exposure,A,B,5,8.94427190999916,d-right,d,
1422,1784153615718,15/07/2026 22:13:35,1784153615718,-7,15/07/2026 15:13:35,269901,13,task-pkec,repeat-7r7d#1,57237405,,16361732,,complete,,,computer,Desktop or Laptop,Mac OS 10.15,Firefox 150.0,1470x956,1470x810,,,0,Phonetic categorization,25,full_List_10,pass,$${overridespreadsheet},full_List_10,197,phonetic categorization,soundplay,x8jhtp,3,info,audio started,,7.900000000023283,0,7.900000000023283,7.900000000023283,0,7.900000000023283,0,0,0,,Audio Clip,Audio,1,object-207,phonetic categorization,dip,dip_15.wav,,,din,dip,,,,expo-10ms,15,,6,labeled,,,234,,exposure,A,B,5,8.94427190999916,d-right,d,
1423,1784153616124,15/07/2026 22:13:36,1784153616124,-7,15/07/2026 15:13:36,269901,13,task-pkec,repeat-7r7d#1,57237405,,16361732,,complete,,,computer,Desktop or Laptop,Mac OS 10.15,Firefox 150.0,1470x956,1470x810,,,0,Phonetic categorization,25,full_List_10,pass,$${overridespreadsheet},full_List_10,197,phonetic categorization,soundplay,x8jhtp,3,info,audio finished,,413.9000000000233,399.38000000000466,413.9000000000233,413.9000000000233,399.38000000000466,413.9000000000233,0,0,0,,Audio Clip,Audio,1,object-207,phonetic categorization,dip,dip_15.wav,,,din,dip,,,,expo-10ms,15,,6,labeled,,,234,,exposure,A,B,5,8.94427190999916,d-right,d,
1424,1784153616125,15/07/2026 22:13:36,1784153616125,-7,15/07/2026 15:13:36,269901,13,task-pkec,repeat-7r7d#1,57237405,,16361732,,complete,,,computer,Desktop or Laptop,Mac OS 10.15,Firefox 150.0,1470x956,1470x810,,,0,Phonetic categorization,25,full_List_10,pass,$${overridespreadsheet},full_List_10,197,phonetic categorization,soundplay,x8jhtp,3,continue,,,414.9000000000233,399.38000000000466,414.9000000000233,414.9000000000233,399.38000000000466,414.9000000000233,0,0,0,,Audio Clip,Audio,1,object-207,phonetic categorization,dip,dip_15.wav,,,din,dip,,,,expo-10ms,15,,6,labeled,,,234,,exposure,A,B,5,8.94427190999916,d-right,d,
1425,1784153616450,15/07/2026 22:13:36,1784153616450,-7,15/07/2026 15:13:36,269901,13,task-pkec,repeat-7r7d#1,57237405,,16361732,,complete,,,computer,Desktop or Laptop,Mac OS 10.15,Firefox 150.0,1470x956,1470x810,,,0,Phonetic categorization,25,full_List_10,pass,$${overridespreadsheet},full_List_10,197,phonetic categorization,2AFC,6i7z8o,4,response,dip,,340.5200000000186,333.94000000006054,340.5200000000186,340.5200000000186,333.94000000006054,340.5200000000186,1,0,0,,Keyboard Response,Keyboard Response,1,object-119,phonetic categorization,dip,dip_15.wav,,,din,dip,,,,expo-10ms,15,,6,labeled,,,234,,exposure,A,B,5,8.94427190999916,d-right,d,
1426,1784153617647,15/07/2026 22:13:37,1784153617647,-7,15/07/2026 15:13:37,269901,13,task-pkec,repeat-7r7d#1,57237405,,16361732,,complete,,,computer,Desktop or Laptop,Mac OS 10.15,Firefox 150.0,1470x956,1470x810,,,0,Phonetic categorization,25,full_List_10,pass,$${overridespreadsheet},full_List_10,197,phonetic categorization,1.2 second pause,dp6plq,5,timedOut,,,1202.579999999958,1200,1202.579999999958,1202.579999999958,1200,1202.579999999958,1,0,0,,Time Limit,screen,0,screen,phonetic categorization,dip,dip_15.wav,,,din,dip,,,,expo-10ms,15,,6,labeled,,,234,,exposure,A,B,5,8.94427190999916,d-right,d,
1427,1784153618144,15/07/2026 22:13:38,1784153618144,-7,15/07/2026 15:13:38,269901,13,task-pkec,repeat-7r7d#1,57237405,,16361732,,complete,,,computer,Desktop or Laptop,Mac OS 10.15,Firefox 150.0,1470x956,1470x810,,,0,Phonetic categorization,25,full_List_10,pass,$${overridespreadsheet},full_List_10,198,phonetic categorization,fixation,99n54d,1,response,,,500,500,500,500,500,500,0,0,0,,Time Limit,screen,0,screen,phonetic categorization,dill,dill_15.wav,,,till,dill,,,,expo-10ms,15,,6,unlabeled,,,234,,exposure,A,B,5,8.94427190999916,d-right,d,
1428,1784153618647,15/07/2026 22:13:38,1784153618647,-7,15/07/2026 15:13:38,269901,13,task-pkec,repeat-7r7d#1,57237405,,16361732,,complete,,,computer,Desktop or Laptop,Mac OS 10.15,Firefox 150.0,1470x956,1470x810,,,0,Phonetic categorization,25,full_List_10,pass,$${overridespreadsheet},full_List_10,198,phonetic categorization,show option,yef3xk,2,response,,,500,500,500,500,500,500,1,0,0,,Time Limit,screen,0,screen,phonetic categorization,dill,dill_15.wav,,,till,dill,,,,expo-10ms,15,,6,unlabeled,,,234,,exposure,A,B,5,8.94427190999916,d-right,d,
1429,1784153618654,15/07/2026 22:13:38,1784153618654,-7,15/07/2026 15:13:38,269901,13,task-pkec,repeat-7r7d#1,57237405,,16361732,,complete,,,computer,Desktop or Laptop,Mac OS 10.15,Firefox 150.0,1470x956,1470x810,,,0,Phonetic categorization,25,full_List_10,pass,$${overridespreadsheet},full_List_10,198,phonetic categorization,soundplay,x8jhtp,3,info,audio started,,9.57999999995809,0,9.57999999995809,9.57999999995809,0,9.57999999995809,0,0,0,,Audio Clip,Audio,1,object-207,phonetic categorization,dill,dill_15.wav,,,till,dill,,,,expo-10ms,15,,6,unlabeled,,,234,,exposure,A,B,5,8.94427190999916,d-right,d,
1430,1784153619038,15/07/2026 22:13:39,1784153619038,-7,15/07/2026 15:13:39,269901,13,task-pkec,repeat-7r7d#1,57237405,,16361732,,complete,,,computer,Desktop or Laptop,Mac OS 10.15,Firefox 150.0,1470x956,1470x810,,,0,Phonetic categorization,25,full_List_10,pass,$${overridespreadsheet},full_List_10,198,phonetic categorization,soundplay,x8jhtp,3,info,audio finished,,393.5799999999581,383.3399999999674,393.5799999999581,393.5799999999581,383.3399999999674,393.5799999999581,0,0,0,,Audio Clip,Audio,1,object-207,phonetic categorization,dill,dill_15.wav,,,till,dill,,,,expo-10ms,15,,6,unlabeled,,,234,,exposure,A,B,5,8.94427190999916,d-right,d,
1431,1784153619038,15/07/2026 22:13:39,1784153619038,-7,15/07/2026 15:13:39,269901,13,task-pkec,repeat-7r7d#1,57237405,,16361732,,complete,,,computer,Desktop or Laptop,Mac OS 10.15,Firefox 150.0,1470x956,1470x810,,,0,Phonetic categorization,25,full_List_10,pass,$${overridespreadsheet},full_List_10,198,phonetic categorization,soundplay,x8jhtp,3,continue,,,394.5799999999581,383.3399999999674,394.5799999999581,394.5799999999581,383.3399999999674,394.5799999999581,0,0,0,,Audio Clip,Audio,1,object-207,phonetic categorization,dill,dill_15.wav,,,till,dill,,,,expo-10ms,15,,6,unlabeled,,,234,,exposure,A,B,5,8.94427190999916,d-right,d,
1432,1784153619571,15/07/2026 22:13:39,1784153619571,-7,15/07/2026 15:13:39,269901,13,task-pkec,repeat-7r7d#1,57237405,,16361732,,complete,,,computer,Desktop or Laptop,Mac OS 10.15,Firefox 150.0,1470x956,1470x810,,,0,Phonetic categorization,25,full_List_10,pass,$${overridespreadsheet},full_List_10,198,phonetic categorization,2AFC,6i7z8o,4,response,dill,,544.2399999999907,533.3399999999674,544.2399999999907,544.2399999999907,533.3399999999674,544.2399999999907,1,0,0,,Keyboard Response,Keyboard Response,1,object-119,phonetic categorization,dill,dill_15.wav,,,till,dill,,,,expo-10ms,15,,6,unlabeled,,,234,,exposure,A,B,5,8.94427190999916,d-right,d,
1433,1784153620764,15/07/2026 22:13:40,1784153620764,-7,15/07/2026 15:13:40,269901,13,task-pkec,repeat-7r7d#1,57237405,,16361732,,complete,,,computer,Desktop or Laptop,Mac OS 10.15,Firefox 150.0,1470x956,1470x810,,,0,Phonetic categorization,25,full_List_10,pass,$${overridespreadsheet},full_List_10,198,phonetic categorization,1.2 second pause,dp6plq,5,timedOut,,,1203.9000000000233,1200,1203.9000000000233,1203.9000000000233,1200,1203.9000000000233,1,0,0,,Time Limit,screen,0,screen,phonetic categorization,dill,dill_15.wav,,,till,dill,,,,expo-10ms,15,,6,unlabeled,,,234,,exposure,A,B,5,8.94427190999916,d-right,d,
1434,1784153621263,15/07/2026 22:13:41,1784153621263,-7,15/07/2026 15:13:41,269901,13,task-pkec,repeat-7r7d#1,57237405,,16361732,,complete,,,computer,Desktop or Laptop,Mac OS 10.15,Firefox 150.0,1470x956,1470x810,,,0,Phonetic categorization,25,full_List_10,pass,$${overridespreadsheet},full_List_10,199,phonetic categorization,fixation,99n54d,1,response,,,500,500,500,500,500,500,1,0,0,,Time Limit,screen,0,screen,phonetic categorization,din,din_65.wav,,,tin,din,,,,,65,,7,,,,234,,test,,T4,,,d-right,,
1435,1784153621761,15/07/2026 22:13:41,1784153621761,-7,15/07/2026 15:13:41,269901,13,task-pkec,repeat-7r7d#1,57237405,,16361732,,complete,,,computer,Desktop or Laptop,Mac OS 10.15,Firefox 150.0,1470x956,1470x810,,,0,Phonetic categorization,25,full_List_10,pass,$${overridespreadsheet},full_List_10,199,phonetic categorization,show option,yef3xk,2,response,,,500,500,500,500,500,500,1,0,0,,Time Limit,screen,0,screen,phonetic categorization,din,din_65.wav,,,tin,din,,,,,65,,7,,,,234,,test,,T4,,,d-right,,
1436,1784153621766,15/07/2026 22:13:41,1784153621766,-7,15/07/2026 15:13:41,269901,13,task-pkec,repeat-7r7d#1,57237405,,16361732,,complete,,,computer,Desktop or Laptop,Mac OS 10.15,Firefox 150.0,1470x956,1470x810,,,0,Phonetic categorization,25,full_List_10,pass,$${overridespreadsheet},full_List_10,199,phonetic categorization,soundplay,x8jhtp,3,info,audio started,,5.900000000023283,0,5.900000000023283,5.900000000023283,0,5.900000000023283,0,0,0,,Audio Clip,Audio,1,object-207,phonetic categorization,din,din_65.wav,,,tin,din,,,,,65,,7,,,,234,,test,,T4,,,d-right,,
1437,1784153622134,15/07/2026 22:13:42,1784153622134,-7,15/07/2026 15:13:42,269901,13,task-pkec,repeat-7r7d#1,57237405,,16361732,,complete,,,computer,Desktop or Laptop,Mac OS 10.15,Firefox 150.0,1470x956,1470x810,,,0,Phonetic categorization,25,full_List_10,pass,$${overridespreadsheet},full_List_10,199,phonetic categorization,soundplay,x8jhtp,3,info,audio finished,,373.9000000000233,366.6600000000326,373.9000000000233,373.9000000000233,366.6600000000326,373.9000000000233,0,0,0,,Audio Clip,Audio,1,object-207,phonetic categorization,din,din_65.wav,,,tin,din,,,,,65,,7,,,,234,,test,,T4,,,d-right,,
1438,1784153622134,15/07/2026 22:13:42,1784153622134,-7,15/07/2026 15:13:42,269901,13,task-pkec,repeat-7r7d#1,57237405,,16361732,,complete,,,computer,Desktop or Laptop,Mac OS 10.15,Firefox 150.0,1470x956,1470x810,,,0,Phonetic categorization,25,full_List_10,pass,$${overridespreadsheet},full_List_10,199,phonetic categorization,soundplay,x8jhtp,3,continue,,,374.9000000000233,366.6600000000326,374.9000000000233,374.9000000000233,366.6600000000326,374.9000000000233,1,0,0,,Audio Clip,Audio,1,object-207,phonetic categorization,din,din_65.wav,,,tin,din,,,,,65,,7,,,,234,,test,,T4,,,d-right,,
1439,1784153622732,15/07/2026 22:13:42,1784153622732,-7,15/07/2026 15:13:42,269901,13,task-pkec,repeat-7r7d#1,57237405,,16361732,,complete,,,computer,Desktop or Laptop,Mac OS 10.15,Firefox 150.0,1470x956,1470x810,,,0,Phonetic categorization,25,full_List_10,pass,$${overridespreadsheet},full_List_10,199,phonetic categorization,2AFC,6i7z8o,4,response,tin,,605.2399999999907,600,605.2399999999907,605.2399999999907,600,605.2399999999907,0,0,0,,Keyboard Response,Keyboard Response,1,object-119,phonetic categorization,din,din_65.wav,,,tin,din,,,,,65,,7,,,,234,,test,,T4,,,d-right,,
1440,1784153623931,15/07/2026 22:13:43,1784153623931,-7,15/07/2026 15:13:43,269901,13,task-pkec,repeat-7r7d#1,57237405,,16361732,,complete,,,computer,Desktop or Laptop,Mac OS 10.15,Firefox 150.0,1470x956,1470x810,,,0,Phonetic categorization,25,full_List_10,pass,$${overridespreadsheet},full_List_10,199,phonetic categorization,1.2 second pause,dp6plq,5,timedOut,,,1204.2399999999907,1200,1204.2399999999907,1204.2399999999907,1200,1204.2399999999907,1,0,0,,Time Limit,screen,0,screen,phonetic categorization,din,din_65.wav,,,tin,din,,,,,65,,7,,,,234,,test,,T4,,,d-right,,
1441,1784153624431,15/07/2026 22:13:44,1784153624431,-7,15/07/2026 15:13:44,269901,13,task-pkec,repeat-7r7d#1,57237405,,16361732,,complete,,,computer,Desktop or Laptop,Mac OS 10.15,Firefox 150.0,1470x956,1470x810,,,0,Phonetic categorization,25,full_List_10,pass,$${overridespreadsheet},full_List_10,200,phonetic categorization,fixation,99n54d,1,response,,,500,500,500,500,500,500,1,0,0,,Time Limit,screen,0,screen,phonetic categorization,dip,dip_-5.wav,,,tip,dip,,,,,-5,,7,,,,234,,test,,T4,,,d-right,,
1442,1784153624930,15/07/2026 22:13:44,1784153624930,-7,15/07/2026 15:13:44,269901,13,task-pkec,repeat-7r7d#1,57237405,,16361732,,complete,,,computer,Desktop or Laptop,Mac OS 10.15,Firefox 150.0,1470x956,1470x810,,,0,Phonetic categorization,25,full_List_10,pass,$${overridespreadsheet},full_List_10,200,phonetic categorization,show option,yef3xk,2,response,,,500,500,500,500,500,500,1,0,0,,Time Limit,screen,0,screen,phonetic categorization,dip,dip_-5.wav,,,tip,dip,,,,,-5,,7,,,,234,,test,,T4,,,d-right,,
1443,1784153624936,15/07/2026 22:13:44,1784153624936,-7,15/07/2026 15:13:44,269901,13,task-pkec,repeat-7r7d#1,57237405,,16361732,,complete,,,computer,Desktop or Laptop,Mac OS 10.15,Firefox 150.0,1470x956,1470x810,,,0,Phonetic categorization,25,full_List_10,pass,$${overridespreadsheet},full_List_10,200,phonetic categorization,soundplay,x8jhtp,3,info,audio started,,9.239999999990687,0,9.239999999990687,9.239999999990687,0,9.239999999990687,0,0,0,,Audio Clip,Audio,1,object-207,phonetic categorization,dip,dip_-5.wav,,,tip,dip,,,,,-5,,7,,,,234,,test,,T4,,,d-right,,
1444,1784153625342,15/07/2026 22:13:45,1784153625342,-7,15/07/2026 15:13:45,269901,13,task-pkec,repeat-7r7d#1,57237405,,16361732,,complete,,,computer,Desktop or Laptop,Mac OS 10.15,Firefox 150.0,1470x956,1470x810,,,0,Phonetic categorization,25,full_List_10,pass,$${overridespreadsheet},full_List_10,200,phonetic categorization,soundplay,x8jhtp,3,info,audio finished,,415.2399999999907,400,415.2399999999907,415.2399999999907,400,415.2399999999907,0,0,0,,Audio Clip,Audio,1,object-207,phonetic categorization,dip,dip_-5.wav,,,tip,dip,,,,,-5,,7,,,,234,,test,,T4,,,d-right,,
1445,1784153625343,15/07/2026 22:13:45,1784153625343,-7,15/07/2026 15:13:45,269901,13,task-pkec,repeat-7r7d#1,57237405,,16361732,,complete,,,computer,Desktop or Laptop,Mac OS 10.15,Firefox 150.0,1470x956,1470x810,,,0,Phonetic categorization,25,full_List_10,pass,$${overridespreadsheet},full_List_10,200,phonetic categorization,soundplay,x8jhtp,3,continue,,,415.2399999999907,400,415.2399999999907,415.2399999999907,400,415.2399999999907,1,0,0,,Audio Clip,Audio,1,object-207,phonetic categorization,dip,dip_-5.wav,,,tip,dip,,,,,-5,,7,,,,234,,test,,T4,,,d-right,,
1446,1784153625654,15/07/2026 22:13:45,1784153625654,-7,15/07/2026 15:13:45,269901,13,task-pkec,repeat-7r7d#1,57237405,,16361732,,complete,,,computer,Desktop or Laptop,Mac OS 10.15,Firefox 150.0,1470x956,1470x810,,,0,Phonetic categorization,25,full_List_10,pass,$${overridespreadsheet},full_List_10,200,phonetic categorization,2AFC,6i7z8o,4,response,dip,,326.2399999999907,316.6600000000326,326.2399999999907,326.2399999999907,316.6600000000326,326.2399999999907,1,0,0,,Keyboard Response,Keyboard Response,1,object-119,phonetic categorization,dip,dip_-5.wav,,,tip,dip,,,,,-5,,7,,,,234,,test,,T4,,,d-right,,
1447,1784153626848,15/07/2026 22:13:46,1784153626848,-7,15/07/2026 15:13:46,269901,13,task-pkec,repeat-7r7d#1,57237405,,16361732,,complete,,,computer,Desktop or Laptop,Mac OS 10.15,Firefox 150.0,1470x956,1470x810,,,0,Phonetic categorization,25,full_List_10,pass,$${overridespreadsheet},full_List_10,200,phonetic categorization,1.2 second pause,dp6plq,5,timedOut,,,1203.579999999958,1200,1203.579999999958,1203.579999999958,1200,1203.579999999958,1,0,0,,Time Limit,screen,0,screen,phonetic categorization,dip,dip_-5.wav,,,tip,dip,,,,,-5,,7,,,,234,,test,,T4,,,d-right,,
1448,1784153627344,15/07/2026 22:13:47,1784153627344,-7,15/07/2026 15:13:47,269901,13,task-pkec,repeat-7r7d#1,57237405,,16361732,,complete,,,computer,Desktop or Laptop,Mac OS 10.15,Firefox 150.0,1470x956,1470x810,,,0,Phonetic categorization,25,full_List_10,pass,$${overridespreadsheet},full_List_10,201,phonetic categorization,fixation,99n54d,1,response,,,499.8199999999488,499.8199999999488,499.8199999999488,499.8199999999488,499.8199999999488,499.8199999999488,1,0,0,,Time Limit,screen,0,screen,phonetic categorization,din,din_15.wav,,,tin,din,,,,,15,,7,,,,234,,test,,T4,,,d-right,,
1449,1784153627846,15/07/2026 22:13:47,1784153627846,-7,15/07/2026 15:13:47,269901,13,task-pkec,repeat-7r7d#1,57237405,,16361732,,complete,,,computer,Desktop or Laptop,Mac OS 10.15,Firefox 150.0,1470x956,1470x810,,,0,Phonetic categorization,25,full_List_10,pass,$${overridespreadsheet},full_List_10,201,phonetic categorization,show option,yef3xk,2,response,,,500.1800000000512,500.1800000000512,500.1800000000512,500.1800000000512,500.1800000000512,500.1800000000512,1,0,0,,Time Limit,screen,0,screen,phonetic categorization,din,din_15.wav,,,tin,din,,,,,15,,7,,,,234,,test,,T4,,,d-right,,
1450,1784153627851,15/07/2026 22:13:47,1784153627851,-7,15/07/2026 15:13:47,269901,13,task-pkec,repeat-7r7d#1,57237405,,16361732,,complete,,,computer,Desktop or Laptop,Mac OS 10.15,Firefox 150.0,1470x956,1470x810,,,0,Phonetic categorization,25,full_List_10,pass,$${overridespreadsheet},full_List_10,201,phonetic categorization,soundplay,x8jhtp,3,info,audio started,,7.5799999999580905,0,7.5799999999580905,7.5799999999580905,0,7.5799999999580905,0,0,0,,Audio Clip,Audio,1,object-207,phonetic categorization,din,din_15.wav,,,tin,din,,,,,15,,7,,,,234,,test,,T4,,,d-right,,
1451,1784153628187,15/07/2026 22:13:48,1784153628187,-7,15/07/2026 15:13:48,269901,13,task-pkec,repeat-7r7d#1,57237405,,16361732,,complete,,,computer,Desktop or Laptop,Mac OS 10.15,Firefox 150.0,1470x956,1470x810,,,0,Phonetic categorization,25,full_List_10,pass,$${overridespreadsheet},full_List_10,201,phonetic categorization,soundplay,x8jhtp,3,info,audio finished,,342.5799999999581,333.3399999999674,342.5799999999581,342.5799999999581,333.3399999999674,342.5799999999581,0,0,0,,Audio Clip,Audio,1,object-207,phonetic categorization,din,din_15.wav,,,tin,din,,,,,15,,7,,,,234,,test,,T4,,,d-right,,
1452,1784153628188,15/07/2026 22:13:48,1784153628188,-7,15/07/2026 15:13:48,269901,13,task-pkec,repeat-7r7d#1,57237405,,16361732,,complete,,,computer,Desktop or Laptop,Mac OS 10.15,Firefox 150.0,1470x956,1470x810,,,0,Phonetic categorization,25,full_List_10,pass,$${overridespreadsheet},full_List_10,201,phonetic categorization,soundplay,x8jhtp,3,continue,,,344.5799999999581,333.3399999999674,344.5799999999581,344.5799999999581,333.3399999999674,344.5799999999581,1,0,0,,Audio Clip,Audio,1,object-207,phonetic categorization,din,din_15.wav,,,tin,din,,,,,15,,7,,,,234,,test,,T4,,,d-right,,
1453,1784153628566,15/07/2026 22:13:48,1784153628566,-7,15/07/2026 15:13:48,269901,13,task-pkec,repeat-7r7d#1,57237405,,16361732,,complete,,,computer,Desktop or Laptop,Mac OS 10.15,Firefox 150.0,1470x956,1470x810,,,0,Phonetic categorization,25,full_List_10,pass,$${overridespreadsheet},full_List_10,201,phonetic categorization,2AFC,6i7z8o,4,response,din,,389.2399999999907,384.35999999998603,389.2399999999907,389.2399999999907,384.35999999998603,389.2399999999907,1,0,0,,Keyboard Response,Keyboard Response,1,object-119,phonetic categorization,din,din_15.wav,,,tin,din,,,,,15,,7,,,,234,,test,,T4,,,d-right,,
1454,1784153629765,15/07/2026 22:13:49,1784153629765,-7,15/07/2026 15:13:49,269901,13,task-pkec,repeat-7r7d#1,57237405,,16361732,,complete,,,computer,Desktop or Laptop,Mac OS 10.15,Firefox 150.0,1470x956,1470x810,,,0,Phonetic categorization,25,full_List_10,pass,$${overridespreadsheet},full_List_10,201,phonetic categorization,1.2 second pause,dp6plq,5,timedOut,,,1202.8800000000047,1200,1202.8800000000047,1202.8800000000047,1200,1202.8800000000047,1,0,0,,Time Limit,screen,0,screen,phonetic categorization,din,din_15.wav,,,tin,din,,,,,15,,7,,,,234,,test,,T4,,,d-right,,
1455,1784153630263,15/07/2026 22:13:50,1784153630263,-7,15/07/2026 15:13:50,269901,13,task-pkec,repeat-7r7d#1,57237405,,16361732,,complete,,,computer,Desktop or Laptop,Mac OS 10.15,Firefox 150.0,1470x956,1470x810,,,0,Phonetic categorization,25,full_List_10,pass,$${overridespreadsheet},full_List_10,202,phonetic categorization,fixation,99n54d,1,response,,,500,500,500,500,500,500,1,0,0,,Time Limit,screen,0,screen,phonetic categorization,dip,dip_5.wav,,,tip,dip,,,,,5,,7,,,,234,,test,,T4,,,d-right,,
1456,1784153630764,15/07/2026 22:13:50,1784153630764,-7,15/07/2026 15:13:50,269901,13,task-pkec,repeat-7r7d#1,57237405,,16361732,,complete,,,computer,Desktop or Laptop,Mac OS 10.15,Firefox 150.0,1470x956,1470x810,,,0,Phonetic categorization,25,full_List_10,pass,$${overridespreadsheet},full_List_10,202,phonetic categorization,show option,yef3xk,2,response,,,500,500,500,500,500,500,1,0,0,,Time Limit,screen,0,screen,phonetic categorization,dip,dip_5.wav,,,tip,dip,,,,,5,,7,,,,234,,test,,T4,,,d-right,,
1457,1784153630770,15/07/2026 22:13:50,1784153630770,-7,15/07/2026 15:13:50,269901,13,task-pkec,repeat-7r7d#1,57237405,,16361732,,complete,,,computer,Desktop or Laptop,Mac OS 10.15,Firefox 150.0,1470x956,1470x810,,,0,Phonetic categorization,25,full_List_10,pass,$${overridespreadsheet},full_List_10,202,phonetic categorization,soundplay,x8jhtp,3,info,audio started,,8.880000000004657,0,8.880000000004657,8.880000000004657,0,8.880000000004657,0,0,0,,Audio Clip,Audio,1,object-207,phonetic categorization,dip,dip_5.wav,,,tip,dip,,,,,5,,7,,,,234,,test,,T4,,,d-right,,
1458,1784153631171,15/07/2026 22:13:51,1784153631171,-7,15/07/2026 15:13:51,269901,13,task-pkec,repeat-7r7d#1,57237405,,16361732,,complete,,,computer,Desktop or Laptop,Mac OS 10.15,Firefox 150.0,1470x956,1470x810,,,0,Phonetic categorization,25,full_List_10,pass,$${overridespreadsheet},full_List_10,202,phonetic categorization,soundplay,x8jhtp,3,info,audio finished,,409.88000000000466,400,409.88000000000466,409.88000000000466,400,409.88000000000466,0,0,0,,Audio Clip,Audio,1,object-207,phonetic categorization,dip,dip_5.wav,,,tip,dip,,,,,5,,7,,,,234,,test,,T4,,,d-right,,
1459,1784153631172,15/07/2026 22:13:51,1784153631172,-7,15/07/2026 15:13:51,269901,13,task-pkec,repeat-7r7d#1,57237405,,16361732,,complete,,,computer,Desktop or Laptop,Mac OS 10.15,Firefox 150.0,1470x956,1470x810,,,0,Phonetic categorization,25,full_List_10,pass,$${overridespreadsheet},full_List_10,202,phonetic categorization,soundplay,x8jhtp,3,continue,,,410.88000000000466,400,410.88000000000466,410.88000000000466,400,410.88000000000466,1,0,0,,Audio Clip,Audio,1,object-207,phonetic categorization,dip,dip_5.wav,,,tip,dip,,,,,5,,7,,,,234,,test,,T4,,,d-right,,
1460,1784153631546,15/07/2026 22:13:51,1784153631546,-7,15/07/2026 15:13:51,269901,13,task-pkec,repeat-7r7d#1,57237405,,16361732,,complete,,,computer,Desktop or Laptop,Mac OS 10.15,Firefox 150.0,1470x956,1470x810,,,0,Phonetic categorization,25,full_List_10,pass,$${overridespreadsheet},full_List_10,202,phonetic categorization,2AFC,6i7z8o,4,response,dip,,383.3200000000652,366.6600000000326,383.3200000000652,383.3200000000652,366.6600000000326,383.3200000000652,1,0,0,,Keyboard Response,Keyboard Response,1,object-119,phonetic categorization,dip,dip_5.wav,,,tip,dip,,,,,5,,7,,,,234,,test,,T4,,,d-right,,
1461,1784153632731,15/07/2026 22:13:52,1784153632731,-7,15/07/2026 15:13:52,269901,13,task-pkec,repeat-7r7d#1,57237405,,16361732,,complete,,,computer,Desktop or Laptop,Mac OS 10.15,Firefox 150.0,1470x956,1470x810,,,0,Phonetic categorization,25,full_List_10,pass,$${overridespreadsheet},full_List_10,202,phonetic categorization,1.2 second pause,dp6plq,5,timedOut,,,1203.219999999972,1200,1203.219999999972,1203.219999999972,1200,1203.219999999972,1,0,0,,Time Limit,screen,0,screen,phonetic categorization,dip,dip_5.wav,,,tip,dip,,,,,5,,7,,,,234,,test,,T4,,,d-right,,
1462,1784153633232,15/07/2026 22:13:53,1784153633232,-7,15/07/2026 15:13:53,269901,13,task-pkec,repeat-7r7d#1,57237405,,16361732,,complete,,,computer,Desktop or Laptop,Mac OS 10.15,Firefox 150.0,1470x956,1470x810,,,0,Phonetic categorization,25,full_List_10,pass,$${overridespreadsheet},full_List_10,203,phonetic categorization,fixation,99n54d,1,response,,,500,500,500,500,500,500,1,0,0,,Time Limit,screen,0,screen,phonetic categorization,dip,dip_30.wav,,,tip,dip,,,,,30,,7,,,,234,,test,,T4,,,d-right,,
1463,1784153633732,15/07/2026 22:13:53,1784153633732,-7,15/07/2026 15:13:53,269901,13,task-pkec,repeat-7r7d#1,57237405,,16361732,,complete,,,computer,Desktop or Laptop,Mac OS 10.15,Firefox 150.0,1470x956,1470x810,,,0,Phonetic categorization,25,full_List_10,pass,$${overridespreadsheet},full_List_10,203,phonetic categorization,show option,yef3xk,2,response,,,500,500,500,500,500,500,1,0,0,,Time Limit,screen,0,screen,phonetic categorization,dip,dip_30.wav,,,tip,dip,,,,,30,,7,,,,234,,test,,T4,,,d-right,,
1464,1784153633738,15/07/2026 22:13:53,1784153633738,-7,15/07/2026 15:13:53,269901,13,task-pkec,repeat-7r7d#1,57237405,,16361732,,complete,,,computer,Desktop or Laptop,Mac OS 10.15,Firefox 150.0,1470x956,1470x810,,,0,Phonetic categorization,25,full_List_10,pass,$${overridespreadsheet},full_List_10,203,phonetic categorization,soundplay,x8jhtp,3,info,audio started,,10.21999999997206,0,10.21999999997206,10.21999999997206,0,10.21999999997206,0,0,0,,Audio Clip,Audio,1,object-207,phonetic categorization,dip,dip_30.wav,,,tip,dip,,,,,30,,7,,,,234,,test,,T4,,,d-right,,
1465,1784153634155,15/07/2026 22:13:54,1784153634155,-7,15/07/2026 15:13:54,269901,13,task-pkec,repeat-7r7d#1,57237405,,16361732,,complete,,,computer,Desktop or Laptop,Mac OS 10.15,Firefox 150.0,1470x956,1470x810,,,0,Phonetic categorization,25,full_List_10,pass,$${overridespreadsheet},full_List_10,203,phonetic categorization,soundplay,x8jhtp,3,info,audio finished,,427.21999999997206,416.6799999999348,427.21999999997206,427.21999999997206,416.6799999999348,427.21999999997206,0,0,0,,Audio Clip,Audio,1,object-207,phonetic categorization,dip,dip_30.wav,,,tip,dip,,,,,30,,7,,,,234,,test,,T4,,,d-right,,
1466,1784153634156,15/07/2026 22:13:54,1784153634156,-7,15/07/2026 15:13:54,269901,13,task-pkec,repeat-7r7d#1,57237405,,16361732,,complete,,,computer,Desktop or Laptop,Mac OS 10.15,Firefox 150.0,1470x956,1470x810,,,0,Phonetic categorization,25,full_List_10,pass,$${overridespreadsheet},full_List_10,203,phonetic categorization,soundplay,x8jhtp,3,continue,,,428.21999999997206,416.6799999999348,428.21999999997206,428.21999999997206,416.6799999999348,428.21999999997206,1,0,0,,Audio Clip,Audio,1,object-207,phonetic categorization,dip,dip_30.wav,,,tip,dip,,,,,30,,7,,,,234,,test,,T4,,,d-right,,
1467,1784153634385,15/07/2026 22:13:54,1784153634385,-7,15/07/2026 15:13:54,269901,13,task-pkec,repeat-7r7d#1,57237405,,16361732,,complete,,,computer,Desktop or Laptop,Mac OS 10.15,Firefox 150.0,1470x956,1470x810,,,0,Phonetic categorization,25,full_List_10,pass,$${overridespreadsheet},full_List_10,203,phonetic categorization,2AFC,6i7z8o,4,response,dip,,239.54000000003725,233.3200000000652,239.54000000003725,239.54000000003725,233.3200000000652,239.54000000003725,1,0,0,,Keyboard Response,Keyboard Response,1,object-119,phonetic categorization,dip,dip_30.wav,,,tip,dip,,,,,30,,7,,,,234,,test,,T4,,,d-right,,
1468,1784153635582,15/07/2026 22:13:55,1784153635582,-7,15/07/2026 15:13:55,269901,13,task-pkec,repeat-7r7d#1,57237405,,16361732,,complete,,,computer,Desktop or Laptop,Mac OS 10.15,Firefox 150.0,1470x956,1470x810,,,0,Phonetic categorization,25,full_List_10,pass,$${overridespreadsheet},full_List_10,203,phonetic categorization,1.2 second pause,dp6plq,5,timedOut,,,1203.219999999972,1200,1203.219999999972,1203.219999999972,1200,1203.219999999972,1,0,0,,Time Limit,screen,0,screen,phonetic categorization,dip,dip_30.wav,,,tip,dip,,,,,30,,7,,,,234,,test,,T4,,,d-right,,
1469,1784153636082,15/07/2026 22:13:56,1784153636082,-7,15/07/2026 15:13:56,269901,13,task-pkec,repeat-7r7d#1,57237405,,16361732,,complete,,,computer,Desktop or Laptop,Mac OS 10.15,Firefox 150.0,1470x956,1470x810,,,0,Phonetic categorization,25,full_List_10,pass,$${overridespreadsheet},full_List_10,204,phonetic categorization,fixation,99n54d,1,response,,,500,500,500,500,500,500,1,0,0,,Time Limit,screen,0,screen,phonetic categorization,dill,dill_50.wav,,,till,dill,,,,,50,,7,,,,234,,test,,T4,,,d-right,,
1470,1784153636581,15/07/2026 22:13:56,1784153636581,-7,15/07/2026 15:13:56,269901,13,task-pkec,repeat-7r7d#1,57237405,,16361732,,complete,,,computer,Desktop or Laptop,Mac OS 10.15,Firefox 150.0,1470x956,1470x810,,,0,Phonetic categorization,25,full_List_10,pass,$${overridespreadsheet},full_List_10,204,phonetic categorization,show option,yef3xk,2,response,,,500,500,500,500,500,500,1,0,0,,Time Limit,screen,0,screen,phonetic categorization,dill,dill_50.wav,,,till,dill,,,,,50,,7,,,,234,,test,,T4,,,d-right,,
1471,1784153636590,15/07/2026 22:13:56,1784153636590,-7,15/07/2026 15:13:56,269901,13,task-pkec,repeat-7r7d#1,57237405,,16361732,,complete,,,computer,Desktop or Laptop,Mac OS 10.15,Firefox 150.0,1470x956,1470x810,,,0,Phonetic categorization,25,full_List_10,pass,$${overridespreadsheet},full_List_10,204,phonetic categorization,soundplay,x8jhtp,3,info,audio started,,12.21999999997206,0,12.21999999997206,12.21999999997206,0,12.21999999997206,0,0,0,,Audio Clip,Audio,1,object-207,phonetic categorization,dill,dill_50.wav,,,till,dill,,,,,50,,7,,,,234,,test,,T4,,,d-right,,
1472,1784153636962,15/07/2026 22:13:56,1784153636962,-7,15/07/2026 15:13:56,269901,13,task-pkec,repeat-7r7d#1,57237405,,16361732,,complete,,,computer,Desktop or Laptop,Mac OS 10.15,Firefox 150.0,1470x956,1470x810,,,0,Phonetic categorization,25,full_List_10,pass,$${overridespreadsheet},full_List_10,204,phonetic categorization,soundplay,x8jhtp,3,info,audio finished,,383.21999999997206,366.6799999999348,383.21999999997206,383.21999999997206,366.6799999999348,383.21999999997206,0,0,0,,Audio Clip,Audio,1,object-207,phonetic categorization,dill,dill_50.wav,,,till,dill,,,,,50,,7,,,,234,,test,,T4,,,d-right,,
1473,1784153636963,15/07/2026 22:13:56,1784153636963,-7,15/07/2026 15:13:56,269901,13,task-pkec,repeat-7r7d#1,57237405,,16361732,,complete,,,computer,Desktop or Laptop,Mac OS 10.15,Firefox 150.0,1470x956,1470x810,,,0,Phonetic categorization,25,full_List_10,pass,$${overridespreadsheet},full_List_10,204,phonetic categorization,soundplay,x8jhtp,3,continue,,,383.3599999998696,366.6799999999348,383.3599999998696,383.3599999998696,366.6799999999348,383.3599999998696,1,0,0,,Audio Clip,Audio,1,object-207,phonetic categorization,dill,dill_50.wav,,,till,dill,,,,,50,,7,,,,234,,test,,T4,,,d-right,,
1474,1784153637437,15/07/2026 22:13:57,1784153637437,-7,15/07/2026 15:13:57,269901,13,task-pkec,repeat-7r7d#1,57237405,,16361732,,complete,,,computer,Desktop or Laptop,Mac OS 10.15,Firefox 150.0,1470x956,1470x810,,,0,Phonetic categorization,25,full_List_10,pass,$${overridespreadsheet},full_List_10,204,phonetic categorization,2AFC,6i7z8o,4,response,till,,491.54000000003725,483.3200000000652,491.54000000003725,491.54000000003725,483.3200000000652,491.54000000003725,0,0,0,,Keyboard Response,Keyboard Response,1,object-119,phonetic categorization,dill,dill_50.wav,,,till,dill,,,,,50,,7,,,,234,,test,,T4,,,d-right,,
1475,1784153638629,15/07/2026 22:13:58,1784153638629,-7,15/07/2026 15:13:58,269901,13,task-pkec,repeat-7r7d#1,57237405,,16361732,,complete,,,computer,Desktop or Laptop,Mac OS 10.15,Firefox 150.0,1470x956,1470x810,,,0,Phonetic categorization,25,full_List_10,pass,$${overridespreadsheet},full_List_10,204,phonetic categorization,1.2 second pause,dp6plq,5,timedOut,,,1201.219999999972,1200,1201.219999999972,1201.219999999972,1200,1201.219999999972,1,0,0,,Time Limit,screen,0,screen,phonetic categorization,dill,dill_50.wav,,,till,dill,,,,,50,,7,,,,234,,test,,T4,,,d-right,,
1476,1784153639131,15/07/2026 22:13:59,1784153639131,-7,15/07/2026 15:13:59,269901,13,task-pkec,repeat-7r7d#1,57237405,,16361732,,complete,,,computer,Desktop or Laptop,Mac OS 10.15,Firefox 150.0,1470x956,1470x810,,,0,Phonetic categorization,25,full_List_10,pass,$${overridespreadsheet},full_List_10,205,phonetic categorization,fixation,99n54d,1,response,,,500,500,500,500,500,500,1,0,0,,Time Limit,screen,0,screen,phonetic categorization,dill,dill_70.wav,,,till,dill,,,,,70,,7,,,,234,,test,,T4,,,d-right,,
1477,1784153639629,15/07/2026 22:13:59,1784153639629,-7,15/07/2026 15:13:59,269901,13,task-pkec,repeat-7r7d#1,57237405,,16361732,,complete,,,computer,Desktop or Laptop,Mac OS 10.15,Firefox 150.0,1470x956,1470x810,,,0,Phonetic categorization,25,full_List_10,pass,$${overridespreadsheet},full_List_10,205,phonetic categorization,show option,yef3xk,2,response,,,500,500,500,500,500,500,1,0,0,,Time Limit,screen,0,screen,phonetic categorization,dill,dill_70.wav,,,till,dill,,,,,70,,7,,,,234,,test,,T4,,,d-right,,
1478,1784153639633,15/07/2026 22:13:59,1784153639633,-7,15/07/2026 15:13:59,269901,13,task-pkec,repeat-7r7d#1,57237405,,16361732,,complete,,,computer,Desktop or Laptop,Mac OS 10.15,Firefox 150.0,1470x956,1470x810,,,0,Phonetic categorization,25,full_List_10,pass,$${overridespreadsheet},full_List_10,205,phonetic categorization,soundplay,x8jhtp,3,info,audio started,,5.21999999997206,0,5.21999999997206,5.21999999997206,0,5.21999999997206,0,0,0,,Audio Clip,Audio,1,object-207,phonetic categorization,dill,dill_70.wav,,,till,dill,,,,,70,,7,,,,234,,test,,T4,,,d-right,,
1479,1784153640023,15/07/2026 22:14:00,1784153640023,-7,15/07/2026 15:14:00,269901,13,task-pkec,repeat-7r7d#1,57237405,,16361732,,complete,,,computer,Desktop or Laptop,Mac OS 10.15,Firefox 150.0,1470x956,1470x810,,,0,Phonetic categorization,25,full_List_10,pass,$${overridespreadsheet},full_List_10,205,phonetic categorization,soundplay,x8jhtp,3,info,audio finished,,395.21999999997206,383.3399999999674,395.21999999997206,395.21999999997206,383.3399999999674,395.21999999997206,0,0,0,,Audio Clip,Audio,1,object-207,phonetic categorization,dill,dill_70.wav,,,till,dill,,,,,70,,7,,,,234,,test,,T4,,,d-right,,
1480,1784153640024,15/07/2026 22:14:00,1784153640024,-7,15/07/2026 15:14:00,269901,13,task-pkec,repeat-7r7d#1,57237405,,16361732,,complete,,,computer,Desktop or Laptop,Mac OS 10.15,Firefox 150.0,1470x956,1470x810,,,0,Phonetic categorization,25,full_List_10,pass,$${overridespreadsheet},full_List_10,205,phonetic categorization,soundplay,x8jhtp,3,continue,,,396.21999999997206,383.3399999999674,396.21999999997206,396.21999999997206,383.3399999999674,396.21999999997206,1,0,0,,Audio Clip,Audio,1,object-207,phonetic categorization,dill,dill_70.wav,,,till,dill,,,,,70,,7,,,,234,,test,,T4,,,d-right,,
1481,1784153640353,15/07/2026 22:14:00,1784153640353,-7,15/07/2026 15:14:00,269901,13,task-pkec,repeat-7r7d#1,57237405,,16361732,,complete,,,computer,Desktop or Laptop,Mac OS 10.15,Firefox 150.0,1470x956,1470x810,,,0,Phonetic categorization,25,full_List_10,pass,$${overridespreadsheet},full_List_10,205,phonetic categorization,2AFC,6i7z8o,4,response,till,,341.88000000000466,333.3399999999674,341.88000000000466,341.88000000000466,333.3399999999674,341.88000000000466,0,0,0,,Keyboard Response,Keyboard Response,1,object-119,phonetic categorization,dill,dill_70.wav,,,till,dill,,,,,70,,7,,,,234,,test,,T4,,,d-right,,
1482,1784153641550,15/07/2026 22:14:01,1784153641550,-7,15/07/2026 15:14:01,269901,13,task-pkec,repeat-7r7d#1,57237405,,16361732,,complete,,,computer,Desktop or Laptop,Mac OS 10.15,Firefox 150.0,1470x956,1470x810,,,0,Phonetic categorization,25,full_List_10,pass,$${overridespreadsheet},full_List_10,205,phonetic categorization,1.2 second pause,dp6plq,5,timedOut,,,1204.5400000000373,1200,1204.5400000000373,1204.5400000000373,1200,1204.5400000000373,1,0,0,,Time Limit,screen,0,screen,phonetic categorization,dill,dill_70.wav,,,till,dill,,,,,70,,7,,,,234,,test,,T4,,,d-right,,
1483,1784153642045,15/07/2026 22:14:02,1784153642045,-7,15/07/2026 15:14:02,269901,13,task-pkec,repeat-7r7d#1,57237405,,16361732,,complete,,,computer,Desktop or Laptop,Mac OS 10.15,Firefox 150.0,1470x956,1470x810,,,0,Phonetic categorization,25,full_List_10,pass,$${overridespreadsheet},full_List_10,206,phonetic categorization,fixation,99n54d,1,response,,,499.88000000000466,499.88000000000466,499.88000000000466,499.88000000000466,499.88000000000466,499.88000000000466,1,0,0,,Time Limit,screen,0,screen,phonetic categorization,din,din_45.wav,,,tin,din,,,,,45,,7,,,,234,,test,,T4,,,d-right,,
1484,1784153642548,15/07/2026 22:14:02,1784153642548,-7,15/07/2026 15:14:02,269901,13,task-pkec,repeat-7r7d#1,57237405,,16361732,,complete,,,computer,Desktop or Laptop,Mac OS 10.15,Firefox 150.0,1470x956,1470x810,,,0,Phonetic categorization,25,full_List_10,pass,$${overridespreadsheet},full_List_10,206,phonetic categorization,show option,yef3xk,2,response,,,500.11999999999534,500.11999999999534,500.11999999999534,500.11999999999534,500.11999999999534,500.11999999999534,1,0,0,,Time Limit,screen,0,screen,phonetic categorization,din,din_45.wav,,,tin,din,,,,,45,,7,,,,234,,test,,T4,,,d-right,,
1485,1784153642556,15/07/2026 22:14:02,1784153642556,-7,15/07/2026 15:14:02,269901,13,task-pkec,repeat-7r7d#1,57237405,,16361732,,complete,,,computer,Desktop or Laptop,Mac OS 10.15,Firefox 150.0,1470x956,1470x810,,,0,Phonetic categorization,25,full_List_10,pass,$${overridespreadsheet},full_List_10,206,phonetic categorization,soundplay,x8jhtp,3,info,audio started,,11.540000000037253,0,11.540000000037253,11.540000000037253,0,11.540000000037253,0,0,0,,Audio Clip,Audio,1,object-207,phonetic categorization,din,din_45.wav,,,tin,din,,,,,45,,7,,,,234,,test,,T4,,,d-right,,
1486,1784153642909,15/07/2026 22:14:02,1784153642909,-7,15/07/2026 15:14:02,269901,13,task-pkec,repeat-7r7d#1,57237405,,16361732,,complete,,,computer,Desktop or Laptop,Mac OS 10.15,Firefox 150.0,1470x956,1470x810,,,0,Phonetic categorization,25,full_List_10,pass,$${overridespreadsheet},full_List_10,206,phonetic categorization,soundplay,x8jhtp,3,info,audio finished,,363.54000000003725,350,363.54000000003725,363.54000000003725,350,363.54000000003725,0,0,0,,Audio Clip,Audio,1,object-207,phonetic categorization,din,din_45.wav,,,tin,din,,,,,45,,7,,,,234,,test,,T4,,,d-right,,
1487,1784153642910,15/07/2026 22:14:02,1784153642910,-7,15/07/2026 15:14:02,269901,13,task-pkec,repeat-7r7d#1,57237405,,16361732,,complete,,,computer,Desktop or Laptop,Mac OS 10.15,Firefox 150.0,1470x956,1470x810,,,0,Phonetic categorization,25,full_List_10,pass,$${overridespreadsheet},full_List_10,206,phonetic categorization,soundplay,x8jhtp,3,continue,,,364.54000000003725,350,364.54000000003725,364.54000000003725,350,364.54000000003725,1,0,0,,Audio Clip,Audio,1,object-207,phonetic categorization,din,din_45.wav,,,tin,din,,,,,45,,7,,,,234,,test,,T4,,,d-right,,
1488,1784153643172,15/07/2026 22:14:03,1784153643172,-7,15/07/2026 15:14:03,269901,13,task-pkec,repeat-7r7d#1,57237405,,16361732,,complete,,,computer,Desktop or Laptop,Mac OS 10.15,Firefox 150.0,1470x956,1470x810,,,0,Phonetic categorization,25,full_List_10,pass,$${overridespreadsheet},full_List_10,206,phonetic categorization,2AFC,6i7z8o,4,response,tin,,276.54000000003725,266.6600000000326,276.54000000003725,276.54000000003725,266.6600000000326,276.54000000003725,0,0,0,,Keyboard Response,Keyboard Response,1,object-119,phonetic categorization,din,din_45.wav,,,tin,din,,,,,45,,7,,,,234,,test,,T4,,,d-right,,
1489,1784153644366,15/07/2026 22:14:04,1784153644366,-7,15/07/2026 15:14:04,269901,13,task-pkec,repeat-7r7d#1,57237405,,16361732,,complete,,,computer,Desktop or Laptop,Mac OS 10.15,Firefox 150.0,1470x956,1470x810,,,0,Phonetic categorization,25,full_List_10,pass,$${overridespreadsheet},full_List_10,206,phonetic categorization,1.2 second pause,dp6plq,5,timedOut,,,1202.8800000000047,1200,1202.8800000000047,1202.8800000000047,1200,1202.8800000000047,1,0,0,,Time Limit,screen,0,screen,phonetic categorization,din,din_45.wav,,,tin,din,,,,,45,,7,,,,234,,test,,T4,,,d-right,,
1490,1784153644864,15/07/2026 22:14:04,1784153644864,-7,15/07/2026 15:14:04,269901,13,task-pkec,repeat-7r7d#1,57237405,,16361732,,complete,,,computer,Desktop or Laptop,Mac OS 10.15,Firefox 150.0,1470x956,1470x810,,,0,Phonetic categorization,25,full_List_10,pass,$${overridespreadsheet},full_List_10,207,phonetic categorization,fixation,99n54d,1,response,,,500,500,500,500,500,500,1,0,0,,Time Limit,screen,0,screen,phonetic categorization,din,din_40.wav,,,tin,din,,,,,40,,7,,,,234,,test,,T4,,,d-right,,
1491,1784153645365,15/07/2026 22:14:05,1784153645365,-7,15/07/2026 15:14:05,269901,13,task-pkec,repeat-7r7d#1,57237405,,16361732,,complete,,,computer,Desktop or Laptop,Mac OS 10.15,Firefox 150.0,1470x956,1470x810,,,0,Phonetic categorization,25,full_List_10,pass,$${overridespreadsheet},full_List_10,207,phonetic categorization,show option,yef3xk,2,response,,,500,500,500,500,500,500,1,0,0,,Time Limit,screen,0,screen,phonetic categorization,din,din_40.wav,,,tin,din,,,,,40,,7,,,,234,,test,,T4,,,d-right,,
1492,1784153645371,15/07/2026 22:14:05,1784153645371,-7,15/07/2026 15:14:05,269901,13,task-pkec,repeat-7r7d#1,57237405,,16361732,,complete,,,computer,Desktop or Laptop,Mac OS 10.15,Firefox 150.0,1470x956,1470x810,,,0,Phonetic categorization,25,full_List_10,pass,$${overridespreadsheet},full_List_10,207,phonetic categorization,soundplay,x8jhtp,3,info,audio started,,10.880000000004657,0,10.880000000004657,10.880000000004657,0,10.880000000004657,0,0,0,,Audio Clip,Audio,1,object-207,phonetic categorization,din,din_40.wav,,,tin,din,,,,,40,,7,,,,234,,test,,T4,,,d-right,,
1493,1784153645724,15/07/2026 22:14:05,1784153645724,-7,15/07/2026 15:14:05,269901,13,task-pkec,repeat-7r7d#1,57237405,,16361732,,complete,,,computer,Desktop or Laptop,Mac OS 10.15,Firefox 150.0,1470x956,1470x810,,,0,Phonetic categorization,25,full_List_10,pass,$${overridespreadsheet},full_List_10,207,phonetic categorization,soundplay,x8jhtp,3,info,audio finished,,362.88000000000466,350,362.88000000000466,362.88000000000466,350,362.88000000000466,0,0,0,,Audio Clip,Audio,1,object-207,phonetic categorization,din,din_40.wav,,,tin,din,,,,,40,,7,,,,234,,test,,T4,,,d-right,,
1494,1784153645725,15/07/2026 22:14:05,1784153645725,-7,15/07/2026 15:14:05,269901,13,task-pkec,repeat-7r7d#1,57237405,,16361732,,complete,,,computer,Desktop or Laptop,Mac OS 10.15,Firefox 150.0,1470x956,1470x810,,,0,Phonetic categorization,25,full_List_10,pass,$${overridespreadsheet},full_List_10,207,phonetic categorization,soundplay,x8jhtp,3,continue,,,362.88000000000466,350,362.88000000000466,362.88000000000466,350,362.88000000000466,1,0,0,,Audio Clip,Audio,1,object-207,phonetic categorization,din,din_40.wav,,,tin,din,,,,,40,,7,,,,234,,test,,T4,,,d-right,,
1495,1784153645992,15/07/2026 22:14:05,1784153645992,-7,15/07/2026 15:14:05,269901,13,task-pkec,repeat-7r7d#1,57237405,,16361732,,complete,,,computer,Desktop or Laptop,Mac OS 10.15,Firefox 150.0,1470x956,1470x810,,,0,Phonetic categorization,25,full_List_10,pass,$${overridespreadsheet},full_List_10,207,phonetic categorization,2AFC,6i7z8o,4,response,tin,,280.88000000000466,266.6600000000326,280.88000000000466,280.88000000000466,266.6600000000326,280.88000000000466,0,0,0,,Keyboard Response,Keyboard Response,1,object-119,phonetic categorization,din,din_40.wav,,,tin,din,,,,,40,,7,,,,234,,test,,T4,,,d-right,,
1496,1784153647182,15/07/2026 22:14:07,1784153647182,-7,15/07/2026 15:14:07,269901,13,task-pkec,repeat-7r7d#1,57237405,,16361732,,complete,,,computer,Desktop or Laptop,Mac OS 10.15,Firefox 150.0,1470x956,1470x810,,,0,Phonetic categorization,25,full_List_10,pass,$${overridespreadsheet},full_List_10,207,phonetic categorization,1.2 second pause,dp6plq,5,timedOut,,,1203.219999999972,1200,1203.219999999972,1203.219999999972,1200,1203.219999999972,1,0,0,,Time Limit,screen,0,screen,phonetic categorization,din,din_40.wav,,,tin,din,,,,,40,,7,,,,234,,test,,T4,,,d-right,,
1497,1784153647681,15/07/2026 22:14:07,1784153647681,-7,15/07/2026 15:14:07,269901,13,task-pkec,repeat-7r7d#1,57237405,,16361732,,complete,,,computer,Desktop or Laptop,Mac OS 10.15,Firefox 150.0,1470x956,1470x810,,,0,Phonetic categorization,25,full_List_10,pass,$${overridespreadsheet},full_List_10,208,phonetic categorization,fixation,99n54d,1,response,,,500,500,500,500,500,500,1,0,0,,Time Limit,screen,0,screen,phonetic categorization,dill,dill_25.wav,,,till,dill,,,,,25,,7,,,,234,,test,,T4,,,d-right,,
1498,1784153648181,15/07/2026 22:14:08,1784153648181,-7,15/07/2026 15:14:08,269901,13,task-pkec,repeat-7r7d#1,57237405,,16361732,,complete,,,computer,Desktop or Laptop,Mac OS 10.15,Firefox 150.0,1470x956,1470x810,,,0,Phonetic categorization,25,full_List_10,pass,$${overridespreadsheet},full_List_10,208,phonetic categorization,show option,yef3xk,2,response,,,500,500,500,500,500,500,1,0,0,,Time Limit,screen,0,screen,phonetic categorization,dill,dill_25.wav,,,till,dill,,,,,25,,7,,,,234,,test,,T4,,,d-right,,
1499,1784153648186,15/07/2026 22:14:08,1784153648186,-7,15/07/2026 15:14:08,269901,13,task-pkec,repeat-7r7d#1,57237405,,16361732,,complete,,,computer,Desktop or Laptop,Mac OS 10.15,Firefox 150.0,1470x956,1470x810,,,0,Phonetic categorization,25,full_List_10,pass,$${overridespreadsheet},full_List_10,208,phonetic categorization,soundplay,x8jhtp,3,info,audio started,,8.21999999997206,0,8.21999999997206,8.21999999997206,0,8.21999999997206,0,0,0,,Audio Clip,Audio,1,object-207,phonetic categorization,dill,dill_25.wav,,,till,dill,,,,,25,,7,,,,234,,test,,T4,,,d-right,,
1500,1784153648544,15/07/2026 22:14:08,1784153648544,-7,15/07/2026 15:14:08,269901,13,task-pkec,repeat-7r7d#1,57237405,,16361732,,complete,,,computer,Desktop or Laptop,Mac OS 10.15,Firefox 150.0,1470x956,1470x810,,,0,Phonetic categorization,25,full_List_10,pass,$${overridespreadsheet},full_List_10,208,phonetic categorization,soundplay,x8jhtp,3,info,audio finished,,366.6600000000326,350,366.6600000000326,366.6600000000326,350,366.6600000000326,0,0,0,,Audio Clip,Audio,1,object-207,phonetic categorization,dill,dill_25.wav,,,till,dill,,,,,25,,7,,,,234,,test,,T4,,,d-right,,
1501,1784153648546,15/07/2026 22:14:08,1784153648546,-7,15/07/2026 15:14:08,269901,13,task-pkec,repeat-7r7d#1,57237405,,16361732,,complete,,,computer,Desktop or Laptop,Mac OS 10.15,Firefox 150.0,1470x956,1470x810,,,0,Phonetic categorization,25,full_List_10,pass,$${overridespreadsheet},full_List_10,208,phonetic categorization,soundplay,x8jhtp,3,continue,,,366.6600000000326,350,366.6600000000326,366.6600000000326,350,366.6600000000326,1,0,0,,Audio Clip,Audio,1,object-207,phonetic categorization,dill,dill_25.wav,,,till,dill,,,,,25,,7,,,,234,,test,,T4,,,d-right,,
1502,1784153649013,15/07/2026 22:14:09,1784153649013,-7,15/07/2026 15:14:09,269901,13,task-pkec,repeat-7r7d#1,57237405,,16361732,,complete,,,computer,Desktop or Laptop,Mac OS 10.15,Firefox 150.0,1470x956,1470x810,,,0,Phonetic categorization,25,full_List_10,pass,$${overridespreadsheet},full_List_10,208,phonetic categorization,2AFC,6i7z8o,4,response,dill,,483.3599999998696,466.6799999999348,483.3599999998696,483.3599999998696,466.6799999999348,483.3599999998696,1,0,0,,Keyboard Response,Keyboard Response,1,object-119,phonetic categorization,dill,dill_25.wav,,,till,dill,,,,,25,,7,,,,234,,test,,T4,,,d-right,,
1503,1784153650196,15/07/2026 22:14:10,1784153650196,-7,15/07/2026 15:14:10,269901,13,task-pkec,repeat-7r7d#1,57237405,,16361732,,complete,,,computer,Desktop or Laptop,Mac OS 10.15,Firefox 150.0,1470x956,1470x810,,,0,Phonetic categorization,25,full_List_10,pass,$${overridespreadsheet},full_List_10,208,phonetic categorization,1.2 second pause,dp6plq,5,timedOut,,,1201.5400000000373,1200,1201.5400000000373,1201.5400000000373,1200,1201.5400000000373,1,0,0,,Time Limit,screen,0,screen,phonetic categorization,dill,dill_25.wav,,,till,dill,,,,,25,,7,,,,234,,test,,T4,,,d-right,,
1504,1784153650697,15/07/2026 22:14:10,1784153650697,-7,15/07/2026 15:14:10,269901,13,task-pkec,repeat-7r7d#1,57237405,,16361732,,complete,,,computer,Desktop or Laptop,Mac OS 10.15,Firefox 150.0,1470x956,1470x810,,,0,Phonetic categorization,25,full_List_10,pass,$${overridespreadsheet},full_List_10,209,phonetic categorization,fixation,99n54d,1,response,,,500,500,500,500,500,500,1,0,0,,Time Limit,screen,0,screen,phonetic categorization,dip,dip_55.wav,,,tip,dip,,,,,55,,7,,,,234,,test,,T4,,,d-right,,
1505,1784153651197,15/07/2026 22:14:11,1784153651197,-7,15/07/2026 15:14:11,269901,13,task-pkec,repeat-7r7d#1,57237405,,16361732,,complete,,,computer,Desktop or Laptop,Mac OS 10.15,Firefox 150.0,1470x956,1470x810,,,0,Phonetic categorization,25,full_List_10,pass,$${overridespreadsheet},full_List_10,209,phonetic categorization,show option,yef3xk,2,response,,,500,500,500,500,500,500,1,0,0,,Time Limit,screen,0,screen,phonetic categorization,dip,dip_55.wav,,,tip,dip,,,,,55,,7,,,,234,,test,,T4,,,d-right,,
1506,1784153651200,15/07/2026 22:14:11,1784153651200,-7,15/07/2026 15:14:11,269901,13,task-pkec,repeat-7r7d#1,57237405,,16361732,,complete,,,computer,Desktop or Laptop,Mac OS 10.15,Firefox 150.0,1470x956,1470x810,,,0,Phonetic categorization,25,full_List_10,pass,$${overridespreadsheet},full_List_10,209,phonetic categorization,soundplay,x8jhtp,3,info,audio started,,4.540000000037253,0,4.540000000037253,4.540000000037253,0,4.540000000037253,0,0,0,,Audio Clip,Audio,1,object-207,phonetic categorization,dip,dip_55.wav,,,tip,dip,,,,,55,,7,,,,234,,test,,T4,,,d-right,,
1507,1784153651632,15/07/2026 22:14:11,1784153651632,-7,15/07/2026 15:14:11,269901,13,task-pkec,repeat-7r7d#1,57237405,,16361732,,complete,,,computer,Desktop or Laptop,Mac OS 10.15,Firefox 150.0,1470x956,1470x810,,,0,Phonetic categorization,25,full_List_10,pass,$${overridespreadsheet},full_List_10,209,phonetic categorization,soundplay,x8jhtp,3,info,audio finished,,433.3200000000652,416.6600000000326,433.3200000000652,433.3200000000652,416.6600000000326,433.3200000000652,0,0,0,,Audio Clip,Audio,1,object-207,phonetic categorization,dip,dip_55.wav,,,tip,dip,,,,,55,,7,,,,234,,test,,T4,,,d-right,,
1508,1784153651639,15/07/2026 22:14:11,1784153651639,-7,15/07/2026 15:14:11,269901,13,task-pkec,repeat-7r7d#1,57237405,,16361732,,complete,,,computer,Desktop or Laptop,Mac OS 10.15,Firefox 150.0,1470x956,1470x810,,,0,Phonetic categorization,25,full_List_10,pass,$${overridespreadsheet},full_List_10,209,phonetic categorization,soundplay,x8jhtp,3,continue,,,433.3200000000652,416.6600000000326,433.3200000000652,433.3200000000652,416.6600000000326,433.3200000000652,1,0,0,,Audio Clip,Audio,1,object-207,phonetic categorization,dip,dip_55.wav,,,tip,dip,,,,,55,,7,,,,234,,test,,T4,,,d-right,,
1509,1784153651965,15/07/2026 22:14:11,1784153651965,-7,15/07/2026 15:14:11,269901,13,task-pkec,repeat-7r7d#1,57237405,,16361732,,complete,,,computer,Desktop or Laptop,Mac OS 10.15,Firefox 150.0,1470x956,1470x810,,,0,Phonetic categorization,25,full_List_10,pass,$${overridespreadsheet},full_List_10,209,phonetic categorization,2AFC,6i7z8o,4,response,tip,,350.0199999999022,333.3399999999674,350.0199999999022,350.0199999999022,333.3399999999674,350.0199999999022,0,0,0,,Keyboard Response,Keyboard Response,1,object-119,phonetic categorization,dip,dip_55.wav,,,tip,dip,,,,,55,,7,,,,234,,test,,T4,,,d-right,,
1510,1784153653146,15/07/2026 22:14:13,1784153653146,-7,15/07/2026 15:14:13,269901,13,task-pkec,repeat-7r7d#1,57237405,,16361732,,complete,,,computer,Desktop or Laptop,Mac OS 10.15,Firefox 150.0,1470x956,1470x810,,,0,Phonetic categorization,25,full_List_10,pass,$${overridespreadsheet},full_List_10,209,phonetic categorization,1.2 second pause,dp6plq,5,timedOut,,,1201.5400000000373,1200,1201.5400000000373,1201.5400000000373,1200,1201.5400000000373,1,0,0,,Time Limit,screen,0,screen,phonetic categorization,dip,dip_55.wav,,,tip,dip,,,,,55,,7,,,,234,,test,,T4,,,d-right,,
1511,1784153653648,15/07/2026 22:14:13,1784153653648,-7,15/07/2026 15:14:13,269901,13,task-pkec,repeat-7r7d#1,57237405,,16361732,,complete,,,computer,Desktop or Laptop,Mac OS 10.15,Firefox 150.0,1470x956,1470x810,,,0,Phonetic categorization,25,full_List_10,pass,$${overridespreadsheet},full_List_10,210,phonetic categorization,fixation,99n54d,1,response,,,500,500,500,500,500,500,1,0,0,,Time Limit,screen,0,screen,phonetic categorization,dill,dill_35.wav,,,till,dill,,,,,35,,7,,,,234,,test,,T4,,,d-right,,
1512,1784153654148,15/07/2026 22:14:14,1784153654148,-7,15/07/2026 15:14:14,269901,13,task-pkec,repeat-7r7d#1,57237405,,16361732,,complete,,,computer,Desktop or Laptop,Mac OS 10.15,Firefox 150.0,1470x956,1470x810,,,0,Phonetic categorization,25,full_List_10,pass,$${overridespreadsheet},full_List_10,210,phonetic categorization,show option,yef3xk,2,response,,,500,500,500,500,500,500,1,0,0,,Time Limit,screen,0,screen,phonetic categorization,dill,dill_35.wav,,,till,dill,,,,,35,,7,,,,234,,test,,T4,,,d-right,,
1513,1784153654155,15/07/2026 22:14:14,1784153654155,-7,15/07/2026 15:14:14,269901,13,task-pkec,repeat-7r7d#1,57237405,,16361732,,complete,,,computer,Desktop or Laptop,Mac OS 10.15,Firefox 150.0,1470x956,1470x810,,,0,Phonetic categorization,25,full_List_10,pass,$${overridespreadsheet},full_List_10,210,phonetic categorization,soundplay,x8jhtp,3,info,audio started,,10.540000000037253,0,10.540000000037253,10.540000000037253,0,10.540000000037253,0,0,0,,Audio Clip,Audio,1,object-207,phonetic categorization,dill,dill_35.wav,,,till,dill,,,,,35,,7,,,,234,,test,,T4,,,d-right,,
1514,1784153654521,15/07/2026 22:14:14,1784153654521,-7,15/07/2026 15:14:14,269901,13,task-pkec,repeat-7r7d#1,57237405,,16361732,,complete,,,computer,Desktop or Laptop,Mac OS 10.15,Firefox 150.0,1470x956,1470x810,,,0,Phonetic categorization,25,full_List_10,pass,$${overridespreadsheet},full_List_10,210,phonetic categorization,soundplay,x8jhtp,3,info,audio finished,,375.54000000003725,366.6600000000326,375.54000000003725,375.54000000003725,366.6600000000326,375.54000000003725,0,0,0,,Audio Clip,Audio,1,object-207,phonetic categorization,dill,dill_35.wav,,,till,dill,,,,,35,,7,,,,234,,test,,T4,,,d-right,,
1515,1784153654521,15/07/2026 22:14:14,1784153654521,-7,15/07/2026 15:14:14,269901,13,task-pkec,repeat-7r7d#1,57237405,,16361732,,complete,,,computer,Desktop or Laptop,Mac OS 10.15,Firefox 150.0,1470x956,1470x810,,,0,Phonetic categorization,25,full_List_10,pass,$${overridespreadsheet},full_List_10,210,phonetic categorization,soundplay,x8jhtp,3,continue,,,376.54000000003725,366.6600000000326,376.54000000003725,376.54000000003725,366.6600000000326,376.54000000003725,1,0,0,,Audio Clip,Audio,1,object-207,phonetic categorization,dill,dill_35.wav,,,till,dill,,,,,35,,7,,,,234,,test,,T4,,,d-right,,
1516,1784153655060,15/07/2026 22:14:15,1784153655060,-7,15/07/2026 15:14:15,269901,13,task-pkec,repeat-7r7d#1,57237405,,16361732,,complete,,,computer,Desktop or Laptop,Mac OS 10.15,Firefox 150.0,1470x956,1470x810,,,0,Phonetic categorization,25,full_List_10,pass,$${overridespreadsheet},full_List_10,210,phonetic categorization,2AFC,6i7z8o,4,response,dill,,548.8800000000047,533.3399999999674,548.8800000000047,548.8800000000047,533.3399999999674,548.8800000000047,1,0,0,,Keyboard Response,Keyboard Response,1,object-119,phonetic categorization,dill,dill_35.wav,,,till,dill,,,,,35,,7,,,,234,,test,,T4,,,d-right,,
1517,1784153656248,15/07/2026 22:14:16,1784153656248,-7,15/07/2026 15:14:16,269901,13,task-pkec,repeat-7r7d#1,57237405,,16361732,,complete,,,computer,Desktop or Laptop,Mac OS 10.15,Firefox 150.0,1470x956,1470x810,,,0,Phonetic categorization,25,full_List_10,pass,$${overridespreadsheet},full_List_10,210,phonetic categorization,1.2 second pause,dp6plq,5,timedOut,,,1203.5400000000373,1200,1203.5400000000373,1203.5400000000373,1200,1203.5400000000373,1,0,0,,Time Limit,screen,0,screen,phonetic categorization,dill,dill_35.wav,,,till,dill,,,,,35,,7,,,,234,,test,,T4,,,d-right,,
1518,1784153656749,15/07/2026 22:14:16,1784153656749,-7,15/07/2026 15:14:16,269901,13,task-pkec,repeat-7r7d#1,57237405,,16361732,,complete,,,computer,Desktop or Laptop,Mac OS 10.15,Firefox 150.0,1470x956,1470x810,,,0,Phonetic categorization,25,full_List_10,pass,$${overridespreadsheet},full_List_10,211,phonetic categorization,fixation,99n54d,1,response,,,500,500,500,500,500,500,1,0,0,,Time Limit,screen,0,screen,phonetic categorization,din,din_35.wav,,,tin,din,,,,,35,,8,,,,234,,test,,T5,,,d-right,,
1519,1784153657249,15/07/2026 22:14:17,1784153657249,-7,15/07/2026 15:14:17,269901,13,task-pkec,repeat-7r7d#1,57237405,,16361732,,complete,,,computer,Desktop or Laptop,Mac OS 10.15,Firefox 150.0,1470x956,1470x810,,,0,Phonetic categorization,25,full_List_10,pass,$${overridespreadsheet},full_List_10,211,phonetic categorization,show option,yef3xk,2,response,,,500,500,500,500,500,500,1,0,0,,Time Limit,screen,0,screen,phonetic categorization,din,din_35.wav,,,tin,din,,,,,35,,8,,,,234,,test,,T5,,,d-right,,
1520,1784153657251,15/07/2026 22:14:17,1784153657251,-7,15/07/2026 15:14:17,269901,13,task-pkec,repeat-7r7d#1,57237405,,16361732,,complete,,,computer,Desktop or Laptop,Mac OS 10.15,Firefox 150.0,1470x956,1470x810,,,0,Phonetic categorization,25,full_List_10,pass,$${overridespreadsheet},full_List_10,211,phonetic categorization,soundplay,x8jhtp,3,info,audio started,,7.540000000037253,0,7.540000000037253,7.540000000037253,0,7.540000000037253,0,0,0,,Audio Clip,Audio,1,object-207,phonetic categorization,din,din_35.wav,,,tin,din,,,,,35,,8,,,,234,,test,,T5,,,d-right,,
1521,1784153657603,15/07/2026 22:14:17,1784153657603,-7,15/07/2026 15:14:17,269901,13,task-pkec,repeat-7r7d#1,57237405,,16361732,,complete,,,computer,Desktop or Laptop,Mac OS 10.15,Firefox 150.0,1470x956,1470x810,,,0,Phonetic categorization,25,full_List_10,pass,$${overridespreadsheet},full_List_10,211,phonetic categorization,soundplay,x8jhtp,3,info,audio finished,,358.54000000003725,350,358.54000000003725,358.54000000003725,350,358.54000000003725,0,0,0,,Audio Clip,Audio,1,object-207,phonetic categorization,din,din_35.wav,,,tin,din,,,,,35,,8,,,,234,,test,,T5,,,d-right,,
1522,1784153657603,15/07/2026 22:14:17,1784153657603,-7,15/07/2026 15:14:17,269901,13,task-pkec,repeat-7r7d#1,57237405,,16361732,,complete,,,computer,Desktop or Laptop,Mac OS 10.15,Firefox 150.0,1470x956,1470x810,,,0,Phonetic categorization,25,full_List_10,pass,$${overridespreadsheet},full_List_10,211,phonetic categorization,soundplay,x8jhtp,3,continue,,,358.54000000003725,350,358.54000000003725,358.54000000003725,350,358.54000000003725,1,0,0,,Audio Clip,Audio,1,object-207,phonetic categorization,din,din_35.wav,,,tin,din,,,,,35,,8,,,,234,,test,,T5,,,d-right,,
1523,1784153657969,15/07/2026 22:14:17,1784153657969,-7,15/07/2026 15:14:17,269901,13,task-pkec,repeat-7r7d#1,57237405,,16361732,,complete,,,computer,Desktop or Laptop,Mac OS 10.15,Firefox 150.0,1470x956,1470x810,,,0,Phonetic categorization,25,full_List_10,pass,$${overridespreadsheet},full_List_10,211,phonetic categorization,2AFC,6i7z8o,4,response,tin,,373.54000000003725,366.6600000000326,373.54000000003725,373.54000000003725,366.6600000000326,373.54000000003725,0,0,0,,Keyboard Response,Keyboard Response,1,object-119,phonetic categorization,din,din_35.wav,,,tin,din,,,,,35,,8,,,,234,,test,,T5,,,d-right,,
1524,1784153659163,15/07/2026 22:14:19,1784153659163,-7,15/07/2026 15:14:19,269901,13,task-pkec,repeat-7r7d#1,57237405,,16361732,,complete,,,computer,Desktop or Laptop,Mac OS 10.15,Firefox 150.0,1470x956,1470x810,,,0,Phonetic categorization,25,full_List_10,pass,$${overridespreadsheet},full_List_10,211,phonetic categorization,1.2 second pause,dp6plq,5,timedOut,,,1201.8800000000047,1200,1201.8800000000047,1201.8800000000047,1200,1201.8800000000047,1,0,0,,Time Limit,screen,0,screen,phonetic categorization,din,din_35.wav,,,tin,din,,,,,35,,8,,,,234,,test,,T5,,,d-right,,
1525,1784153659665,15/07/2026 22:14:19,1784153659665,-7,15/07/2026 15:14:19,269901,13,task-pkec,repeat-7r7d#1,57237405,,16361732,,complete,,,computer,Desktop or Laptop,Mac OS 10.15,Firefox 150.0,1470x956,1470x810,,,0,Phonetic categorization,25,full_List_10,pass,$${overridespreadsheet},full_List_10,212,phonetic categorization,fixation,99n54d,1,response,,,500,500,500,500,500,500,1,0,0,,Time Limit,screen,0,screen,phonetic categorization,dill,dill_-5.wav,,,till,dill,,,,,-5,,8,,,,234,,test,,T5,,,d-right,,
1526,1784153660162,15/07/2026 22:14:20,1784153660162,-7,15/07/2026 15:14:20,269901,13,task-pkec,repeat-7r7d#1,57237405,,16361732,,complete,,,computer,Desktop or Laptop,Mac OS 10.15,Firefox 150.0,1470x956,1470x810,,,0,Phonetic categorization,25,full_List_10,pass,$${overridespreadsheet},full_List_10,212,phonetic categorization,show option,yef3xk,2,response,,,500,500,500,500,500,500,1,0,0,,Time Limit,screen,0,screen,phonetic categorization,dill,dill_-5.wav,,,till,dill,,,,,-5,,8,,,,234,,test,,T5,,,d-right,,
1527,1784153660167,15/07/2026 22:14:20,1784153660167,-7,15/07/2026 15:14:20,269901,13,task-pkec,repeat-7r7d#1,57237405,,16361732,,complete,,,computer,Desktop or Laptop,Mac OS 10.15,Firefox 150.0,1470x956,1470x810,,,0,Phonetic categorization,25,full_List_10,pass,$${overridespreadsheet},full_List_10,212,phonetic categorization,soundplay,x8jhtp,3,info,audio started,,4.880000000004657,0,4.880000000004657,4.880000000004657,0,4.880000000004657,0,0,0,,Audio Clip,Audio,1,object-207,phonetic categorization,dill,dill_-5.wav,,,till,dill,,,,,-5,,8,,,,234,,test,,T5,,,d-right,,
1528,1784153660511,15/07/2026 22:14:20,1784153660511,-7,15/07/2026 15:14:20,269901,13,task-pkec,repeat-7r7d#1,57237405,,16361732,,complete,,,computer,Desktop or Laptop,Mac OS 10.15,Firefox 150.0,1470x956,1470x810,,,0,Phonetic categorization,25,full_List_10,pass,$${overridespreadsheet},full_List_10,212,phonetic categorization,soundplay,x8jhtp,3,info,audio finished,,349.88000000000466,333.3399999999674,349.88000000000466,349.88000000000466,333.3399999999674,349.88000000000466,0,0,0,,Audio Clip,Audio,1,object-207,phonetic categorization,dill,dill_-5.wav,,,till,dill,,,,,-5,,8,,,,234,,test,,T5,,,d-right,,
1529,1784153660512,15/07/2026 22:14:20,1784153660512,-7,15/07/2026 15:14:20,269901,13,task-pkec,repeat-7r7d#1,57237405,,16361732,,complete,,,computer,Desktop or Laptop,Mac OS 10.15,Firefox 150.0,1470x956,1470x810,,,0,Phonetic categorization,25,full_List_10,pass,$${overridespreadsheet},full_List_10,212,phonetic categorization,soundplay,x8jhtp,3,continue,,,350.05999999993946,333.3399999999674,350.05999999993946,350.05999999993946,333.3399999999674,350.05999999993946,1,0,0,,Audio Clip,Audio,1,object-207,phonetic categorization,dill,dill_-5.wav,,,till,dill,,,,,-5,,8,,,,234,,test,,T5,,,d-right,,
1530,1784153660876,15/07/2026 22:14:20,1784153660876,-7,15/07/2026 15:14:20,269901,13,task-pkec,repeat-7r7d#1,57237405,,16361732,,complete,,,computer,Desktop or Laptop,Mac OS 10.15,Firefox 150.0,1470x956,1470x810,,,0,Phonetic categorization,25,full_List_10,pass,$${overridespreadsheet},full_List_10,212,phonetic categorization,2AFC,6i7z8o,4,response,dill,,381.54000000003725,366.6600000000326,381.54000000003725,381.54000000003725,366.6600000000326,381.54000000003725,1,0,0,,Keyboard Response,Keyboard Response,1,object-119,phonetic categorization,dill,dill_-5.wav,,,till,dill,,,,,-5,,8,,,,234,,test,,T5,,,d-right,,
1531,1784153662065,15/07/2026 22:14:22,1784153662065,-7,15/07/2026 15:14:22,269901,13,task-pkec,repeat-7r7d#1,57237405,,16361732,,complete,,,computer,Desktop or Laptop,Mac OS 10.15,Firefox 150.0,1470x956,1470x810,,,0,Phonetic categorization,25,full_List_10,pass,$${overridespreadsheet},full_List_10,212,phonetic categorization,1.2 second pause,dp6plq,5,timedOut,,,1202.8800000000047,1200,1202.8800000000047,1202.8800000000047,1200,1202.8800000000047,1,0,0,,Time Limit,screen,0,screen,phonetic categorization,dill,dill_-5.wav,,,till,dill,,,,,-5,,8,,,,234,,test,,T5,,,d-right,,
1532,1784153662564,15/07/2026 22:14:22,1784153662564,-7,15/07/2026 15:14:22,269901,13,task-pkec,repeat-7r7d#1,57237405,,16361732,,complete,,,computer,Desktop or Laptop,Mac OS 10.15,Firefox 150.0,1470x956,1470x810,,,0,Phonetic categorization,25,full_List_10,pass,$${overridespreadsheet},full_List_10,213,phonetic categorization,fixation,99n54d,1,response,,,500,500,500,500,500,500,1,0,0,,Time Limit,screen,0,screen,phonetic categorization,dill,dill_15.wav,,,till,dill,,,,,15,,8,,,,234,,test,,T5,,,d-right,,
1533,1784153663065,15/07/2026 22:14:23,1784153663065,-7,15/07/2026 15:14:23,269901,13,task-pkec,repeat-7r7d#1,57237405,,16361732,,complete,,,computer,Desktop or Laptop,Mac OS 10.15,Firefox 150.0,1470x956,1470x810,,,0,Phonetic categorization,25,full_List_10,pass,$${overridespreadsheet},full_List_10,213,phonetic categorization,show option,yef3xk,2,response,,,500,500,500,500,500,500,1,0,0,,Time Limit,screen,0,screen,phonetic categorization,dill,dill_15.wav,,,till,dill,,,,,15,,8,,,,234,,test,,T5,,,d-right,,
1534,1784153663071,15/07/2026 22:14:23,1784153663071,-7,15/07/2026 15:14:23,269901,13,task-pkec,repeat-7r7d#1,57237405,,16361732,,complete,,,computer,Desktop or Laptop,Mac OS 10.15,Firefox 150.0,1470x956,1470x810,,,0,Phonetic categorization,25,full_List_10,pass,$${overridespreadsheet},full_List_10,213,phonetic categorization,soundplay,x8jhtp,3,info,audio started,,8.880000000004657,0,8.880000000004657,8.880000000004657,0,8.880000000004657,0,0,0,,Audio Clip,Audio,1,object-207,phonetic categorization,dill,dill_15.wav,,,till,dill,,,,,15,,8,,,,234,,test,,T5,,,d-right,,
1535,1784153663419,15/07/2026 22:14:23,1784153663419,-7,15/07/2026 15:14:23,269901,13,task-pkec,repeat-7r7d#1,57237405,,16361732,,complete,,,computer,Desktop or Laptop,Mac OS 10.15,Firefox 150.0,1470x956,1470x810,,,0,Phonetic categorization,25,full_List_10,pass,$${overridespreadsheet},full_List_10,213,phonetic categorization,soundplay,x8jhtp,3,info,audio finished,,356.88000000000466,350,356.88000000000466,356.88000000000466,350,356.88000000000466,0,0,0,,Audio Clip,Audio,1,object-207,phonetic categorization,dill,dill_15.wav,,,till,dill,,,,,15,,8,,,,234,,test,,T5,,,d-right,,
1536,1784153663419,15/07/2026 22:14:23,1784153663419,-7,15/07/2026 15:14:23,269901,13,task-pkec,repeat-7r7d#1,57237405,,16361732,,complete,,,computer,Desktop or Laptop,Mac OS 10.15,Firefox 150.0,1470x956,1470x810,,,0,Phonetic categorization,25,full_List_10,pass,$${overridespreadsheet},full_List_10,213,phonetic categorization,soundplay,x8jhtp,3,continue,,,357.88000000000466,350,357.88000000000466,357.88000000000466,350,357.88000000000466,1,0,0,,Audio Clip,Audio,1,object-207,phonetic categorization,dill,dill_15.wav,,,till,dill,,,,,15,,8,,,,234,,test,,T5,,,d-right,,
1537,1784153663904,15/07/2026 22:14:23,1784153663904,-7,15/07/2026 15:14:23,269901,13,task-pkec,repeat-7r7d#1,57237405,,16361732,,complete,,,computer,Desktop or Laptop,Mac OS 10.15,Firefox 150.0,1470x956,1470x810,,,0,Phonetic categorization,25,full_List_10,pass,$${overridespreadsheet},full_List_10,213,phonetic categorization,2AFC,6i7z8o,4,response,dill,,491.88000000000466,483.3399999999674,491.88000000000466,491.88000000000466,483.3399999999674,491.88000000000466,1,0,0,,Keyboard Response,Keyboard Response,1,object-119,phonetic categorization,dill,dill_15.wav,,,till,dill,,,,,15,,8,,,,234,,test,,T5,,,d-right,,
1538,1784153665097,15/07/2026 22:14:25,1784153665097,-7,15/07/2026 15:14:25,269901,13,task-pkec,repeat-7r7d#1,57237405,,16361732,,complete,,,computer,Desktop or Laptop,Mac OS 10.15,Firefox 150.0,1470x956,1470x810,,,0,Phonetic categorization,25,full_List_10,pass,$${overridespreadsheet},full_List_10,213,phonetic categorization,1.2 second pause,dp6plq,5,timedOut,,,1203.5400000000373,1200,1203.5400000000373,1203.5400000000373,1200,1203.5400000000373,1,0,0,,Time Limit,screen,0,screen,phonetic categorization,dill,dill_15.wav,,,till,dill,,,,,15,,8,,,,234,,test,,T5,,,d-right,,
1539,1784153665598,15/07/2026 22:14:25,1784153665598,-7,15/07/2026 15:14:25,269901,13,task-pkec,repeat-7r7d#1,57237405,,16361732,,complete,,,computer,Desktop or Laptop,Mac OS 10.15,Firefox 150.0,1470x956,1470x810,,,0,Phonetic categorization,25,full_List_10,pass,$${overridespreadsheet},full_List_10,214,phonetic categorization,fixation,99n54d,1,response,,,500,500,500,500,500,500,1,0,0,,Time Limit,screen,0,screen,phonetic categorization,dip,dip_65.wav,,,tip,dip,,,,,65,,8,,,,234,,test,,T5,,,d-right,,
1540,1784153666098,15/07/2026 22:14:26,1784153666098,-7,15/07/2026 15:14:26,269901,13,task-pkec,repeat-7r7d#1,57237405,,16361732,,complete,,,computer,Desktop or Laptop,Mac OS 10.15,Firefox 150.0,1470x956,1470x810,,,0,Phonetic categorization,25,full_List_10,pass,$${overridespreadsheet},full_List_10,214,phonetic categorization,show option,yef3xk,2,response,,,500,500,500,500,500,500,1,0,0,,Time Limit,screen,0,screen,phonetic categorization,dip,dip_65.wav,,,tip,dip,,,,,65,,8,,,,234,,test,,T5,,,d-right,,
1541,1784153666107,15/07/2026 22:14:26,1784153666107,-7,15/07/2026 15:14:26,269901,13,task-pkec,repeat-7r7d#1,57237405,,16361732,,complete,,,computer,Desktop or Laptop,Mac OS 10.15,Firefox 150.0,1470x956,1470x810,,,0,Phonetic categorization,25,full_List_10,pass,$${overridespreadsheet},full_List_10,214,phonetic categorization,soundplay,x8jhtp,3,info,audio started,,12.540000000037253,0,12.540000000037253,12.540000000037253,0,12.540000000037253,0,0,0,,Audio Clip,Audio,1,object-207,phonetic categorization,dip,dip_65.wav,,,tip,dip,,,,,65,,8,,,,234,,test,,T5,,,d-right,,
1542,1784153666545,15/07/2026 22:14:26,1784153666545,-7,15/07/2026 15:14:26,269901,13,task-pkec,repeat-7r7d#1,57237405,,16361732,,complete,,,computer,Desktop or Laptop,Mac OS 10.15,Firefox 150.0,1470x956,1470x810,,,0,Phonetic categorization,25,full_List_10,pass,$${overridespreadsheet},full_List_10,214,phonetic categorization,soundplay,x8jhtp,3,info,audio finished,,449.2200000000885,432.94000000006054,449.2200000000885,449.2200000000885,432.94000000006054,449.2200000000885,0,0,0,,Audio Clip,Audio,1,object-207,phonetic categorization,dip,dip_65.wav,,,tip,dip,,,,,65,,8,,,,234,,test,,T5,,,d-right,,
1543,1784153666546,15/07/2026 22:14:26,1784153666546,-7,15/07/2026 15:14:26,269901,13,task-pkec,repeat-7r7d#1,57237405,,16361732,,complete,,,computer,Desktop or Laptop,Mac OS 10.15,Firefox 150.0,1470x956,1470x810,,,0,Phonetic categorization,25,full_List_10,pass,$${overridespreadsheet},full_List_10,214,phonetic categorization,soundplay,x8jhtp,3,continue,,,449.2200000000885,432.94000000006054,449.2200000000885,449.2200000000885,432.94000000006054,449.2200000000885,1,0,0,,Audio Clip,Audio,1,object-207,phonetic categorization,dip,dip_65.wav,,,tip,dip,,,,,65,,8,,,,234,,test,,T5,,,d-right,,
1544,1784153666798,15/07/2026 22:14:26,1784153666798,-7,15/07/2026 15:14:26,269901,13,task-pkec,repeat-7r7d#1,57237405,,16361732,,complete,,,computer,Desktop or Laptop,Mac OS 10.15,Firefox 150.0,1470x956,1470x810,,,0,Phonetic categorization,25,full_List_10,pass,$${overridespreadsheet},full_List_10,214,phonetic categorization,2AFC,6i7z8o,4,response,tip,,267.04000000003725,250.38000000000466,267.04000000003725,267.04000000003725,250.38000000000466,267.04000000003725,0,0,0,,Keyboard Response,Keyboard Response,1,object-119,phonetic categorization,dip,dip_65.wav,,,tip,dip,,,,,65,,8,,,,234,,test,,T5,,,d-right,,
1545,1784153667982,15/07/2026 22:14:27,1784153667982,-7,15/07/2026 15:14:27,269901,13,task-pkec,repeat-7r7d#1,57237405,,16361732,,complete,,,computer,Desktop or Laptop,Mac OS 10.15,Firefox 150.0,1470x956,1470x810,,,0,Phonetic categorization,25,full_List_10,pass,$${overridespreadsheet},full_List_10,214,phonetic categorization,1.2 second pause,dp6plq,5,timedOut,,,1203.219999999972,1200,1203.219999999972,1203.219999999972,1200,1203.219999999972,1,0,0,,Time Limit,screen,0,screen,phonetic categorization,dip,dip_65.wav,,,tip,dip,,,,,65,,8,,,,234,,test,,T5,,,d-right,,
1546,1784153668481,15/07/2026 22:14:28,1784153668481,-7,15/07/2026 15:14:28,269901,13,task-pkec,repeat-7r7d#1,57237405,,16361732,,complete,,,computer,Desktop or Laptop,Mac OS 10.15,Firefox 150.0,1470x956,1470x810,,,0,Phonetic categorization,25,full_List_10,pass,$${overridespreadsheet},full_List_10,215,phonetic categorization,fixation,99n54d,1,response,,,500,500,500,500,500,500,1,0,0,,Time Limit,screen,0,screen,phonetic categorization,dill,dill_5.wav,,,till,dill,,,,,5,,8,,,,234,,test,,T5,,,d-right,,
1547,1784153668981,15/07/2026 22:14:28,1784153668981,-7,15/07/2026 15:14:28,269901,13,task-pkec,repeat-7r7d#1,57237405,,16361732,,complete,,,computer,Desktop or Laptop,Mac OS 10.15,Firefox 150.0,1470x956,1470x810,,,0,Phonetic categorization,25,full_List_10,pass,$${overridespreadsheet},full_List_10,215,phonetic categorization,show option,yef3xk,2,response,,,500,500,500,500,500,500,1,0,0,,Time Limit,screen,0,screen,phonetic categorization,dill,dill_5.wav,,,till,dill,,,,,5,,8,,,,234,,test,,T5,,,d-right,,
1548,1784153668993,15/07/2026 22:14:28,1784153668993,-7,15/07/2026 15:14:28,269901,13,task-pkec,repeat-7r7d#1,57237405,,16361732,,complete,,,computer,Desktop or Laptop,Mac OS 10.15,Firefox 150.0,1470x956,1470x810,,,0,Phonetic categorization,25,full_List_10,pass,$${overridespreadsheet},full_List_10,215,phonetic categorization,soundplay,x8jhtp,3,info,audio started,,15.21999999997206,0,15.21999999997206,15.21999999997206,0,15.21999999997206,0,0,0,,Audio Clip,Audio,1,object-207,phonetic categorization,dill,dill_5.wav,,,till,dill,,,,,5,,8,,,,234,,test,,T5,,,d-right,,
1549,1784153669337,15/07/2026 22:14:29,1784153669337,-7,15/07/2026 15:14:29,269901,13,task-pkec,repeat-7r7d#1,57237405,,16361732,,complete,,,computer,Desktop or Laptop,Mac OS 10.15,Firefox 150.0,1470x956,1470x810,,,0,Phonetic categorization,25,full_List_10,pass,$${overridespreadsheet},full_List_10,215,phonetic categorization,soundplay,x8jhtp,3,info,audio finished,,358.21999999997206,350,358.21999999997206,358.21999999997206,350,358.21999999997206,0,0,0,,Audio Clip,Audio,1,object-207,phonetic categorization,dill,dill_5.wav,,,till,dill,,,,,5,,8,,,,234,,test,,T5,,,d-right,,
1550,1784153669338,15/07/2026 22:14:29,1784153669338,-7,15/07/2026 15:14:29,269901,13,task-pkec,repeat-7r7d#1,57237405,,16361732,,complete,,,computer,Desktop or Laptop,Mac OS 10.15,Firefox 150.0,1470x956,1470x810,,,0,Phonetic categorization,25,full_List_10,pass,$${overridespreadsheet},full_List_10,215,phonetic categorization,soundplay,x8jhtp,3,continue,,,360.21999999997206,350,360.21999999997206,360.21999999997206,350,360.21999999997206,1,0,0,,Audio Clip,Audio,1,object-207,phonetic categorization,dill,dill_5.wav,,,till,dill,,,,,5,,8,,,,234,,test,,T5,,,d-right,,
1551,1784153669645,15/07/2026 22:14:29,1784153669645,-7,15/07/2026 15:14:29,269901,13,task-pkec,repeat-7r7d#1,57237405,,16361732,,complete,,,computer,Desktop or Laptop,Mac OS 10.15,Firefox 150.0,1470x956,1470x810,,,0,Phonetic categorization,25,full_List_10,pass,$${overridespreadsheet},full_List_10,215,phonetic categorization,2AFC,6i7z8o,4,response,dill,,316.21999999997206,300,316.21999999997206,316.21999999997206,300,316.21999999997206,1,0,0,,Keyboard Response,Keyboard Response,1,object-119,phonetic categorization,dill,dill_5.wav,,,till,dill,,,,,5,,8,,,,234,,test,,T5,,,d-right,,
1552,1784153670831,15/07/2026 22:14:30,1784153670831,-7,15/07/2026 15:14:30,269901,13,task-pkec,repeat-7r7d#1,57237405,,16361732,,complete,,,computer,Desktop or Laptop,Mac OS 10.15,Firefox 150.0,1470x956,1470x810,,,0,Phonetic categorization,25,full_List_10,pass,$${overridespreadsheet},full_List_10,215,phonetic categorization,1.2 second pause,dp6plq,5,timedOut,,,1203.219999999972,1200,1203.219999999972,1203.219999999972,1200,1203.219999999972,1,0,0,,Time Limit,screen,0,screen,phonetic categorization,dill,dill_5.wav,,,till,dill,,,,,5,,8,,,,234,,test,,T5,,,d-right,,
1553,1784153671331,15/07/2026 22:14:31,1784153671331,-7,15/07/2026 15:14:31,269901,13,task-pkec,repeat-7r7d#1,57237405,,16361732,,complete,,,computer,Desktop or Laptop,Mac OS 10.15,Firefox 150.0,1470x956,1470x810,,,0,Phonetic categorization,25,full_List_10,pass,$${overridespreadsheet},full_List_10,216,phonetic categorization,fixation,99n54d,1,response,,,500,500,500,500,500,500,1,0,0,,Time Limit,screen,0,screen,phonetic categorization,dill,dill_45.wav,,,till,dill,,,,,45,,8,,,,234,,test,,T5,,,d-right,,
1554,1784153671831,15/07/2026 22:14:31,1784153671831,-7,15/07/2026 15:14:31,269901,13,task-pkec,repeat-7r7d#1,57237405,,16361732,,complete,,,computer,Desktop or Laptop,Mac OS 10.15,Firefox 150.0,1470x956,1470x810,,,0,Phonetic categorization,25,full_List_10,pass,$${overridespreadsheet},full_List_10,216,phonetic categorization,show option,yef3xk,2,response,,,500,500,500,500,500,500,1,0,0,,Time Limit,screen,0,screen,phonetic categorization,dill,dill_45.wav,,,till,dill,,,,,45,,8,,,,234,,test,,T5,,,d-right,,
1555,1784153671832,15/07/2026 22:14:31,1784153671832,-7,15/07/2026 15:14:31,269901,13,task-pkec,repeat-7r7d#1,57237405,,16361732,,complete,,,computer,Desktop or Laptop,Mac OS 10.15,Firefox 150.0,1470x956,1470x810,,,0,Phonetic categorization,25,full_List_10,pass,$${overridespreadsheet},full_List_10,216,phonetic categorization,soundplay,x8jhtp,3,info,audio started,,4.21999999997206,0,4.21999999997206,4.21999999997206,0,4.21999999997206,0,0,0,,Audio Clip,Audio,1,object-207,phonetic categorization,dill,dill_45.wav,,,till,dill,,,,,45,,8,,,,234,,test,,T5,,,d-right,,
1556,1784153672203,15/07/2026 22:14:32,1784153672203,-7,15/07/2026 15:14:32,269901,13,task-pkec,repeat-7r7d#1,57237405,,16361732,,complete,,,computer,Desktop or Laptop,Mac OS 10.15,Firefox 150.0,1470x956,1470x810,,,0,Phonetic categorization,25,full_List_10,pass,$${overridespreadsheet},full_List_10,216,phonetic categorization,soundplay,x8jhtp,3,info,audio finished,,375.21999999997206,366.6799999999348,375.21999999997206,375.21999999997206,366.6799999999348,375.21999999997206,0,0,0,,Audio Clip,Audio,1,object-207,phonetic categorization,dill,dill_45.wav,,,till,dill,,,,,45,,8,,,,234,,test,,T5,,,d-right,,
1557,1784153672203,15/07/2026 22:14:32,1784153672203,-7,15/07/2026 15:14:32,269901,13,task-pkec,repeat-7r7d#1,57237405,,16361732,,complete,,,computer,Desktop or Laptop,Mac OS 10.15,Firefox 150.0,1470x956,1470x810,,,0,Phonetic categorization,25,full_List_10,pass,$${overridespreadsheet},full_List_10,216,phonetic categorization,soundplay,x8jhtp,3,continue,,,376.21999999997206,366.6799999999348,376.21999999997206,376.21999999997206,366.6799999999348,376.21999999997206,1,0,0,,Audio Clip,Audio,1,object-207,phonetic categorization,dill,dill_45.wav,,,till,dill,,,,,45,,8,,,,234,,test,,T5,,,d-right,,
1558,1784153672502,15/07/2026 22:14:32,1784153672502,-7,15/07/2026 15:14:32,269901,13,task-pkec,repeat-7r7d#1,57237405,,16361732,,complete,,,computer,Desktop or Laptop,Mac OS 10.15,Firefox 150.0,1470x956,1470x810,,,0,Phonetic categorization,25,full_List_10,pass,$${overridespreadsheet},full_List_10,216,phonetic categorization,2AFC,6i7z8o,4,response,till,,308.54000000003725,300,308.54000000003725,308.54000000003725,300,308.54000000003725,0,0,0,,Keyboard Response,Keyboard Response,1,object-119,phonetic categorization,dill,dill_45.wav,,,till,dill,,,,,45,,8,,,,234,,test,,T5,,,d-right,,
1559,1784153673699,15/07/2026 22:14:33,1784153673699,-7,15/07/2026 15:14:33,269901,13,task-pkec,repeat-7r7d#1,57237405,,16361732,,complete,,,computer,Desktop or Laptop,Mac OS 10.15,Firefox 150.0,1470x956,1470x810,,,0,Phonetic categorization,25,full_List_10,pass,$${overridespreadsheet},full_List_10,216,phonetic categorization,1.2 second pause,dp6plq,5,timedOut,,,1203.5400000000373,1200,1203.5400000000373,1203.5400000000373,1200,1203.5400000000373,1,0,0,,Time Limit,screen,0,screen,phonetic categorization,dill,dill_45.wav,,,till,dill,,,,,45,,8,,,,234,,test,,T5,,,d-right,,
1560,1784153674198,15/07/2026 22:14:34,1784153674198,-7,15/07/2026 15:14:34,269901,13,task-pkec,repeat-7r7d#1,57237405,,16361732,,complete,,,computer,Desktop or Laptop,Mac OS 10.15,Firefox 150.0,1470x956,1470x810,,,0,Phonetic categorization,25,full_List_10,pass,$${overridespreadsheet},full_List_10,217,phonetic categorization,fixation,99n54d,1,response,,,500,500,500,500,500,500,1,0,0,,Time Limit,screen,0,screen,phonetic categorization,din,din_30.wav,,,tin,din,,,,,30,,8,,,,234,,test,,T5,,,d-right,,
1561,1784153674697,15/07/2026 22:14:34,1784153674697,-7,15/07/2026 15:14:34,269901,13,task-pkec,repeat-7r7d#1,57237405,,16361732,,complete,,,computer,Desktop or Laptop,Mac OS 10.15,Firefox 150.0,1470x956,1470x810,,,0,Phonetic categorization,25,full_List_10,pass,$${overridespreadsheet},full_List_10,217,phonetic categorization,show option,yef3xk,2,response,,,500,500,500,500,500,500,1,0,0,,Time Limit,screen,0,screen,phonetic categorization,din,din_30.wav,,,tin,din,,,,,30,,8,,,,234,,test,,T5,,,d-right,,
1562,1784153674703,15/07/2026 22:14:34,1784153674703,-7,15/07/2026 15:14:34,269901,13,task-pkec,repeat-7r7d#1,57237405,,16361732,,complete,,,computer,Desktop or Laptop,Mac OS 10.15,Firefox 150.0,1470x956,1470x810,,,0,Phonetic categorization,25,full_List_10,pass,$${overridespreadsheet},full_List_10,217,phonetic categorization,soundplay,x8jhtp,3,info,audio started,,9.540000000037253,0,9.540000000037253,9.540000000037253,0,9.540000000037253,0,0,0,,Audio Clip,Audio,1,object-207,phonetic categorization,din,din_30.wav,,,tin,din,,,,,30,,8,,,,234,,test,,T5,,,d-right,,
1563,1784153675052,15/07/2026 22:14:35,1784153675052,-7,15/07/2026 15:14:35,269901,13,task-pkec,repeat-7r7d#1,57237405,,16361732,,complete,,,computer,Desktop or Laptop,Mac OS 10.15,Firefox 150.0,1470x956,1470x810,,,0,Phonetic categorization,25,full_List_10,pass,$${overridespreadsheet},full_List_10,217,phonetic categorization,soundplay,x8jhtp,3,info,audio finished,,356.54000000003725,350,356.54000000003725,356.54000000003725,350,356.54000000003725,0,0,0,,Audio Clip,Audio,1,object-207,phonetic categorization,din,din_30.wav,,,tin,din,,,,,30,,8,,,,234,,test,,T5,,,d-right,,
1564,1784153675053,15/07/2026 22:14:35,1784153675053,-7,15/07/2026 15:14:35,269901,13,task-pkec,repeat-7r7d#1,57237405,,16361732,,complete,,,computer,Desktop or Laptop,Mac OS 10.15,Firefox 150.0,1470x956,1470x810,,,0,Phonetic categorization,25,full_List_10,pass,$${overridespreadsheet},full_List_10,217,phonetic categorization,soundplay,x8jhtp,3,continue,,,357.54000000003725,350,357.54000000003725,357.54000000003725,350,357.54000000003725,1,0,0,,Audio Clip,Audio,1,object-207,phonetic categorization,din,din_30.wav,,,tin,din,,,,,30,,8,,,,234,,test,,T5,,,d-right,,
1565,1784153675633,15/07/2026 22:14:35,1784153675633,-7,15/07/2026 15:14:35,269901,13,task-pkec,repeat-7r7d#1,57237405,,16361732,,complete,,,computer,Desktop or Laptop,Mac OS 10.15,Firefox 150.0,1470x956,1470x810,,,0,Phonetic categorization,25,full_List_10,pass,$${overridespreadsheet},full_List_10,217,phonetic categorization,2AFC,6i7z8o,4,response,din,,583.3200000000652,566.6600000000326,583.3200000000652,583.3200000000652,566.6600000000326,583.3200000000652,1,0,0,,Keyboard Response,Keyboard Response,1,object-119,phonetic categorization,din,din_30.wav,,,tin,din,,,,,30,,8,,,,234,,test,,T5,,,d-right,,
1566,1784153676815,15/07/2026 22:14:36,1784153676815,-7,15/07/2026 15:14:36,269901,13,task-pkec,repeat-7r7d#1,57237405,,16361732,,complete,,,computer,Desktop or Laptop,Mac OS 10.15,Firefox 150.0,1470x956,1470x810,,,0,Phonetic categorization,25,full_List_10,pass,$${overridespreadsheet},full_List_10,217,phonetic categorization,1.2 second pause,dp6plq,5,timedOut,,,1202.8800000000047,1200,1202.8800000000047,1202.8800000000047,1200,1202.8800000000047,1,0,0,,Time Limit,screen,0,screen,phonetic categorization,din,din_30.wav,,,tin,din,,,,,30,,8,,,,234,,test,,T5,,,d-right,,
1567,1784153677313,15/07/2026 22:14:37,1784153677313,-7,15/07/2026 15:14:37,269901,13,task-pkec,repeat-7r7d#1,57237405,,16361732,,complete,,,computer,Desktop or Laptop,Mac OS 10.15,Firefox 150.0,1470x956,1470x810,,,0,Phonetic categorization,25,full_List_10,pass,$${overridespreadsheet},full_List_10,218,phonetic categorization,fixation,99n54d,1,response,,,500,500,500,500,500,500,1,0,0,,Time Limit,screen,0,screen,phonetic categorization,din,din_70.wav,,,tin,din,,,,,70,,8,,,,234,,test,,T5,,,d-right,,
1568,1784153677813,15/07/2026 22:14:37,1784153677813,-7,15/07/2026 15:14:37,269901,13,task-pkec,repeat-7r7d#1,57237405,,16361732,,complete,,,computer,Desktop or Laptop,Mac OS 10.15,Firefox 150.0,1470x956,1470x810,,,0,Phonetic categorization,25,full_List_10,pass,$${overridespreadsheet},full_List_10,218,phonetic categorization,show option,yef3xk,2,response,,,500,500,500,500,500,500,1,0,0,,Time Limit,screen,0,screen,phonetic categorization,din,din_70.wav,,,tin,din,,,,,70,,8,,,,234,,test,,T5,,,d-right,,
1569,1784153677819,15/07/2026 22:14:37,1784153677819,-7,15/07/2026 15:14:37,269901,13,task-pkec,repeat-7r7d#1,57237405,,16361732,,complete,,,computer,Desktop or Laptop,Mac OS 10.15,Firefox 150.0,1470x956,1470x810,,,0,Phonetic categorization,25,full_List_10,pass,$${overridespreadsheet},full_List_10,218,phonetic categorization,soundplay,x8jhtp,3,info,audio started,,8.880000000004657,0,8.880000000004657,8.880000000004657,0,8.880000000004657,0,0,0,,Audio Clip,Audio,1,object-207,phonetic categorization,din,din_70.wav,,,tin,din,,,,,70,,8,,,,234,,test,,T5,,,d-right,,
1570,1784153678194,15/07/2026 22:14:38,1784153678194,-7,15/07/2026 15:14:38,269901,13,task-pkec,repeat-7r7d#1,57237405,,16361732,,complete,,,computer,Desktop or Laptop,Mac OS 10.15,Firefox 150.0,1470x956,1470x810,,,0,Phonetic categorization,25,full_List_10,pass,$${overridespreadsheet},full_List_10,218,phonetic categorization,soundplay,x8jhtp,3,info,audio finished,,382.88000000000466,366.6600000000326,382.88000000000466,382.88000000000466,366.6600000000326,382.88000000000466,0,0,0,,Audio Clip,Audio,1,object-207,phonetic categorization,din,din_70.wav,,,tin,din,,,,,70,,8,,,,234,,test,,T5,,,d-right,,
1571,1784153678194,15/07/2026 22:14:38,1784153678194,-7,15/07/2026 15:14:38,269901,13,task-pkec,repeat-7r7d#1,57237405,,16361732,,complete,,,computer,Desktop or Laptop,Mac OS 10.15,Firefox 150.0,1470x956,1470x810,,,0,Phonetic categorization,25,full_List_10,pass,$${overridespreadsheet},full_List_10,218,phonetic categorization,soundplay,x8jhtp,3,continue,,,382.88000000000466,366.6600000000326,382.88000000000466,382.88000000000466,366.6600000000326,382.88000000000466,1,0,0,,Audio Clip,Audio,1,object-207,phonetic categorization,din,din_70.wav,,,tin,din,,,,,70,,8,,,,234,,test,,T5,,,d-right,,
1572,1784153678506,15/07/2026 22:14:38,1784153678506,-7,15/07/2026 15:14:38,269901,13,task-pkec,repeat-7r7d#1,57237405,,16361732,,complete,,,computer,Desktop or Laptop,Mac OS 10.15,Firefox 150.0,1470x956,1470x810,,,0,Phonetic categorization,25,full_List_10,pass,$${overridespreadsheet},full_List_10,218,phonetic categorization,2AFC,6i7z8o,4,response,tin,,328.21999999997206,316.6799999999348,328.21999999997206,328.21999999997206,316.6799999999348,328.21999999997206,0,0,0,,Keyboard Response,Keyboard Response,1,object-119,phonetic categorization,din,din_70.wav,,,tin,din,,,,,70,,8,,,,234,,test,,T5,,,d-right,,
1573,1784153679697,15/07/2026 22:14:39,1784153679697,-7,15/07/2026 15:14:39,269901,13,task-pkec,repeat-7r7d#1,57237405,,16361732,,complete,,,computer,Desktop or Laptop,Mac OS 10.15,Firefox 150.0,1470x956,1470x810,,,0,Phonetic categorization,25,full_List_10,pass,$${overridespreadsheet},full_List_10,218,phonetic categorization,1.2 second pause,dp6plq,5,timedOut,,,1201.5400000000373,1200,1201.5400000000373,1201.5400000000373,1200,1201.5400000000373,1,0,0,,Time Limit,screen,0,screen,phonetic categorization,din,din_70.wav,,,tin,din,,,,,70,,8,,,,234,,test,,T5,,,d-right,,
1574,1784153680202,15/07/2026 22:14:40,1784153680202,-7,15/07/2026 15:14:40,269901,13,task-pkec,repeat-7r7d#1,57237405,,16361732,,complete,,,computer,Desktop or Laptop,Mac OS 10.15,Firefox 150.0,1470x956,1470x810,,,0,Phonetic categorization,25,full_List_10,pass,$${overridespreadsheet},full_List_10,219,phonetic categorization,fixation,99n54d,1,response,,,500,500,500,500,500,500,1,0,0,,Time Limit,screen,0,screen,phonetic categorization,dip,dip_40.wav,,,tip,dip,,,,,40,,8,,,,234,,test,,T5,,,d-right,,
1575,1784153680699,15/07/2026 22:14:40,1784153680699,-7,15/07/2026 15:14:40,269901,13,task-pkec,repeat-7r7d#1,57237405,,16361732,,complete,,,computer,Desktop or Laptop,Mac OS 10.15,Firefox 150.0,1470x956,1470x810,,,0,Phonetic categorization,25,full_List_10,pass,$${overridespreadsheet},full_List_10,219,phonetic categorization,show option,yef3xk,2,response,,,500,500,500,500,500,500,1,0,0,,Time Limit,screen,0,screen,phonetic categorization,dip,dip_40.wav,,,tip,dip,,,,,40,,8,,,,234,,test,,T5,,,d-right,,
1576,1784153680706,15/07/2026 22:14:40,1784153680706,-7,15/07/2026 15:14:40,269901,13,task-pkec,repeat-7r7d#1,57237405,,16361732,,complete,,,computer,Desktop or Laptop,Mac OS 10.15,Firefox 150.0,1470x956,1470x810,,,0,Phonetic categorization,25,full_List_10,pass,$${overridespreadsheet},full_List_10,219,phonetic categorization,soundplay,x8jhtp,3,info,audio started,,11.540000000037253,0,11.540000000037253,11.540000000037253,0,11.540000000037253,0,0,0,,Audio Clip,Audio,1,object-207,phonetic categorization,dip,dip_40.wav,,,tip,dip,,,,,40,,8,,,,234,,test,,T5,,,d-right,,
1577,1784153681129,15/07/2026 22:14:41,1784153681129,-7,15/07/2026 15:14:41,269901,13,task-pkec,repeat-7r7d#1,57237405,,16361732,,complete,,,computer,Desktop or Laptop,Mac OS 10.15,Firefox 150.0,1470x956,1470x810,,,0,Phonetic categorization,25,full_List_10,pass,$${overridespreadsheet},full_List_10,219,phonetic categorization,soundplay,x8jhtp,3,info,audio finished,,433.54000000003725,433,433.54000000003725,433.54000000003725,433,433.54000000003725,0,0,0,,Audio Clip,Audio,1,object-207,phonetic categorization,dip,dip_40.wav,,,tip,dip,,,,,40,,8,,,,234,,test,,T5,,,d-right,,
1578,1784153681130,15/07/2026 22:14:41,1784153681130,-7,15/07/2026 15:14:41,269901,13,task-pkec,repeat-7r7d#1,57237405,,16361732,,complete,,,computer,Desktop or Laptop,Mac OS 10.15,Firefox 150.0,1470x956,1470x810,,,0,Phonetic categorization,25,full_List_10,pass,$${overridespreadsheet},full_List_10,219,phonetic categorization,soundplay,x8jhtp,3,continue,,,434.54000000003725,433,434.54000000003725,434.54000000003725,433,434.54000000003725,1,0,0,,Audio Clip,Audio,1,object-207,phonetic categorization,dip,dip_40.wav,,,tip,dip,,,,,40,,8,,,,234,,test,,T5,,,d-right,,
1579,1784153681363,15/07/2026 22:14:41,1784153681363,-7,15/07/2026 15:14:41,269901,13,task-pkec,repeat-7r7d#1,57237405,,16361732,,complete,,,computer,Desktop or Laptop,Mac OS 10.15,Firefox 150.0,1470x956,1470x810,,,0,Phonetic categorization,25,full_List_10,pass,$${overridespreadsheet},full_List_10,219,phonetic categorization,2AFC,6i7z8o,4,response,dip,,233.6799999999348,217,233.6799999999348,233.6799999999348,217,233.6799999999348,1,0,0,,Keyboard Response,Keyboard Response,1,object-119,phonetic categorization,dip,dip_40.wav,,,tip,dip,,,,,40,,8,,,,234,,test,,T5,,,d-right,,
1580,1784153682548,15/07/2026 22:14:42,1784153682548,-7,15/07/2026 15:14:42,269901,13,task-pkec,repeat-7r7d#1,57237405,,16361732,,complete,,,computer,Desktop or Laptop,Mac OS 10.15,Firefox 150.0,1470x956,1470x810,,,0,Phonetic categorization,25,full_List_10,pass,$${overridespreadsheet},full_List_10,219,phonetic categorization,1.2 second pause,dp6plq,5,timedOut,,,1202.5400000000373,1200,1202.5400000000373,1202.5400000000373,1200,1202.5400000000373,1,0,0,,Time Limit,screen,0,screen,phonetic categorization,dip,dip_40.wav,,,tip,dip,,,,,40,,8,,,,234,,test,,T5,,,d-right,,
1581,1784153683047,15/07/2026 22:14:43,1784153683047,-7,15/07/2026 15:14:43,269901,13,task-pkec,repeat-7r7d#1,57237405,,16361732,,complete,,,computer,Desktop or Laptop,Mac OS 10.15,Firefox 150.0,1470x956,1470x810,,,0,Phonetic categorization,25,full_List_10,pass,$${overridespreadsheet},full_List_10,220,phonetic categorization,fixation,99n54d,1,response,,,500,500,500,500,500,500,1,0,0,,Time Limit,screen,0,screen,phonetic categorization,dip,dip_50.wav,,,tip,dip,,,,,50,,8,,,,234,,test,,T5,,,d-right,,
1582,1784153683549,15/07/2026 22:14:43,1784153683549,-7,15/07/2026 15:14:43,269901,13,task-pkec,repeat-7r7d#1,57237405,,16361732,,complete,,,computer,Desktop or Laptop,Mac OS 10.15,Firefox 150.0,1470x956,1470x810,,,0,Phonetic categorization,25,full_List_10,pass,$${overridespreadsheet},full_List_10,220,phonetic categorization,show option,yef3xk,2,response,,,500,500,500,500,500,500,1,0,0,,Time Limit,screen,0,screen,phonetic categorization,dip,dip_50.wav,,,tip,dip,,,,,50,,8,,,,234,,test,,T5,,,d-right,,
1583,1784153683559,15/07/2026 22:14:43,1784153683559,-7,15/07/2026 15:14:43,269901,13,task-pkec,repeat-7r7d#1,57237405,,16361732,,complete,,,computer,Desktop or Laptop,Mac OS 10.15,Firefox 150.0,1470x956,1470x810,,,0,Phonetic categorization,25,full_List_10,pass,$${overridespreadsheet},full_List_10,220,phonetic categorization,soundplay,x8jhtp,3,info,audio started,,14.540000000037253,0,14.540000000037253,14.540000000037253,0,14.540000000037253,0,0,0,,Audio Clip,Audio,1,object-207,phonetic categorization,dip,dip_50.wav,,,tip,dip,,,,,50,,8,,,,234,,test,,T5,,,d-right,,
1584,1784153683990,15/07/2026 22:14:43,1784153683990,-7,15/07/2026 15:14:43,269901,13,task-pkec,repeat-7r7d#1,57237405,,16361732,,complete,,,computer,Desktop or Laptop,Mac OS 10.15,Firefox 150.0,1470x956,1470x810,,,0,Phonetic categorization,25,full_List_10,pass,$${overridespreadsheet},full_List_10,220,phonetic categorization,soundplay,x8jhtp,3,info,audio finished,,444.54000000003725,433.3200000000652,444.54000000003725,444.54000000003725,433.3200000000652,444.54000000003725,0,0,0,,Audio Clip,Audio,1,object-207,phonetic categorization,dip,dip_50.wav,,,tip,dip,,,,,50,,8,,,,234,,test,,T5,,,d-right,,
1585,1784153683991,15/07/2026 22:14:43,1784153683991,-7,15/07/2026 15:14:43,269901,13,task-pkec,repeat-7r7d#1,57237405,,16361732,,complete,,,computer,Desktop or Laptop,Mac OS 10.15,Firefox 150.0,1470x956,1470x810,,,0,Phonetic categorization,25,full_List_10,pass,$${overridespreadsheet},full_List_10,220,phonetic categorization,soundplay,x8jhtp,3,continue,,,446.54000000003725,433.3200000000652,446.54000000003725,446.54000000003725,433.3200000000652,446.54000000003725,1,0,0,,Audio Clip,Audio,1,object-207,phonetic categorization,dip,dip_50.wav,,,tip,dip,,,,,50,,8,,,,234,,test,,T5,,,d-right,,
1586,1784153684263,15/07/2026 22:14:44,1784153684263,-7,15/07/2026 15:14:44,269901,13,task-pkec,repeat-7r7d#1,57237405,,16361732,,complete,,,computer,Desktop or Laptop,Mac OS 10.15,Firefox 150.0,1470x956,1470x810,,,0,Phonetic categorization,25,full_List_10,pass,$${overridespreadsheet},full_List_10,220,phonetic categorization,2AFC,6i7z8o,4,response,tip,,283.3599999998696,266.6799999999348,283.3599999998696,283.3599999998696,266.6799999999348,283.3599999998696,0,0,0,,Keyboard Response,Keyboard Response,1,object-119,phonetic categorization,dip,dip_50.wav,,,tip,dip,,,,,50,,8,,,,234,,test,,T5,,,d-right,,
1587,1784153685446,15/07/2026 22:14:45,1784153685446,-7,15/07/2026 15:14:45,269901,13,task-pkec,repeat-7r7d#1,57237405,,16361732,,complete,,,computer,Desktop or Laptop,Mac OS 10.15,Firefox 150.0,1470x956,1470x810,,,0,Phonetic categorization,25,full_List_10,pass,$${overridespreadsheet},full_List_10,220,phonetic categorization,1.2 second pause,dp6plq,5,timedOut,,,1201.5400000000373,1200,1201.5400000000373,1201.5400000000373,1200,1201.5400000000373,1,0,0,,Time Limit,screen,0,screen,phonetic categorization,dip,dip_50.wav,,,tip,dip,,,,,50,,8,,,,234,,test,,T5,,,d-right,,
1588,1784153685947,15/07/2026 22:14:45,1784153685947,-7,15/07/2026 15:14:45,269901,13,task-pkec,repeat-7r7d#1,57237405,,16361732,,complete,,,computer,Desktop or Laptop,Mac OS 10.15,Firefox 150.0,1470x956,1470x810,,,0,Phonetic categorization,25,full_List_10,pass,$${overridespreadsheet},full_List_10,221,phonetic categorization,fixation,99n54d,1,response,,,500,500,500,500,500,500,1,0,0,,Time Limit,screen,0,screen,phonetic categorization,din,din_55.wav,,,tin,din,,,,,55,,8,,,,234,,test,,T5,,,d-right,,
1589,1784153686448,15/07/2026 22:14:46,1784153686448,-7,15/07/2026 15:14:46,269901,13,task-pkec,repeat-7r7d#1,57237405,,16361732,,complete,,,computer,Desktop or Laptop,Mac OS 10.15,Firefox 150.0,1470x956,1470x810,,,0,Phonetic categorization,25,full_List_10,pass,$${overridespreadsheet},full_List_10,221,phonetic categorization,show option,yef3xk,2,response,,,500,500,500,500,500,500,1,0,0,,Time Limit,screen,0,screen,phonetic categorization,din,din_55.wav,,,tin,din,,,,,55,,8,,,,234,,test,,T5,,,d-right,,
1590,1784153686453,15/07/2026 22:14:46,1784153686453,-7,15/07/2026 15:14:46,269901,13,task-pkec,repeat-7r7d#1,57237405,,16361732,,complete,,,computer,Desktop or Laptop,Mac OS 10.15,Firefox 150.0,1470x956,1470x810,,,0,Phonetic categorization,25,full_List_10,pass,$${overridespreadsheet},full_List_10,221,phonetic categorization,soundplay,x8jhtp,3,info,audio started,,7.540000000037253,0,7.540000000037253,7.540000000037253,0,7.540000000037253,0,0,0,,Audio Clip,Audio,1,object-207,phonetic categorization,din,din_55.wav,,,tin,din,,,,,55,,8,,,,234,,test,,T5,,,d-right,,
1591,1784153686817,15/07/2026 22:14:46,1784153686817,-7,15/07/2026 15:14:46,269901,13,task-pkec,repeat-7r7d#1,57237405,,16361732,,complete,,,computer,Desktop or Laptop,Mac OS 10.15,Firefox 150.0,1470x956,1470x810,,,0,Phonetic categorization,25,full_List_10,pass,$${overridespreadsheet},full_List_10,221,phonetic categorization,soundplay,x8jhtp,3,info,audio finished,,371.54000000003725,366.6600000000326,371.54000000003725,371.54000000003725,366.6600000000326,371.54000000003725,0,0,0,,Audio Clip,Audio,1,object-207,phonetic categorization,din,din_55.wav,,,tin,din,,,,,55,,8,,,,234,,test,,T5,,,d-right,,
1592,1784153686817,15/07/2026 22:14:46,1784153686817,-7,15/07/2026 15:14:46,269901,13,task-pkec,repeat-7r7d#1,57237405,,16361732,,complete,,,computer,Desktop or Laptop,Mac OS 10.15,Firefox 150.0,1470x956,1470x810,,,0,Phonetic categorization,25,full_List_10,pass,$${overridespreadsheet},full_List_10,221,phonetic categorization,soundplay,x8jhtp,3,continue,,,372.54000000003725,366.6600000000326,372.54000000003725,372.54000000003725,366.6600000000326,372.54000000003725,1,0,0,,Audio Clip,Audio,1,object-207,phonetic categorization,din,din_55.wav,,,tin,din,,,,,55,,8,,,,234,,test,,T5,,,d-right,,
1593,1784153687382,15/07/2026 22:14:47,1784153687382,-7,15/07/2026 15:14:47,269901,13,task-pkec,repeat-7r7d#1,57237405,,16361732,,complete,,,computer,Desktop or Laptop,Mac OS 10.15,Firefox 150.0,1470x956,1470x810,,,0,Phonetic categorization,25,full_List_10,pass,$${overridespreadsheet},full_List_10,221,phonetic categorization,2AFC,6i7z8o,4,response,tin,,570.8800000000047,566.6600000000326,570.8800000000047,570.8800000000047,566.6600000000326,570.8800000000047,0,0,0,,Keyboard Response,Keyboard Response,1,object-119,phonetic categorization,din,din_55.wav,,,tin,din,,,,,55,,8,,,,234,,test,,T5,,,d-right,,
1594,1784153688585,15/07/2026 22:14:48,1784153688585,-7,15/07/2026 15:14:48,269901,13,task-pkec,repeat-7r7d#1,57237405,,16361732,,complete,,,computer,Desktop or Laptop,Mac OS 10.15,Firefox 150.0,1470x956,1470x810,,,0,Phonetic categorization,25,full_List_10,pass,$${overridespreadsheet},full_List_10,221,phonetic categorization,1.2 second pause,dp6plq,5,timedOut,,,1208.219999999972,1204.5399999999208,1208.219999999972,1208.219999999972,1204.5399999999208,1208.219999999972,1,0,0,,Time Limit,screen,0,screen,phonetic categorization,din,din_55.wav,,,tin,din,,,,,55,,8,,,,234,,test,,T5,,,d-right,,
1595,1784153689085,15/07/2026 22:14:49,1784153689085,-7,15/07/2026 15:14:49,269901,13,task-pkec,repeat-7r7d#1,57237405,,16361732,,complete,,,computer,Desktop or Laptop,Mac OS 10.15,Firefox 150.0,1470x956,1470x810,,,0,Phonetic categorization,25,full_List_10,pass,$${overridespreadsheet},full_List_10,222,phonetic categorization,fixation,99n54d,1,response,,,500,500,500,500,500,500,1,0,0,,Time Limit,screen,0,screen,phonetic categorization,dip,dip_25.wav,,,tip,dip,,,,,25,,8,,,,234,,test,,T5,,,d-right,,
1596,1784153689586,15/07/2026 22:14:49,1784153689586,-7,15/07/2026 15:14:49,269901,13,task-pkec,repeat-7r7d#1,57237405,,16361732,,complete,,,computer,Desktop or Laptop,Mac OS 10.15,Firefox 150.0,1470x956,1470x810,,,0,Phonetic categorization,25,full_List_10,pass,$${overridespreadsheet},full_List_10,222,phonetic categorization,show option,yef3xk,2,response,,,500,500,500,500,500,500,1,0,0,,Time Limit,screen,0,screen,phonetic categorization,dip,dip_25.wav,,,tip,dip,,,,,25,,8,,,,234,,test,,T5,,,d-right,,
1597,1784153689592,15/07/2026 22:14:49,1784153689592,-7,15/07/2026 15:14:49,269901,13,task-pkec,repeat-7r7d#1,57237405,,16361732,,complete,,,computer,Desktop or Laptop,Mac OS 10.15,Firefox 150.0,1470x956,1470x810,,,0,Phonetic categorization,25,full_List_10,pass,$${overridespreadsheet},full_List_10,222,phonetic categorization,soundplay,x8jhtp,3,info,audio started,,9.680000000051223,0,9.680000000051223,9.680000000051223,0,9.680000000051223,0,0,0,,Audio Clip,Audio,1,object-207,phonetic categorization,dip,dip_25.wav,,,tip,dip,,,,,25,,8,,,,234,,test,,T5,,,d-right,,
1598,1784153690008,15/07/2026 22:14:50,1784153690008,-7,15/07/2026 15:14:50,269901,13,task-pkec,repeat-7r7d#1,57237405,,16361732,,complete,,,computer,Desktop or Laptop,Mac OS 10.15,Firefox 150.0,1470x956,1470x810,,,0,Phonetic categorization,25,full_List_10,pass,$${overridespreadsheet},full_List_10,222,phonetic categorization,soundplay,x8jhtp,3,info,audio finished,,424.6800000000512,416.6600000000326,424.6800000000512,424.6800000000512,416.6600000000326,424.6800000000512,0,0,0,,Audio Clip,Audio,1,object-207,phonetic categorization,dip,dip_25.wav,,,tip,dip,,,,,25,,8,,,,234,,test,,T5,,,d-right,,
1599,1784153690008,15/07/2026 22:14:50,1784153690008,-7,15/07/2026 15:14:50,269901,13,task-pkec,repeat-7r7d#1,57237405,,16361732,,complete,,,computer,Desktop or Laptop,Mac OS 10.15,Firefox 150.0,1470x956,1470x810,,,0,Phonetic categorization,25,full_List_10,pass,$${overridespreadsheet},full_List_10,222,phonetic categorization,soundplay,x8jhtp,3,continue,,,424.6800000000512,416.6600000000326,424.6800000000512,424.6800000000512,416.6600000000326,424.6800000000512,1,0,0,,Audio Clip,Audio,1,object-207,phonetic categorization,dip,dip_25.wav,,,tip,dip,,,,,25,,8,,,,234,,test,,T5,,,d-right,,
1600,1784153690462,15/07/2026 22:14:50,1784153690462,-7,15/07/2026 15:14:50,269901,13,task-pkec,repeat-7r7d#1,57237405,,16361732,,complete,,,computer,Desktop or Laptop,Mac OS 10.15,Firefox 150.0,1470x956,1470x810,,,0,Phonetic categorization,25,full_List_10,pass,$${overridespreadsheet},full_List_10,222,phonetic categorization,2AFC,6i7z8o,4,response,dip,,462.0200000000186,450,462.0200000000186,462.0200000000186,450,462.0200000000186,1,0,0,,Keyboard Response,Keyboard Response,1,object-119,phonetic categorization,dip,dip_25.wav,,,tip,dip,,,,,25,,8,,,,234,,test,,T5,,,d-right,,
1601,1784153691652,15/07/2026 22:14:51,1784153691652,-7,15/07/2026 15:14:51,269901,13,task-pkec,repeat-7r7d#1,57237405,,16361732,,complete,,,computer,Desktop or Laptop,Mac OS 10.15,Firefox 150.0,1470x956,1470x810,,,0,Phonetic categorization,25,full_List_10,pass,$${overridespreadsheet},full_List_10,222,phonetic categorization,1.2 second pause,dp6plq,5,timedOut,,,1204.0200000000186,1200,1204.0200000000186,1204.0200000000186,1200,1204.0200000000186,1,0,0,,Time Limit,screen,0,screen,phonetic categorization,dip,dip_25.wav,,,tip,dip,,,,,25,,8,,,,234,,test,,T5,,,d-right,,
1602,1784153692153,15/07/2026 22:14:52,1784153692153,-7,15/07/2026 15:14:52,269901,13,task-pkec,repeat-7r7d#1,57237405,,16361732,,complete,,,computer,Desktop or Laptop,Mac OS 10.15,Firefox 150.0,1470x956,1470x810,,,0,Phonetic categorization,25,full_List_10,pass,$${overridespreadsheet},full_List_10,223,phonetic categorization,fixation,99n54d,1,response,,,500,500,500,500,500,500,1,0,0,,Time Limit,screen,0,screen,phonetic categorization,dill,dill_55.wav,,,till,dill,,,,,55,,9,,,,234,,test,,T6,,,d-right,,
1603,1784153692652,15/07/2026 22:14:52,1784153692652,-7,15/07/2026 15:14:52,269901,13,task-pkec,repeat-7r7d#1,57237405,,16361732,,complete,,,computer,Desktop or Laptop,Mac OS 10.15,Firefox 150.0,1470x956,1470x810,,,0,Phonetic categorization,25,full_List_10,pass,$${overridespreadsheet},full_List_10,223,phonetic categorization,show option,yef3xk,2,response,,,500,500,500,500,500,500,1,0,0,,Time Limit,screen,0,screen,phonetic categorization,dill,dill_55.wav,,,till,dill,,,,,55,,9,,,,234,,test,,T6,,,d-right,,
1604,1784153692657,15/07/2026 22:14:52,1784153692657,-7,15/07/2026 15:14:52,269901,13,task-pkec,repeat-7r7d#1,57237405,,16361732,,complete,,,computer,Desktop or Laptop,Mac OS 10.15,Firefox 150.0,1470x956,1470x810,,,0,Phonetic categorization,25,full_List_10,pass,$${overridespreadsheet},full_List_10,223,phonetic categorization,soundplay,x8jhtp,3,info,audio started,,8.020000000018626,0,8.020000000018626,8.020000000018626,0,8.020000000018626,0,0,0,,Audio Clip,Audio,1,object-207,phonetic categorization,dill,dill_55.wav,,,till,dill,,,,,55,,9,,,,234,,test,,T6,,,d-right,,
1605,1784153693033,15/07/2026 22:14:53,1784153693033,-7,15/07/2026 15:14:53,269901,13,task-pkec,repeat-7r7d#1,57237405,,16361732,,complete,,,computer,Desktop or Laptop,Mac OS 10.15,Firefox 150.0,1470x956,1470x810,,,0,Phonetic categorization,25,full_List_10,pass,$${overridespreadsheet},full_List_10,223,phonetic categorization,soundplay,x8jhtp,3,info,audio finished,,383.0200000000186,366.6600000000326,383.0200000000186,383.0200000000186,366.6600000000326,383.0200000000186,0,0,0,,Audio Clip,Audio,1,object-207,phonetic categorization,dill,dill_55.wav,,,till,dill,,,,,55,,9,,,,234,,test,,T6,,,d-right,,
1606,1784153693046,15/07/2026 22:14:53,1784153693046,-7,15/07/2026 15:14:53,269901,13,task-pkec,repeat-7r7d#1,57237405,,16361732,,complete,,,computer,Desktop or Laptop,Mac OS 10.15,Firefox 150.0,1470x956,1470x810,,,0,Phonetic categorization,25,full_List_10,pass,$${overridespreadsheet},full_List_10,223,phonetic categorization,soundplay,x8jhtp,3,continue,,,383.3200000000652,366.6600000000326,383.3200000000652,383.3200000000652,366.6600000000326,383.3200000000652,1,0,0,,Audio Clip,Audio,1,object-207,phonetic categorization,dill,dill_55.wav,,,till,dill,,,,,55,,9,,,,234,,test,,T6,,,d-right,,
1607,1784153693315,15/07/2026 22:14:53,1784153693315,-7,15/07/2026 15:14:53,269901,13,task-pkec,repeat-7r7d#1,57237405,,16361732,,complete,,,computer,Desktop or Laptop,Mac OS 10.15,Firefox 150.0,1470x956,1470x810,,,0,Phonetic categorization,25,full_List_10,pass,$${overridespreadsheet},full_List_10,223,phonetic categorization,2AFC,6i7z8o,4,response,till,,299.35999999998603,283.3399999999674,299.35999999998603,299.35999999998603,283.3399999999674,299.35999999998603,0,0,0,,Keyboard Response,Keyboard Response,1,object-119,phonetic categorization,dill,dill_55.wav,,,till,dill,,,,,55,,9,,,,234,,test,,T6,,,d-right,,
1608,1784153694503,15/07/2026 22:14:54,1784153694503,-7,15/07/2026 15:14:54,269901,13,task-pkec,repeat-7r7d#1,57237405,,16361732,,complete,,,computer,Desktop or Laptop,Mac OS 10.15,Firefox 150.0,1470x956,1470x810,,,0,Phonetic categorization,25,full_List_10,pass,$${overridespreadsheet},full_List_10,223,phonetic categorization,1.2 second pause,dp6plq,5,timedOut,,,1203.0200000000186,1200,1203.0200000000186,1203.0200000000186,1200,1203.0200000000186,1,0,0,,Time Limit,screen,0,screen,phonetic categorization,dill,dill_55.wav,,,till,dill,,,,,55,,9,,,,234,,test,,T6,,,d-right,,
1609,1784153695003,15/07/2026 22:14:55,1784153695003,-7,15/07/2026 15:14:55,269901,13,task-pkec,repeat-7r7d#1,57237405,,16361732,,complete,,,computer,Desktop or Laptop,Mac OS 10.15,Firefox 150.0,1470x956,1470x810,,,0,Phonetic categorization,25,full_List_10,pass,$${overridespreadsheet},full_List_10,224,phonetic categorization,fixation,99n54d,1,response,,,500,500,500,500,500,500,1,0,0,,Time Limit,screen,0,screen,phonetic categorization,din,din_25.wav,,,tin,din,,,,,25,,9,,,,234,,test,,T6,,,d-right,,
1610,1784153695504,15/07/2026 22:14:55,1784153695504,-7,15/07/2026 15:14:55,269901,13,task-pkec,repeat-7r7d#1,57237405,,16361732,,complete,,,computer,Desktop or Laptop,Mac OS 10.15,Firefox 150.0,1470x956,1470x810,,,0,Phonetic categorization,25,full_List_10,pass,$${overridespreadsheet},full_List_10,224,phonetic categorization,show option,yef3xk,2,response,,,500,500,500,500,500,500,1,0,0,,Time Limit,screen,0,screen,phonetic categorization,din,din_25.wav,,,tin,din,,,,,25,,9,,,,234,,test,,T6,,,d-right,,
1611,1784153695505,15/07/2026 22:14:55,1784153695505,-7,15/07/2026 15:14:55,269901,13,task-pkec,repeat-7r7d#1,57237405,,16361732,,complete,,,computer,Desktop or Laptop,Mac OS 10.15,Firefox 150.0,1470x956,1470x810,,,0,Phonetic categorization,25,full_List_10,pass,$${overridespreadsheet},full_List_10,224,phonetic categorization,soundplay,x8jhtp,3,info,audio started,,6.0200000000186265,0,6.0200000000186265,6.0200000000186265,0,6.0200000000186265,0,0,0,,Audio Clip,Audio,1,object-207,phonetic categorization,din,din_25.wav,,,tin,din,,,,,25,,9,,,,234,,test,,T6,,,d-right,,
1612,1784153695849,15/07/2026 22:14:55,1784153695849,-7,15/07/2026 15:14:55,269901,13,task-pkec,repeat-7r7d#1,57237405,,16361732,,complete,,,computer,Desktop or Laptop,Mac OS 10.15,Firefox 150.0,1470x956,1470x810,,,0,Phonetic categorization,25,full_List_10,pass,$${overridespreadsheet},full_List_10,224,phonetic categorization,soundplay,x8jhtp,3,info,audio finished,,350.0199999999022,333.3399999999674,350.0199999999022,350.0199999999022,333.3399999999674,350.0199999999022,0,0,0,,Audio Clip,Audio,1,object-207,phonetic categorization,din,din_25.wav,,,tin,din,,,,,25,,9,,,,234,,test,,T6,,,d-right,,
1613,1784153695849,15/07/2026 22:14:55,1784153695849,-7,15/07/2026 15:14:55,269901,13,task-pkec,repeat-7r7d#1,57237405,,16361732,,complete,,,computer,Desktop or Laptop,Mac OS 10.15,Firefox 150.0,1470x956,1470x810,,,0,Phonetic categorization,25,full_List_10,pass,$${overridespreadsheet},full_List_10,224,phonetic categorization,soundplay,x8jhtp,3,continue,,,350.0199999999022,333.3399999999674,350.0199999999022,350.0199999999022,333.3399999999674,350.0199999999022,1,0,0,,Audio Clip,Audio,1,object-207,phonetic categorization,din,din_25.wav,,,tin,din,,,,,25,,9,,,,234,,test,,T6,,,d-right,,
1614,1784153696224,15/07/2026 22:14:56,1784153696224,-7,15/07/2026 15:14:56,269901,13,task-pkec,repeat-7r7d#1,57237405,,16361732,,complete,,,computer,Desktop or Laptop,Mac OS 10.15,Firefox 150.0,1470x956,1470x810,,,0,Phonetic categorization,25,full_List_10,pass,$${overridespreadsheet},full_List_10,224,phonetic categorization,2AFC,6i7z8o,4,response,din,,390.6800000000512,383.3200000000652,390.6800000000512,390.6800000000512,383.3200000000652,390.6800000000512,1,0,0,,Keyboard Response,Keyboard Response,1,object-119,phonetic categorization,din,din_25.wav,,,tin,din,,,,,25,,9,,,,234,,test,,T6,,,d-right,,
1615,1784153697419,15/07/2026 22:14:57,1784153697419,-7,15/07/2026 15:14:57,269901,13,task-pkec,repeat-7r7d#1,57237405,,16361732,,complete,,,computer,Desktop or Laptop,Mac OS 10.15,Firefox 150.0,1470x956,1470x810,,,0,Phonetic categorization,25,full_List_10,pass,$${overridespreadsheet},full_List_10,224,phonetic categorization,1.2 second pause,dp6plq,5,timedOut,,,1202.359999999986,1200,1202.359999999986,1202.359999999986,1200,1202.359999999986,1,0,0,,Time Limit,screen,0,screen,phonetic categorization,din,din_25.wav,,,tin,din,,,,,25,,9,,,,234,,test,,T6,,,d-right,,
1616,1784153697917,15/07/2026 22:14:57,1784153697917,-7,15/07/2026 15:14:57,269901,13,task-pkec,repeat-7r7d#1,57237405,,16361732,,complete,,,computer,Desktop or Laptop,Mac OS 10.15,Firefox 150.0,1470x956,1470x810,,,0,Phonetic categorization,25,full_List_10,pass,$${overridespreadsheet},full_List_10,225,phonetic categorization,fixation,99n54d,1,response,,,500,500,500,500,500,500,1,0,0,,Time Limit,screen,0,screen,phonetic categorization,dip,dip_35.wav,,,tip,dip,,,,,35,,9,,,,234,,test,,T6,,,d-right,,
1617,1784153698419,15/07/2026 22:14:58,1784153698419,-7,15/07/2026 15:14:58,269901,13,task-pkec,repeat-7r7d#1,57237405,,16361732,,complete,,,computer,Desktop or Laptop,Mac OS 10.15,Firefox 150.0,1470x956,1470x810,,,0,Phonetic categorization,25,full_List_10,pass,$${overridespreadsheet},full_List_10,225,phonetic categorization,show option,yef3xk,2,response,,,500,500,500,500,500,500,1,0,0,,Time Limit,screen,0,screen,phonetic categorization,dip,dip_35.wav,,,tip,dip,,,,,35,,9,,,,234,,test,,T6,,,d-right,,
1618,1784153698426,15/07/2026 22:14:58,1784153698426,-7,15/07/2026 15:14:58,269901,13,task-pkec,repeat-7r7d#1,57237405,,16361732,,complete,,,computer,Desktop or Laptop,Mac OS 10.15,Firefox 150.0,1470x956,1470x810,,,0,Phonetic categorization,25,full_List_10,pass,$${overridespreadsheet},full_List_10,225,phonetic categorization,soundplay,x8jhtp,3,info,audio started,,9.35999999998603,0,9.35999999998603,9.35999999998603,0,9.35999999998603,0,0,0,,Audio Clip,Audio,1,object-207,phonetic categorization,dip,dip_35.wav,,,tip,dip,,,,,35,,9,,,,234,,test,,T6,,,d-right,,
1619,1784153698848,15/07/2026 22:14:58,1784153698848,-7,15/07/2026 15:14:58,269901,13,task-pkec,repeat-7r7d#1,57237405,,16361732,,complete,,,computer,Desktop or Laptop,Mac OS 10.15,Firefox 150.0,1470x956,1470x810,,,0,Phonetic categorization,25,full_List_10,pass,$${overridespreadsheet},full_List_10,225,phonetic categorization,soundplay,x8jhtp,3,info,audio finished,,431.35999999998603,416.6799999999348,431.35999999998603,431.35999999998603,416.6799999999348,431.35999999998603,0,0,0,,Audio Clip,Audio,1,object-207,phonetic categorization,dip,dip_35.wav,,,tip,dip,,,,,35,,9,,,,234,,test,,T6,,,d-right,,
1620,1784153698848,15/07/2026 22:14:58,1784153698848,-7,15/07/2026 15:14:58,269901,13,task-pkec,repeat-7r7d#1,57237405,,16361732,,complete,,,computer,Desktop or Laptop,Mac OS 10.15,Firefox 150.0,1470x956,1470x810,,,0,Phonetic categorization,25,full_List_10,pass,$${overridespreadsheet},full_List_10,225,phonetic categorization,soundplay,x8jhtp,3,continue,,,433.3599999998696,416.6799999999348,433.3599999998696,433.3599999998696,416.6799999999348,433.3599999998696,1,0,0,,Audio Clip,Audio,1,object-207,phonetic categorization,dip,dip_35.wav,,,tip,dip,,,,,35,,9,,,,234,,test,,T6,,,d-right,,
1621,1784153699420,15/07/2026 22:14:59,1784153699420,-7,15/07/2026 15:14:59,269901,13,task-pkec,repeat-7r7d#1,57237405,,16361732,,complete,,,computer,Desktop or Laptop,Mac OS 10.15,Firefox 150.0,1470x956,1470x810,,,0,Phonetic categorization,25,full_List_10,pass,$${overridespreadsheet},full_List_10,225,phonetic categorization,2AFC,6i7z8o,4,response,dip,,586.6800000000512,583.3200000000652,586.6800000000512,586.6800000000512,583.3200000000652,586.6800000000512,1,0,0,,Keyboard Response,Keyboard Response,1,object-119,phonetic categorization,dip,dip_35.wav,,,tip,dip,,,,,35,,9,,,,234,,test,,T6,,,d-right,,
1622,1784153700618,15/07/2026 22:15:00,1784153700618,-7,15/07/2026 15:15:00,269901,13,task-pkec,repeat-7r7d#1,57237405,,16361732,,complete,,,computer,Desktop or Laptop,Mac OS 10.15,Firefox 150.0,1470x956,1470x810,,,0,Phonetic categorization,25,full_List_10,pass,$${overridespreadsheet},full_List_10,225,phonetic categorization,1.2 second pause,dp6plq,5,timedOut,,,1202.359999999986,1200,1202.359999999986,1202.359999999986,1200,1202.359999999986,1,0,0,,Time Limit,screen,0,screen,phonetic categorization,dip,dip_35.wav,,,tip,dip,,,,,35,,9,,,,234,,test,,T6,,,d-right,,
1623,1784153701118,15/07/2026 22:15:01,1784153701118,-7,15/07/2026 15:15:01,269901,13,task-pkec,repeat-7r7d#1,57237405,,16361732,,complete,,,computer,Desktop or Laptop,Mac OS 10.15,Firefox 150.0,1470x956,1470x810,,,0,Phonetic categorization,25,full_List_10,pass,$${overridespreadsheet},full_List_10,226,phonetic categorization,fixation,99n54d,1,response,,,500,500,500,500,500,500,1,0,0,,Time Limit,screen,0,screen,phonetic categorization,dip,dip_70.wav,,,tip,dip,,,,,70,,9,,,,234,,test,,T6,,,d-right,,
1624,1784153701619,15/07/2026 22:15:01,1784153701619,-7,15/07/2026 15:15:01,269901,13,task-pkec,repeat-7r7d#1,57237405,,16361732,,complete,,,computer,Desktop or Laptop,Mac OS 10.15,Firefox 150.0,1470x956,1470x810,,,0,Phonetic categorization,25,full_List_10,pass,$${overridespreadsheet},full_List_10,226,phonetic categorization,show option,yef3xk,2,response,,,500,500,500,500,500,500,1,0,0,,Time Limit,screen,0,screen,phonetic categorization,dip,dip_70.wav,,,tip,dip,,,,,70,,9,,,,234,,test,,T6,,,d-right,,
1625,1784153701622,15/07/2026 22:15:01,1784153701622,-7,15/07/2026 15:15:01,269901,13,task-pkec,repeat-7r7d#1,57237405,,16361732,,complete,,,computer,Desktop or Laptop,Mac OS 10.15,Firefox 150.0,1470x956,1470x810,,,0,Phonetic categorization,25,full_List_10,pass,$${overridespreadsheet},full_List_10,226,phonetic categorization,soundplay,x8jhtp,3,info,audio started,,6.35999999998603,0,6.35999999998603,6.35999999998603,0,6.35999999998603,0,0,0,,Audio Clip,Audio,1,object-207,phonetic categorization,dip,dip_70.wav,,,tip,dip,,,,,70,,9,,,,234,,test,,T6,,,d-right,,
1626,1784153702063,15/07/2026 22:15:02,1784153702063,-7,15/07/2026 15:15:02,269901,13,task-pkec,repeat-7r7d#1,57237405,,16361732,,complete,,,computer,Desktop or Laptop,Mac OS 10.15,Firefox 150.0,1470x956,1470x810,,,0,Phonetic categorization,25,full_List_10,pass,$${overridespreadsheet},full_List_10,226,phonetic categorization,soundplay,x8jhtp,3,info,audio finished,,447.35999999998603,433.3399999999674,447.35999999998603,447.35999999998603,433.3399999999674,447.35999999998603,0,0,0,,Audio Clip,Audio,1,object-207,phonetic categorization,dip,dip_70.wav,,,tip,dip,,,,,70,,9,,,,234,,test,,T6,,,d-right,,
1627,1784153702064,15/07/2026 22:15:02,1784153702064,-7,15/07/2026 15:15:02,269901,13,task-pkec,repeat-7r7d#1,57237405,,16361732,,complete,,,computer,Desktop or Laptop,Mac OS 10.15,Firefox 150.0,1470x956,1470x810,,,0,Phonetic categorization,25,full_List_10,pass,$${overridespreadsheet},full_List_10,226,phonetic categorization,soundplay,x8jhtp,3,continue,,,448.35999999998603,433.3399999999674,448.35999999998603,448.35999999998603,433.3399999999674,448.35999999998603,1,0,0,,Audio Clip,Audio,1,object-207,phonetic categorization,dip,dip_70.wav,,,tip,dip,,,,,70,,9,,,,234,,test,,T6,,,d-right,,
1628,1784153702231,15/07/2026 22:15:02,1784153702231,-7,15/07/2026 15:15:02,269901,13,task-pkec,repeat-7r7d#1,57237405,,16361732,,complete,,,computer,Desktop or Laptop,Mac OS 10.15,Firefox 150.0,1470x956,1470x810,,,0,Phonetic categorization,25,full_List_10,pass,$${overridespreadsheet},full_List_10,226,phonetic categorization,2AFC,6i7z8o,4,response,tip,,181.02000000001863,166.6600000000326,181.02000000001863,181.02000000001863,166.6600000000326,181.02000000001863,0,0,0,,Keyboard Response,Keyboard Response,1,object-119,phonetic categorization,dip,dip_70.wav,,,tip,dip,,,,,70,,9,,,,234,,test,,T6,,,d-right,,
1629,1784153703419,15/07/2026 22:15:03,1784153703419,-7,15/07/2026 15:15:03,269901,13,task-pkec,repeat-7r7d#1,57237405,,16361732,,complete,,,computer,Desktop or Laptop,Mac OS 10.15,Firefox 150.0,1470x956,1470x810,,,0,Phonetic categorization,25,full_List_10,pass,$${overridespreadsheet},full_List_10,226,phonetic categorization,1.2 second pause,dp6plq,5,timedOut,,,1203.359999999986,1200,1203.359999999986,1203.359999999986,1200,1203.359999999986,1,0,0,,Time Limit,screen,0,screen,phonetic categorization,dip,dip_70.wav,,,tip,dip,,,,,70,,9,,,,234,,test,,T6,,,d-right,,
1630,1784153703920,15/07/2026 22:15:03,1784153703920,-7,15/07/2026 15:15:03,269901,13,task-pkec,repeat-7r7d#1,57237405,,16361732,,complete,,,computer,Desktop or Laptop,Mac OS 10.15,Firefox 150.0,1470x956,1470x810,,,0,Phonetic categorization,25,full_List_10,pass,$${overridespreadsheet},full_List_10,227,phonetic categorization,fixation,99n54d,1,response,,,500,500,500,500,500,500,1,0,0,,Time Limit,screen,0,screen,phonetic categorization,dip,dip_15.wav,,,tip,dip,,,,,15,,9,,,,234,,test,,T6,,,d-right,,
1631,1784153704418,15/07/2026 22:15:04,1784153704418,-7,15/07/2026 15:15:04,269901,13,task-pkec,repeat-7r7d#1,57237405,,16361732,,complete,,,computer,Desktop or Laptop,Mac OS 10.15,Firefox 150.0,1470x956,1470x810,,,0,Phonetic categorization,25,full_List_10,pass,$${overridespreadsheet},full_List_10,227,phonetic categorization,show option,yef3xk,2,response,,,500,500,500,500,500,500,1,0,0,,Time Limit,screen,0,screen,phonetic categorization,dip,dip_15.wav,,,tip,dip,,,,,15,,9,,,,234,,test,,T6,,,d-right,,
1632,1784153704423,15/07/2026 22:15:04,1784153704423,-7,15/07/2026 15:15:04,269901,13,task-pkec,repeat-7r7d#1,57237405,,16361732,,complete,,,computer,Desktop or Laptop,Mac OS 10.15,Firefox 150.0,1470x956,1470x810,,,0,Phonetic categorization,25,full_List_10,pass,$${overridespreadsheet},full_List_10,227,phonetic categorization,soundplay,x8jhtp,3,info,audio started,,7.35999999998603,0,7.35999999998603,7.35999999998603,0,7.35999999998603,0,0,0,,Audio Clip,Audio,1,object-207,phonetic categorization,dip,dip_15.wav,,,tip,dip,,,,,15,,9,,,,234,,test,,T6,,,d-right,,
1633,1784153704831,15/07/2026 22:15:04,1784153704831,-7,15/07/2026 15:15:04,269901,13,task-pkec,repeat-7r7d#1,57237405,,16361732,,complete,,,computer,Desktop or Laptop,Mac OS 10.15,Firefox 150.0,1470x956,1470x810,,,0,Phonetic categorization,25,full_List_10,pass,$${overridespreadsheet},full_List_10,227,phonetic categorization,soundplay,x8jhtp,3,info,audio finished,,414.35999999998603,399.61999999999534,414.35999999998603,414.35999999998603,399.61999999999534,414.35999999998603,0,0,0,,Audio Clip,Audio,1,object-207,phonetic categorization,dip,dip_15.wav,,,tip,dip,,,,,15,,9,,,,234,,test,,T6,,,d-right,,
1634,1784153704832,15/07/2026 22:15:04,1784153704832,-7,15/07/2026 15:15:04,269901,13,task-pkec,repeat-7r7d#1,57237405,,16361732,,complete,,,computer,Desktop or Laptop,Mac OS 10.15,Firefox 150.0,1470x956,1470x810,,,0,Phonetic categorization,25,full_List_10,pass,$${overridespreadsheet},full_List_10,227,phonetic categorization,soundplay,x8jhtp,3,continue,,,415.35999999998603,399.61999999999534,415.35999999998603,415.35999999998603,399.61999999999534,415.35999999998603,1,0,0,,Audio Clip,Audio,1,object-207,phonetic categorization,dip,dip_15.wav,,,tip,dip,,,,,15,,9,,,,234,,test,,T6,,,d-right,,
1635,1784153705158,15/07/2026 22:15:05,1784153705158,-7,15/07/2026 15:15:05,269901,13,task-pkec,repeat-7r7d#1,57237405,,16361732,,complete,,,computer,Desktop or Laptop,Mac OS 10.15,Firefox 150.0,1470x956,1470x810,,,0,Phonetic categorization,25,full_List_10,pass,$${overridespreadsheet},full_List_10,227,phonetic categorization,2AFC,6i7z8o,4,response,dip,,341.7399999999907,333.71999999997206,341.7399999999907,341.7399999999907,333.71999999997206,341.7399999999907,1,0,0,,Keyboard Response,Keyboard Response,1,object-119,phonetic categorization,dip,dip_15.wav,,,tip,dip,,,,,15,,9,,,,234,,test,,T6,,,d-right,,
1636,1784153706351,15/07/2026 22:15:06,1784153706351,-7,15/07/2026 15:15:06,269901,13,task-pkec,repeat-7r7d#1,57237405,,16361732,,complete,,,computer,Desktop or Laptop,Mac OS 10.15,Firefox 150.0,1470x956,1470x810,,,0,Phonetic categorization,25,full_List_10,pass,$${overridespreadsheet},full_List_10,227,phonetic categorization,1.2 second pause,dp6plq,5,timedOut,,,1202.0200000000186,1200,1202.0200000000186,1202.0200000000186,1200,1202.0200000000186,1,0,0,,Time Limit,screen,0,screen,phonetic categorization,dip,dip_15.wav,,,tip,dip,,,,,15,,9,,,,234,,test,,T6,,,d-right,,
1637,1784153706852,15/07/2026 22:15:06,1784153706852,-7,15/07/2026 15:15:06,269901,13,task-pkec,repeat-7r7d#1,57237405,,16361732,,complete,,,computer,Desktop or Laptop,Mac OS 10.15,Firefox 150.0,1470x956,1470x810,,,0,Phonetic categorization,25,full_List_10,pass,$${overridespreadsheet},full_List_10,228,phonetic categorization,fixation,99n54d,1,response,,,500,500,500,500,500,500,1,0,0,,Time Limit,screen,0,screen,phonetic categorization,dill,dill_30.wav,,,till,dill,,,,,30,,9,,,,234,,test,,T6,,,d-right,,
1638,1784153707352,15/07/2026 22:15:07,1784153707352,-7,15/07/2026 15:15:07,269901,13,task-pkec,repeat-7r7d#1,57237405,,16361732,,complete,,,computer,Desktop or Laptop,Mac OS 10.15,Firefox 150.0,1470x956,1470x810,,,0,Phonetic categorization,25,full_List_10,pass,$${overridespreadsheet},full_List_10,228,phonetic categorization,show option,yef3xk,2,response,,,500,500,500,500,500,500,1,0,0,,Time Limit,screen,0,screen,phonetic categorization,dill,dill_30.wav,,,till,dill,,,,,30,,9,,,,234,,test,,T6,,,d-right,,
1639,1784153707358,15/07/2026 22:15:07,1784153707358,-7,15/07/2026 15:15:07,269901,13,task-pkec,repeat-7r7d#1,57237405,,16361732,,complete,,,computer,Desktop or Laptop,Mac OS 10.15,Firefox 150.0,1470x956,1470x810,,,0,Phonetic categorization,25,full_List_10,pass,$${overridespreadsheet},full_List_10,228,phonetic categorization,soundplay,x8jhtp,3,info,audio started,,10.020000000018626,0,10.020000000018626,10.020000000018626,0,10.020000000018626,0,0,0,,Audio Clip,Audio,1,object-207,phonetic categorization,dill,dill_30.wav,,,till,dill,,,,,30,,9,,,,234,,test,,T6,,,d-right,,
1640,1784153707719,15/07/2026 22:15:07,1784153707719,-7,15/07/2026 15:15:07,269901,13,task-pkec,repeat-7r7d#1,57237405,,16361732,,complete,,,computer,Desktop or Laptop,Mac OS 10.15,Firefox 150.0,1470x956,1470x810,,,0,Phonetic categorization,25,full_List_10,pass,$${overridespreadsheet},full_List_10,228,phonetic categorization,soundplay,x8jhtp,3,info,audio finished,,370.0200000000186,366.6600000000326,370.0200000000186,370.0200000000186,366.6600000000326,370.0200000000186,0,0,0,,Audio Clip,Audio,1,object-207,phonetic categorization,dill,dill_30.wav,,,till,dill,,,,,30,,9,,,,234,,test,,T6,,,d-right,,
1641,1784153707720,15/07/2026 22:15:07,1784153707720,-7,15/07/2026 15:15:07,269901,13,task-pkec,repeat-7r7d#1,57237405,,16361732,,complete,,,computer,Desktop or Laptop,Mac OS 10.15,Firefox 150.0,1470x956,1470x810,,,0,Phonetic categorization,25,full_List_10,pass,$${overridespreadsheet},full_List_10,228,phonetic categorization,soundplay,x8jhtp,3,continue,,,371.0200000000186,366.6600000000326,371.0200000000186,371.0200000000186,366.6600000000326,371.0200000000186,1,0,0,,Audio Clip,Audio,1,object-207,phonetic categorization,dill,dill_30.wav,,,till,dill,,,,,30,,9,,,,234,,test,,T6,,,d-right,,
1642,1784153708298,15/07/2026 22:15:08,1784153708298,-7,15/07/2026 15:15:08,269901,13,task-pkec,repeat-7r7d#1,57237405,,16361732,,complete,,,computer,Desktop or Laptop,Mac OS 10.15,Firefox 150.0,1470x956,1470x810,,,0,Phonetic categorization,25,full_List_10,pass,$${overridespreadsheet},full_List_10,228,phonetic categorization,2AFC,6i7z8o,4,response,dill,,581.359999999986,566.2999999999302,581.359999999986,581.359999999986,566.2999999999302,581.359999999986,1,0,0,,Keyboard Response,Keyboard Response,1,object-119,phonetic categorization,dill,dill_30.wav,,,till,dill,,,,,30,,9,,,,234,,test,,T6,,,d-right,,
1643,1784153709486,15/07/2026 22:15:09,1784153709486,-7,15/07/2026 15:15:09,269901,13,task-pkec,repeat-7r7d#1,57237405,,16361732,,complete,,,computer,Desktop or Laptop,Mac OS 10.15,Firefox 150.0,1470x956,1470x810,,,0,Phonetic categorization,25,full_List_10,pass,$${overridespreadsheet},full_List_10,228,phonetic categorization,1.2 second pause,dp6plq,5,timedOut,,,1204.0600000000559,1200.3800000000047,1204.0600000000559,1204.0600000000559,1200.3800000000047,1204.0600000000559,1,0,0,,Time Limit,screen,0,screen,phonetic categorization,dill,dill_30.wav,,,till,dill,,,,,30,,9,,,,234,,test,,T6,,,d-right,,
1644,1784153709984,15/07/2026 22:15:09,1784153709984,-7,15/07/2026 15:15:09,269901,13,task-pkec,repeat-7r7d#1,57237405,,16361732,,complete,,,computer,Desktop or Laptop,Mac OS 10.15,Firefox 150.0,1470x956,1470x810,,,0,Phonetic categorization,25,full_List_10,pass,$${overridespreadsheet},full_List_10,229,phonetic categorization,fixation,99n54d,1,response,,,500,500,500,500,500,500,1,0,0,,Time Limit,screen,0,screen,phonetic categorization,din,din_50.wav,,,tin,din,,,,,50,,9,,,,234,,test,,T6,,,d-right,,
1645,1784153710486,15/07/2026 22:15:10,1784153710486,-7,15/07/2026 15:15:10,269901,13,task-pkec,repeat-7r7d#1,57237405,,16361732,,complete,,,computer,Desktop or Laptop,Mac OS 10.15,Firefox 150.0,1470x956,1470x810,,,0,Phonetic categorization,25,full_List_10,pass,$${overridespreadsheet},full_List_10,229,phonetic categorization,show option,yef3xk,2,response,,,500,500,500,500,500,500,1,0,0,,Time Limit,screen,0,screen,phonetic categorization,din,din_50.wav,,,tin,din,,,,,50,,9,,,,234,,test,,T6,,,d-right,,
1646,1784153710493,15/07/2026 22:15:10,1784153710493,-7,15/07/2026 15:15:10,269901,13,task-pkec,repeat-7r7d#1,57237405,,16361732,,complete,,,computer,Desktop or Laptop,Mac OS 10.15,Firefox 150.0,1470x956,1470x810,,,0,Phonetic categorization,25,full_List_10,pass,$${overridespreadsheet},full_List_10,229,phonetic categorization,soundplay,x8jhtp,3,info,audio started,,10.680000000051223,0,10.680000000051223,10.680000000051223,0,10.680000000051223,0,0,0,,Audio Clip,Audio,1,object-207,phonetic categorization,din,din_50.wav,,,tin,din,,,,,50,,9,,,,234,,test,,T6,,,d-right,,
1647,1784153710855,15/07/2026 22:15:10,1784153710855,-7,15/07/2026 15:15:10,269901,13,task-pkec,repeat-7r7d#1,57237405,,16361732,,complete,,,computer,Desktop or Laptop,Mac OS 10.15,Firefox 150.0,1470x956,1470x810,,,0,Phonetic categorization,25,full_List_10,pass,$${overridespreadsheet},full_List_10,229,phonetic categorization,soundplay,x8jhtp,3,info,audio finished,,372.6800000000512,366.6600000000326,372.6800000000512,372.6800000000512,366.6600000000326,372.6800000000512,0,0,0,,Audio Clip,Audio,1,object-207,phonetic categorization,din,din_50.wav,,,tin,din,,,,,50,,9,,,,234,,test,,T6,,,d-right,,
1648,1784153710859,15/07/2026 22:15:10,1784153710859,-7,15/07/2026 15:15:10,269901,13,task-pkec,repeat-7r7d#1,57237405,,16361732,,complete,,,computer,Desktop or Laptop,Mac OS 10.15,Firefox 150.0,1470x956,1470x810,,,0,Phonetic categorization,25,full_List_10,pass,$${overridespreadsheet},full_List_10,229,phonetic categorization,soundplay,x8jhtp,3,continue,,,376.6800000000512,366.6600000000326,376.6800000000512,376.6800000000512,366.6600000000326,376.6800000000512,1,0,0,,Audio Clip,Audio,1,object-207,phonetic categorization,din,din_50.wav,,,tin,din,,,,,50,,9,,,,234,,test,,T6,,,d-right,,
1649,1784153711233,15/07/2026 22:15:11,1784153711233,-7,15/07/2026 15:15:11,269901,13,task-pkec,repeat-7r7d#1,57237405,,16361732,,complete,,,computer,Desktop or Laptop,Mac OS 10.15,Firefox 150.0,1470x956,1470x810,,,0,Phonetic categorization,25,full_List_10,pass,$${overridespreadsheet},full_List_10,229,phonetic categorization,2AFC,6i7z8o,4,response,tin,,383.0200000000186,366.6600000000326,383.0200000000186,383.0200000000186,366.6600000000326,383.0200000000186,0,0,0,,Keyboard Response,Keyboard Response,1,object-119,phonetic categorization,din,din_50.wav,,,tin,din,,,,,50,,9,,,,234,,test,,T6,,,d-right,,
1650,1784153712419,15/07/2026 22:15:12,1784153712419,-7,15/07/2026 15:15:12,269901,13,task-pkec,repeat-7r7d#1,57237405,,16361732,,complete,,,computer,Desktop or Laptop,Mac OS 10.15,Firefox 150.0,1470x956,1470x810,,,0,Phonetic categorization,25,full_List_10,pass,$${overridespreadsheet},full_List_10,229,phonetic categorization,1.2 second pause,dp6plq,5,timedOut,,,1203.359999999986,1200,1203.359999999986,1203.359999999986,1200,1203.359999999986,1,0,0,,Time Limit,screen,0,screen,phonetic categorization,din,din_50.wav,,,tin,din,,,,,50,,9,,,,234,,test,,T6,,,d-right,,
1651,1784153712920,15/07/2026 22:15:12,1784153712920,-7,15/07/2026 15:15:12,269901,13,task-pkec,repeat-7r7d#1,57237405,,16361732,,complete,,,computer,Desktop or Laptop,Mac OS 10.15,Firefox 150.0,1470x956,1470x810,,,0,Phonetic categorization,25,full_List_10,pass,$${overridespreadsheet},full_List_10,230,phonetic categorization,fixation,99n54d,1,response,,,500,500,500,500,500,500,1,0,0,,Time Limit,screen,0,screen,phonetic categorization,dill,dill_40.wav,,,till,dill,,,,,40,,9,,,,234,,test,,T6,,,d-right,,
1652,1784153713419,15/07/2026 22:15:13,1784153713419,-7,15/07/2026 15:15:13,269901,13,task-pkec,repeat-7r7d#1,57237405,,16361732,,complete,,,computer,Desktop or Laptop,Mac OS 10.15,Firefox 150.0,1470x956,1470x810,,,0,Phonetic categorization,25,full_List_10,pass,$${overridespreadsheet},full_List_10,230,phonetic categorization,show option,yef3xk,2,response,,,500,500,500,500,500,500,1,0,0,,Time Limit,screen,0,screen,phonetic categorization,dill,dill_40.wav,,,till,dill,,,,,40,,9,,,,234,,test,,T6,,,d-right,,
1653,1784153713426,15/07/2026 22:15:13,1784153713426,-7,15/07/2026 15:15:13,269901,13,task-pkec,repeat-7r7d#1,57237405,,16361732,,complete,,,computer,Desktop or Laptop,Mac OS 10.15,Firefox 150.0,1470x956,1470x810,,,0,Phonetic categorization,25,full_List_10,pass,$${overridespreadsheet},full_List_10,230,phonetic categorization,soundplay,x8jhtp,3,info,audio started,,10.35999999998603,0,10.35999999998603,10.35999999998603,0,10.35999999998603,0,0,0,,Audio Clip,Audio,1,object-207,phonetic categorization,dill,dill_40.wav,,,till,dill,,,,,40,,9,,,,234,,test,,T6,,,d-right,,
1654,1784153713794,15/07/2026 22:15:13,1784153713794,-7,15/07/2026 15:15:13,269901,13,task-pkec,repeat-7r7d#1,57237405,,16361732,,complete,,,computer,Desktop or Laptop,Mac OS 10.15,Firefox 150.0,1470x956,1470x810,,,0,Phonetic categorization,25,full_List_10,pass,$${overridespreadsheet},full_List_10,230,phonetic categorization,soundplay,x8jhtp,3,info,audio finished,,379.35999999998603,366.6799999999348,379.35999999998603,379.35999999998603,366.6799999999348,379.35999999998603,0,0,0,,Audio Clip,Audio,1,object-207,phonetic categorization,dill,dill_40.wav,,,till,dill,,,,,40,,9,,,,234,,test,,T6,,,d-right,,
1655,1784153713795,15/07/2026 22:15:13,1784153713795,-7,15/07/2026 15:15:13,269901,13,task-pkec,repeat-7r7d#1,57237405,,16361732,,complete,,,computer,Desktop or Laptop,Mac OS 10.15,Firefox 150.0,1470x956,1470x810,,,0,Phonetic categorization,25,full_List_10,pass,$${overridespreadsheet},full_List_10,230,phonetic categorization,soundplay,x8jhtp,3,continue,,,380.35999999998603,366.6799999999348,380.35999999998603,380.35999999998603,366.6799999999348,380.35999999998603,1,0,0,,Audio Clip,Audio,1,object-207,phonetic categorization,dill,dill_40.wav,,,till,dill,,,,,40,,9,,,,234,,test,,T6,,,d-right,,
1656,1784153714678,15/07/2026 22:15:14,1784153714678,-7,15/07/2026 15:15:14,269901,13,task-pkec,repeat-7r7d#1,57237405,,16361732,,complete,,,computer,Desktop or Laptop,Mac OS 10.15,Firefox 150.0,1470x956,1470x810,,,0,Phonetic categorization,25,full_List_10,pass,$${overridespreadsheet},full_List_10,230,phonetic categorization,2AFC,6i7z8o,4,response,till,,893.6800000000512,883.3200000000652,893.6800000000512,893.6800000000512,883.3200000000652,893.6800000000512,0,0,0,,Keyboard Response,Keyboard Response,1,object-119,phonetic categorization,dill,dill_40.wav,,,till,dill,,,,,40,,9,,,,234,,test,,T6,,,d-right,,
1657,1784153715869,15/07/2026 22:15:15,1784153715869,-7,15/07/2026 15:15:15,269901,13,task-pkec,repeat-7r7d#1,57237405,,16361732,,complete,,,computer,Desktop or Laptop,Mac OS 10.15,Firefox 150.0,1470x956,1470x810,,,0,Phonetic categorization,25,full_List_10,pass,$${overridespreadsheet},full_List_10,230,phonetic categorization,1.2 second pause,dp6plq,5,timedOut,,,1203.359999999986,1200,1203.359999999986,1203.359999999986,1200,1203.359999999986,1,0,0,,Time Limit,screen,0,screen,phonetic categorization,dill,dill_40.wav,,,till,dill,,,,,40,,9,,,,234,,test,,T6,,,d-right,,
1658,1784153716370,15/07/2026 22:15:16,1784153716370,-7,15/07/2026 15:15:16,269901,13,task-pkec,repeat-7r7d#1,57237405,,16361732,,complete,,,computer,Desktop or Laptop,Mac OS 10.15,Firefox 150.0,1470x956,1470x810,,,0,Phonetic categorization,25,full_List_10,pass,$${overridespreadsheet},full_List_10,231,phonetic categorization,fixation,99n54d,1,response,,,500,500,500,500,500,500,1,0,0,,Time Limit,screen,0,screen,phonetic categorization,din,din_5.wav,,,tin,din,,,,,5,,9,,,,234,,test,,T6,,,d-right,,
1659,1784153716868,15/07/2026 22:15:16,1784153716868,-7,15/07/2026 15:15:16,269901,13,task-pkec,repeat-7r7d#1,57237405,,16361732,,complete,,,computer,Desktop or Laptop,Mac OS 10.15,Firefox 150.0,1470x956,1470x810,,,0,Phonetic categorization,25,full_List_10,pass,$${overridespreadsheet},full_List_10,231,phonetic categorization,show option,yef3xk,2,response,,,500,500,500,500,500,500,1,0,0,,Time Limit,screen,0,screen,phonetic categorization,din,din_5.wav,,,tin,din,,,,,5,,9,,,,234,,test,,T6,,,d-right,,
1660,1784153716874,15/07/2026 22:15:16,1784153716874,-7,15/07/2026 15:15:16,269901,13,task-pkec,repeat-7r7d#1,57237405,,16361732,,complete,,,computer,Desktop or Laptop,Mac OS 10.15,Firefox 150.0,1470x956,1470x810,,,0,Phonetic categorization,25,full_List_10,pass,$${overridespreadsheet},full_List_10,231,phonetic categorization,soundplay,x8jhtp,3,info,audio started,,8.35999999998603,0,8.35999999998603,8.35999999998603,0,8.35999999998603,0,0,0,,Audio Clip,Audio,1,object-207,phonetic categorization,din,din_5.wav,,,tin,din,,,,,5,,9,,,,234,,test,,T6,,,d-right,,
1661,1784153717204,15/07/2026 22:15:17,1784153717204,-7,15/07/2026 15:15:17,269901,13,task-pkec,repeat-7r7d#1,57237405,,16361732,,complete,,,computer,Desktop or Laptop,Mac OS 10.15,Firefox 150.0,1470x956,1470x810,,,0,Phonetic categorization,25,full_List_10,pass,$${overridespreadsheet},full_List_10,231,phonetic categorization,soundplay,x8jhtp,3,info,audio finished,,338.35999999998603,333.3399999999674,338.35999999998603,338.35999999998603,333.3399999999674,338.35999999998603,0,0,0,,Audio Clip,Audio,1,object-207,phonetic categorization,din,din_5.wav,,,tin,din,,,,,5,,9,,,,234,,test,,T6,,,d-right,,
1662,1784153717204,15/07/2026 22:15:17,1784153717204,-7,15/07/2026 15:15:17,269901,13,task-pkec,repeat-7r7d#1,57237405,,16361732,,complete,,,computer,Desktop or Laptop,Mac OS 10.15,Firefox 150.0,1470x956,1470x810,,,0,Phonetic categorization,25,full_List_10,pass,$${overridespreadsheet},full_List_10,231,phonetic categorization,soundplay,x8jhtp,3,continue,,,338.35999999998603,333.3399999999674,338.35999999998603,338.35999999998603,333.3399999999674,338.35999999998603,1,0,0,,Audio Clip,Audio,1,object-207,phonetic categorization,din,din_5.wav,,,tin,din,,,,,5,,9,,,,234,,test,,T6,,,d-right,,
1663,1784153717957,15/07/2026 22:15:17,1784153717957,-7,15/07/2026 15:15:17,269901,13,task-pkec,repeat-7r7d#1,57237405,,16361732,,complete,,,computer,Desktop or Laptop,Mac OS 10.15,Firefox 150.0,1470x956,1470x810,,,0,Phonetic categorization,25,full_List_10,pass,$${overridespreadsheet},full_List_10,231,phonetic categorization,2AFC,6i7z8o,4,response,din,,758.0200000000186,750,758.0200000000186,758.0200000000186,750,758.0200000000186,1,0,0,,Keyboard Response,Keyboard Response,1,object-119,phonetic categorization,din,din_5.wav,,,tin,din,,,,,5,,9,,,,234,,test,,T6,,,d-right,,
1664,1784153719152,15/07/2026 22:15:19,1784153719152,-7,15/07/2026 15:15:19,269901,13,task-pkec,repeat-7r7d#1,57237405,,16361732,,complete,,,computer,Desktop or Laptop,Mac OS 10.15,Firefox 150.0,1470x956,1470x810,,,0,Phonetic categorization,25,full_List_10,pass,$${overridespreadsheet},full_List_10,231,phonetic categorization,1.2 second pause,dp6plq,5,timedOut,,,1203.0200000000186,1200,1203.0200000000186,1203.0200000000186,1200,1203.0200000000186,1,0,0,,Time Limit,screen,0,screen,phonetic categorization,din,din_5.wav,,,tin,din,,,,,5,,9,,,,234,,test,,T6,,,d-right,,
1665,1784153719653,15/07/2026 22:15:19,1784153719653,-7,15/07/2026 15:15:19,269901,13,task-pkec,repeat-7r7d#1,57237405,,16361732,,complete,,,computer,Desktop or Laptop,Mac OS 10.15,Firefox 150.0,1470x956,1470x810,,,0,Phonetic categorization,25,full_List_10,pass,$${overridespreadsheet},full_List_10,232,phonetic categorization,fixation,99n54d,1,response,,,500,500,500,500,500,500,1,0,0,,Time Limit,screen,0,screen,phonetic categorization,dip,dip_45.wav,,,tip,dip,,,,,45,,9,,,,234,,test,,T6,,,d-right,,
1666,1784153720152,15/07/2026 22:15:20,1784153720152,-7,15/07/2026 15:15:20,269901,13,task-pkec,repeat-7r7d#1,57237405,,16361732,,complete,,,computer,Desktop or Laptop,Mac OS 10.15,Firefox 150.0,1470x956,1470x810,,,0,Phonetic categorization,25,full_List_10,pass,$${overridespreadsheet},full_List_10,232,phonetic categorization,show option,yef3xk,2,response,,,500,500,500,500,500,500,1,0,0,,Time Limit,screen,0,screen,phonetic categorization,dip,dip_45.wav,,,tip,dip,,,,,45,,9,,,,234,,test,,T6,,,d-right,,
1667,1784153720158,15/07/2026 22:15:20,1784153720158,-7,15/07/2026 15:15:20,269901,13,task-pkec,repeat-7r7d#1,57237405,,16361732,,complete,,,computer,Desktop or Laptop,Mac OS 10.15,Firefox 150.0,1470x956,1470x810,,,0,Phonetic categorization,25,full_List_10,pass,$${overridespreadsheet},full_List_10,232,phonetic categorization,soundplay,x8jhtp,3,info,audio started,,9.020000000018626,0,9.020000000018626,9.020000000018626,0,9.020000000018626,0,0,0,,Audio Clip,Audio,1,object-207,phonetic categorization,dip,dip_45.wav,,,tip,dip,,,,,45,,9,,,,234,,test,,T6,,,d-right,,
1668,1784153720583,15/07/2026 22:15:20,1784153720583,-7,15/07/2026 15:15:20,269901,13,task-pkec,repeat-7r7d#1,57237405,,16361732,,complete,,,computer,Desktop or Laptop,Mac OS 10.15,Firefox 150.0,1470x956,1470x810,,,0,Phonetic categorization,25,full_List_10,pass,$${overridespreadsheet},full_List_10,232,phonetic categorization,soundplay,x8jhtp,3,info,audio finished,,434.0200000000186,433.21999999997206,434.0200000000186,434.0200000000186,433.21999999997206,434.0200000000186,0,0,0,,Audio Clip,Audio,1,object-207,phonetic categorization,dip,dip_45.wav,,,tip,dip,,,,,45,,9,,,,234,,test,,T6,,,d-right,,
1669,1784153720583,15/07/2026 22:15:20,1784153720583,-7,15/07/2026 15:15:20,269901,13,task-pkec,repeat-7r7d#1,57237405,,16361732,,complete,,,computer,Desktop or Laptop,Mac OS 10.15,Firefox 150.0,1470x956,1470x810,,,0,Phonetic categorization,25,full_List_10,pass,$${overridespreadsheet},full_List_10,232,phonetic categorization,soundplay,x8jhtp,3,continue,,,434.0200000000186,433.21999999997206,434.0200000000186,434.0200000000186,433.21999999997206,434.0200000000186,1,0,0,,Audio Clip,Audio,1,object-207,phonetic categorization,dip,dip_45.wav,,,tip,dip,,,,,45,,9,,,,234,,test,,T6,,,d-right,,
1670,1784153720932,15/07/2026 22:15:20,1784153720932,-7,15/07/2026 15:15:20,269901,13,task-pkec,repeat-7r7d#1,57237405,,16361732,,complete,,,computer,Desktop or Laptop,Mac OS 10.15,Firefox 150.0,1470x956,1470x810,,,0,Phonetic categorization,25,full_List_10,pass,$${overridespreadsheet},full_List_10,232,phonetic categorization,2AFC,6i7z8o,4,response,tip,,348.80000000004657,333.44000000006054,348.80000000004657,348.80000000004657,333.44000000006054,348.80000000004657,0,0,0,,Keyboard Response,Keyboard Response,1,object-119,phonetic categorization,dip,dip_45.wav,,,tip,dip,,,,,45,,9,,,,234,,test,,T6,,,d-right,,
1671,1784153722119,15/07/2026 22:15:22,1784153722119,-7,15/07/2026 15:15:22,269901,13,task-pkec,repeat-7r7d#1,57237405,,16361732,,complete,,,computer,Desktop or Laptop,Mac OS 10.15,Firefox 150.0,1470x956,1470x810,,,0,Phonetic categorization,25,full_List_10,pass,$${overridespreadsheet},full_List_10,232,phonetic categorization,1.2 second pause,dp6plq,5,timedOut,,,1202.359999999986,1200,1202.359999999986,1202.359999999986,1200,1202.359999999986,1,0,0,,Time Limit,screen,0,screen,phonetic categorization,dip,dip_45.wav,,,tip,dip,,,,,45,,9,,,,234,,test,,T6,,,d-right,,
1672,1784153722619,15/07/2026 22:15:22,1784153722619,-7,15/07/2026 15:15:22,269901,13,task-pkec,repeat-7r7d#1,57237405,,16361732,,complete,,,computer,Desktop or Laptop,Mac OS 10.15,Firefox 150.0,1470x956,1470x810,,,0,Phonetic categorization,25,full_List_10,pass,$${overridespreadsheet},full_List_10,233,phonetic categorization,fixation,99n54d,1,response,,,500,500,500,500,500,500,1,0,0,,Time Limit,screen,0,screen,phonetic categorization,dill,dill_65.wav,,,till,dill,,,,,65,,9,,,,234,,test,,T6,,,d-right,,
1673,1784153723118,15/07/2026 22:15:23,1784153723118,-7,15/07/2026 15:15:23,269901,13,task-pkec,repeat-7r7d#1,57237405,,16361732,,complete,,,computer,Desktop or Laptop,Mac OS 10.15,Firefox 150.0,1470x956,1470x810,,,0,Phonetic categorization,25,full_List_10,pass,$${overridespreadsheet},full_List_10,233,phonetic categorization,show option,yef3xk,2,response,,,500,500,500,500,500,500,1,0,0,,Time Limit,screen,0,screen,phonetic categorization,dill,dill_65.wav,,,till,dill,,,,,65,,9,,,,234,,test,,T6,,,d-right,,
1674,1784153723122,15/07/2026 22:15:23,1784153723122,-7,15/07/2026 15:15:23,269901,13,task-pkec,repeat-7r7d#1,57237405,,16361732,,complete,,,computer,Desktop or Laptop,Mac OS 10.15,Firefox 150.0,1470x956,1470x810,,,0,Phonetic categorization,25,full_List_10,pass,$${overridespreadsheet},full_List_10,233,phonetic categorization,soundplay,x8jhtp,3,info,audio started,,6.35999999998603,0,6.35999999998603,6.35999999998603,0,6.35999999998603,0,0,0,,Audio Clip,Audio,1,object-207,phonetic categorization,dill,dill_65.wav,,,till,dill,,,,,65,,9,,,,234,,test,,T6,,,d-right,,
1675,1784153723537,15/07/2026 22:15:23,1784153723537,-7,15/07/2026 15:15:23,269901,13,task-pkec,repeat-7r7d#1,57237405,,16361732,,complete,,,computer,Desktop or Laptop,Mac OS 10.15,Firefox 150.0,1470x956,1470x810,,,0,Phonetic categorization,25,full_List_10,pass,$${overridespreadsheet},full_List_10,233,phonetic categorization,soundplay,x8jhtp,3,info,audio finished,,421.35999999998603,416.6799999999348,421.35999999998603,421.35999999998603,416.6799999999348,421.35999999998603,0,0,0,,Audio Clip,Audio,1,object-207,phonetic categorization,dill,dill_65.wav,,,till,dill,,,,,65,,9,,,,234,,test,,T6,,,d-right,,
1676,1784153723538,15/07/2026 22:15:23,1784153723538,-7,15/07/2026 15:15:23,269901,13,task-pkec,repeat-7r7d#1,57237405,,16361732,,complete,,,computer,Desktop or Laptop,Mac OS 10.15,Firefox 150.0,1470x956,1470x810,,,0,Phonetic categorization,25,full_List_10,pass,$${overridespreadsheet},full_List_10,233,phonetic categorization,soundplay,x8jhtp,3,continue,,,421.35999999998603,416.6799999999348,421.35999999998603,421.35999999998603,416.6799999999348,421.35999999998603,1,0,0,,Audio Clip,Audio,1,object-207,phonetic categorization,dill,dill_65.wav,,,till,dill,,,,,65,,9,,,,234,,test,,T6,,,d-right,,
1677,1784153723924,15/07/2026 22:15:23,1784153723924,-7,15/07/2026 15:15:23,269901,13,task-pkec,repeat-7r7d#1,57237405,,16361732,,complete,,,computer,Desktop or Laptop,Mac OS 10.15,Firefox 150.0,1470x956,1470x810,,,0,Phonetic categorization,25,full_List_10,pass,$${overridespreadsheet},full_List_10,233,phonetic categorization,2AFC,6i7z8o,4,response,till,,390.6800000000512,383.3200000000652,390.6800000000512,390.6800000000512,383.3200000000652,390.6800000000512,0,0,0,,Keyboard Response,Keyboard Response,1,object-119,phonetic categorization,dill,dill_65.wav,,,till,dill,,,,,65,,9,,,,234,,test,,T6,,,d-right,,
1678,1784153725120,15/07/2026 22:15:25,1784153725120,-7,15/07/2026 15:15:25,269901,13,task-pkec,repeat-7r7d#1,57237405,,16361732,,complete,,,computer,Desktop or Laptop,Mac OS 10.15,Firefox 150.0,1470x956,1470x810,,,0,Phonetic categorization,25,full_List_10,pass,$${overridespreadsheet},full_List_10,233,phonetic categorization,1.2 second pause,dp6plq,5,timedOut,,,1203.359999999986,1200,1203.359999999986,1203.359999999986,1200,1203.359999999986,1,0,0,,Time Limit,screen,0,screen,phonetic categorization,dill,dill_65.wav,,,till,dill,,,,,65,,9,,,,234,,test,,T6,,,d-right,,
1679,1784153725620,15/07/2026 22:15:25,1784153725620,-7,15/07/2026 15:15:25,269901,13,task-pkec,repeat-7r7d#1,57237405,,16361732,,complete,,,computer,Desktop or Laptop,Mac OS 10.15,Firefox 150.0,1470x956,1470x810,,,0,Phonetic categorization,25,full_List_10,pass,$${overridespreadsheet},full_List_10,234,phonetic categorization,fixation,99n54d,1,response,,,500,500,500,500,500,500,1,0,0,,Time Limit,screen,0,screen,phonetic categorization,din,din_-5.wav,,,tin,din,,,,,-5,,9,,,,234,,test,,T6,,,d-right,,
1680,1784153726119,15/07/2026 22:15:26,1784153726119,-7,15/07/2026 15:15:26,269901,13,task-pkec,repeat-7r7d#1,57237405,,16361732,,complete,,,computer,Desktop or Laptop,Mac OS 10.15,Firefox 150.0,1470x956,1470x810,,,0,Phonetic categorization,25,full_List_10,pass,$${overridespreadsheet},full_List_10,234,phonetic categorization,show option,yef3xk,2,response,,,500,500,500,500,500,500,1,0,0,,Time Limit,screen,0,screen,phonetic categorization,din,din_-5.wav,,,tin,din,,,,,-5,,9,,,,234,,test,,T6,,,d-right,,
1681,1784153726120,15/07/2026 22:15:26,1784153726120,-7,15/07/2026 15:15:26,269901,13,task-pkec,repeat-7r7d#1,57237405,,16361732,,complete,,,computer,Desktop or Laptop,Mac OS 10.15,Firefox 150.0,1470x956,1470x810,,,0,Phonetic categorization,25,full_List_10,pass,$${overridespreadsheet},full_List_10,234,phonetic categorization,soundplay,x8jhtp,3,info,audio started,,4.35999999998603,0,4.35999999998603,4.35999999998603,0,4.35999999998603,0,0,0,,Audio Clip,Audio,1,object-207,phonetic categorization,din,din_-5.wav,,,tin,din,,,,,-5,,9,,,,234,,test,,T6,,,d-right,,
1682,1784153726450,15/07/2026 22:15:26,1784153726450,-7,15/07/2026 15:15:26,269901,13,task-pkec,repeat-7r7d#1,57237405,,16361732,,complete,,,computer,Desktop or Laptop,Mac OS 10.15,Firefox 150.0,1470x956,1470x810,,,0,Phonetic categorization,25,full_List_10,pass,$${overridespreadsheet},full_List_10,234,phonetic categorization,soundplay,x8jhtp,3,info,audio finished,,334.35999999998603,333.04000000003725,334.35999999998603,334.35999999998603,333.04000000003725,334.35999999998603,0,0,0,,Audio Clip,Audio,1,object-207,phonetic categorization,din,din_-5.wav,,,tin,din,,,,,-5,,9,,,,234,,test,,T6,,,d-right,,
1683,1784153726450,15/07/2026 22:15:26,1784153726450,-7,15/07/2026 15:15:26,269901,13,task-pkec,repeat-7r7d#1,57237405,,16361732,,complete,,,computer,Desktop or Laptop,Mac OS 10.15,Firefox 150.0,1470x956,1470x810,,,0,Phonetic categorization,25,full_List_10,pass,$${overridespreadsheet},full_List_10,234,phonetic categorization,soundplay,x8jhtp,3,continue,,,335.35999999998603,333.04000000003725,335.35999999998603,335.35999999998603,333.04000000003725,335.35999999998603,1,0,0,,Audio Clip,Audio,1,object-207,phonetic categorization,din,din_-5.wav,,,tin,din,,,,,-5,,9,,,,234,,test,,T6,,,d-right,,
1684,1784153726975,15/07/2026 22:15:26,1784153726975,-7,15/07/2026 15:15:26,269901,13,task-pkec,repeat-7r7d#1,57237405,,16361732,,complete,,,computer,Desktop or Laptop,Mac OS 10.15,Firefox 150.0,1470x956,1470x810,,,0,Phonetic categorization,25,full_List_10,pass,$${overridespreadsheet},full_List_10,234,phonetic categorization,2AFC,6i7z8o,4,response,din,,526.3199999999488,516.9599999999627,526.3199999999488,526.3199999999488,516.9599999999627,526.3199999999488,1,0,0,,Keyboard Response,Keyboard Response,1,object-119,phonetic categorization,din,din_-5.wav,,,tin,din,,,,,-5,,9,,,,234,,test,,T6,,,d-right,,
1685,1784153728168,15/07/2026 22:15:28,1784153728168,-7,15/07/2026 15:15:28,269901,13,task-pkec,repeat-7r7d#1,57237405,,16361732,,complete,,,computer,Desktop or Laptop,Mac OS 10.15,Firefox 150.0,1470x956,1470x810,,,0,Phonetic categorization,25,full_List_10,pass,$${overridespreadsheet},full_List_10,234,phonetic categorization,1.2 second pause,dp6plq,5,timedOut,,,1202.359999999986,1200,1202.359999999986,1202.359999999986,1200,1202.359999999986,1,0,0,,Time Limit,screen,0,screen,phonetic categorization,din,din_-5.wav,,,tin,din,,,,,-5,,9,,,,234,,test,,T6,,,d-right,,
1686,1784153730962,15/07/2026 22:15:30,1784153730962,-7,15/07/2026 15:15:30,269901,13,task-pkec,repeat-7r7d#1,57237405,,16361732,,complete,,,computer,Desktop or Laptop,Mac OS 10.15,Firefox 150.0,1470x956,1470x810,,,0,Phonetic categorization,25,full_List_10,pass,$${overridespreadsheet},full_List_10,1,final,Screen 1,lg65mm,1,continue,,,2796.359999999986,2783.3399999999674,2796.359999999986,2796.359999999986,2783.3399999999674,2796.359999999986,1,0,0,,Click To Continue,Continue Button,2,object-345,final,,,,,,,,,,,,,,,,,,,,,,,,,,
1687,1784153730965,15/07/2026 22:15:30,1784153730965,-7,15/07/2026 15:15:30,269901,13,task-pkec,repeat-7r7d#1,57237405,,16361732,,complete,,,computer,Desktop or Laptop,Mac OS 10.15,Firefox 150.0,1470x956,1470x810,,,0,Phonetic categorization,25,full_List_10,pass,$${overridespreadsheet},$${overridespreadsheet},,,,,,info,END,,,,930151,,,,0,,,,,,,,,,,,,,,,,,,,,,,,,,,,,,,,,,
END OF FILE
